<?xml version="1.0" encoding="UTF-8"?>
<kml xmlns="http://www.opengis.net/kml/2.2" xmlns:gx="http://www.google.com/kml/ext/2.2">
    <Document id="1">
        <Style id="22">
            <IconStyle id="23">
                <colorMode>normal</colorMode>
                <scale>1</scale>
                <heading>0</heading>
                <Icon id="24">
                    <href>red-pin-down.png</href>
                </Icon>
            </IconStyle>
        </Style>
        <Style id="27">
            <IconStyle id="28">
                <colorMode>normal</colorMode>
                <scale>1</scale>
                <heading>0</heading>
                <Icon id="29">
                    <href>red-pin-down.png</href>
                </Icon>
            </IconStyle>
        </Style>
        <Style id="32">
            <IconStyle id="33">
                <colorMode>normal</colorMode>
                <scale>1</scale>
                <heading>0</heading>
                <Icon id="34">
                    <href>red-pin-down.png</href>
                </Icon>
            </IconStyle>
        </Style>
        <Style id="37">
            <IconStyle id="38">
                <colorMode>normal</colorMode>
                <scale>1</scale>
                <heading>0</heading>
                <Icon id="39">
                    <href>red-pin-down.png</href>
                </Icon>
            </IconStyle>
        </Style>
        <Placemark id="3">
            <Style id="6">
                <LineStyle id="7">
                    <color>ff009DFF</color>
                    <colorMode>normal</colorMode>
                    <width>1</width>
                </LineStyle>
            </Style>
            <Style id="10">
                <LineStyle id="11">
                    <color>ff009DFF</color>
                    <colorMode>normal</colorMode>
                    <width>1</width>
                </LineStyle>
            </Style>
            <Style id="14">
                <LineStyle id="15">
                    <color>ff009DFF</color>
                    <colorMode>normal</colorMode>
                    <width>1</width>
                </LineStyle>
            </Style>
            <Style id="18">
                <LineStyle id="19">
                    <color>ff009DFF</color>
                    <colorMode>normal</colorMode>
                    <width>1</width>
                </LineStyle>
            </Style>
            <name>Matapi do Uaupes ate pirarara poço</name>
            <description/>
            <MultiGeometry id="2">
                <LineString id="4">
                    <extrude>0</extrude>
                    <altitudeMode>clampToGround</altitudeMode>
                    <coordinates>-68.189277,0.038118,71.1 -68.189303,0.038019,75.5 -68.189383,0.038003,74.8 -68.190717,0.037912,76.8 -68.191241,0.037914,77.6 -68.191395,0.037924,76.5 -68.191473,0.037965,76.7 -68.191542,0.037939,76.9 -68.191609,0.037932,78.7 -68.192578,0.037948,79.2 -68.192648,0.037932,79.7 -68.192755,0.03794,79.6 -68.192842,0.037915,79.4 -68.192904,0.037929,79.5 -68.193126,0.037935,79.2 -68.193397,0.037927,78.2 -68.193483,0.037907,78.4 -68.193562,0.037937,78.9 -68.193685,0.037947,79.7 -68.193863,0.037944,80.2 -68.194155,0.037967,78.5 -68.194894,0.037966,77.8 -68.195424,0.038015,78.7 -68.195719,0.038031,79.0 -68.19714,0.038076,78.0 -68.198471,0.038209,78.5 -68.198566,0.038194,78.1 -68.199287,0.038303,78.5 -68.200339,0.038414,77.7 -68.200931,0.038497,77.6 -68.201143,0.03851,78.3 -68.20122,0.038538,78.4 -68.201666,0.038598,77.5 -68.201882,0.038651,77.1 -68.202239,0.038762,76.8 -68.202597,0.038857,77.2 -68.203117,0.038954,76.7 -68.203348,0.03898,76.5 -68.203486,0.038983,76.5 -68.203704,0.039016,77.0 -68.204312,0.039076,77.1 -68.205566,0.039233,76.9 -68.20579,0.039256,76.9 -68.205948,0.039251,77.2 -68.206228,0.03931,77.1 -68.207425,0.039442,77.4 -68.208172,0.039503,77.0 -68.208402,0.0395,77.5 -68.208473,0.039513,77.6 -68.208916,0.039512,77.9 -68.209145,0.0395,78.2 -68.209277,0.039507,78.6 -68.209431,0.039473,78.5 -68.209569,0.039457,77.6 -68.209775,0.039461,78.9 -68.209955,0.039422,79.1 -68.210016,0.03942,79.6 -68.210107,0.039396,79.3 -68.21018,0.039391,79.8 -68.210383,0.039336,80.5 -68.21044,0.039345,80.6 -68.210522,0.039312,80.5 -68.210808,0.039234,79.2 -68.211287,0.039078,78.7 -68.211759,0.038888,78.8 -68.212096,0.038739,78.5 -68.212672,0.038421,80.0 -68.213318,0.038087,79.5 -68.21388,0.037744,79.3 -68.21464,0.037307,79.4 -68.21488,0.037143,80.1 -68.215508,0.03676,78.4 -68.216182,0.036296,78.6 -68.216588,0.035998,78.3 -68.216736,0.035915,78.5 -68.216837,0.035832,78.8 -68.21703,0.0357,78.7 -68.217249,0.035526,78.3 -68.218325,0.03477,78.5 -68.218369,0.034723,78.9 -68.218512,0.034645,79.4 -68.219172,0.03418,79.9 -68.219572,0.033864,78.7 -68.219934,0.033609,78.5 -68.220578,0.033122,77.9 -68.220759,0.033004,78.4 -68.221269,0.032564,78.4 -68.221078,0.032722,78.7 -68.221862,0.03202,77.4 -68.222186,0.031711,77.3 -68.222315,0.031614,78.0 -68.222575,0.031367,79.3 -68.222681,0.031292,79.4 -68.22289,0.031088,79.9 -68.223142,0.030897,80.6 -68.223311,0.030738,81.1 -68.22347,0.030617,81.5 -68.223531,0.030543,81.6 -68.22359,0.030504,81.6 -68.223638,0.030451,81.6 -68.223808,0.030315,81.4 -68.223906,0.030213,81.1 -68.223985,0.030169,81.1 -68.224007,0.030127,80.1 -68.224223,0.029908,80.1 -68.224317,0.029795,80.5 -68.224959,0.029258,77.7 -68.225562,0.028731,78.8 -68.225968,0.028403,77.6 -68.22612,0.028251,78.9 -68.226289,0.02811,79.3 -68.226743,0.027755,78.7 -68.227594,0.027048,80.1 -68.227896,0.026825,80.3 -68.228002,0.026731,80.4 -68.228292,0.026515,79.4 -68.22858,0.026259,80.2 -68.229106,0.025835,78.9 -68.230285,0.024925,80.0 -68.23073,0.024654,80.2 -68.231055,0.02448,79.9 -68.23187,0.024071,79.7 -68.232063,0.023952,80.1 -68.232375,0.023735,79.9 -68.23261,0.023547,80.9 -68.233042,0.023153,79.8 -68.233384,0.022764,80.2 -68.233767,0.022396,79.7 -68.233912,0.022236,80.5 -68.233975,0.022149,79.5 -68.234487,0.021645,81.1 -68.234513,0.021574,81.6 -68.234742,0.021377,80.7 -68.235282,0.020883,81.8 -68.235714,0.02048,81.3 -68.236292,0.019915,81.7 -68.236636,0.019621,80.2 -68.237586,0.018709,80.7 -68.238028,0.018305,80.7 -68.2381,0.018263,81.3 -68.238147,0.018207,80.6 -68.238895,0.017508,81.3 -68.239345,0.017108,81.7 -68.240295,0.016299,82.9 -68.240517,0.01609,82.8 -68.240779,0.01582,82.3 -68.24097,0.015585,83.1 -68.24104,0.015542,82.3 -68.241087,0.015473,83.2 -68.241262,0.015318,82.6 -68.243169,0.013269,78.8 -68.243213,0.013204,78.6 -68.243617,0.012766,78.2 -68.243937,0.01237,78.9 -68.243997,0.012317,79.3 -68.244036,0.012259,78.9 -68.244302,0.011986,79.9 -68.244553,0.011709,80.3 -68.244739,0.011485,79.8 -68.244803,0.011437,79.6 -68.244897,0.011323,80.0 -68.24516,0.011042,79.4 -68.245379,0.010825,79.3 -68.245693,0.010425,77.3 -68.246076,0.009884,76.3 -68.246444,0.009396,77.6 -68.246918,0.008819,77.7 -68.2474,0.008159,76.6 -68.248191,0.007148,77.7 -68.248694,0.006601,77.4 -68.249176,0.006139,76.5 -68.249581,0.005792,77.3 -68.249641,0.005752,76.9 -68.249997,0.005362,76.9 -68.250237,0.005067,77.8 -68.250304,0.00502,77.3 -68.250329,0.004955,77.1 -68.25041,0.004837,76.8 -68.250595,0.004591,77.3 -68.250975,0.004047,76.9 -68.251298,0.003629,77.4 -68.25156,0.003264,77.7 -68.251592,0.003196,77.1 -68.251685,0.003077,77.0 -68.251897,0.00277,77.5 -68.252435,0.001955,77.3 -68.252521,0.001834,77.0 -68.25259,0.001768,76.4 -68.252631,0.001692,77.0 -68.252841,0.001403,77.1 -68.253168,0.000901,76.3 -68.253578,0.000177,76.3 -68.25399,-0.000481,76.9 -68.254567,-0.001184,76.5 -68.255025,-0.001714,76.1 -68.25546,-0.002369,73.4 -68.25553,-0.002515,73.1 -68.25558,-0.002566,72.7 -68.255798,-0.002885,75.2 -68.256082,-0.00324,75.2 -68.256334,-0.003514,75.4 -68.256371,-0.003569,75.4 -68.256471,-0.00368,75.3 -68.256502,-0.003736,75.1 -68.256713,-0.003962,75.8 -68.256909,-0.004193,75.9 -68.256977,-0.004239,75.9 -68.257058,-0.004365,76.1 -68.257212,-0.004544,76.6 -68.257629,-0.005069,76.4 -68.257941,-0.005484,76.1 -68.258283,-0.005883,76.7 -68.258489,-0.006106,75.7 -68.258568,-0.006156,76.1 -68.258711,-0.006334,76.6 -68.258774,-0.00635,77.5 -68.258925,-0.006532,77.8 -68.25915,-0.006777,78.2 -68.259436,-0.007051,78.8 -68.259455,-0.007099,78.1 -68.259732,-0.007351,78.8 -68.259858,-0.00745,79.4 -68.260677,-0.008239,77.5 -68.260953,-0.008483,76.7 -68.261483,-0.008895,76.9 -68.261982,-0.009228,76.3 -68.262184,-0.009345,77.3 -68.262284,-0.009359,77.7 -68.262329,-0.009412,77.0 -68.262383,-0.009451,76.7 -68.262951,-0.009795,77.4 -68.263376,-0.010074,76.9 -68.263824,-0.010344,76.8 -68.265125,-0.011061,77.4 -68.266246,-0.011643,77.4 -68.26643,-0.011724,78.3 -68.26657,-0.011812,77.8 -68.266702,-0.011881,78.2 -68.266841,-0.011947,77.8 -68.267124,-0.012058,77.6 -68.267621,-0.012221,76.7 -68.268326,-0.012439,76.7 -68.268681,-0.012526,76.9 -68.268713,-0.012548,77.2 -68.268947,-0.01259,76.8 -68.269811,-0.012803,75.9 -68.270455,-0.01291,75.2 -68.270821,-0.012948,75.6 -68.271026,-0.013,76.5 -68.271609,-0.013073,78.0 -68.272481,-0.013225,77.8 -68.273185,-0.013376,78.4 -68.273225,-0.013369,77.6 -68.273671,-0.013421,77.7 -68.273967,-0.013433,77.3 -68.274183,-0.013431,77.8 -68.275195,-0.013505,78.3 -68.275554,-0.01351,78.2 -68.275607,-0.0135,78.4 -68.275686,-0.013505,78.3 -68.275764,-0.013489,79.2 -68.276054,-0.013518,79.1 -68.276905,-0.013553,79.3 -68.277186,-0.013555,79.3 -68.27805,-0.013515,78.6 -68.278116,-0.013484,79.4 -68.278185,-0.013488,78.9 -68.278971,-0.013407,79.3 -68.279468,-0.013332,79.4 -68.280183,-0.01319,81.1 -68.280336,-0.013144,81.4 -68.280471,-0.013137,82.4 -68.280539,-0.013106,81.9 -68.280678,-0.013068,81.5 -68.280964,-0.013007,80.9 -68.28132,-0.012945,80.1 -68.28198,-0.01285,81.1 -68.282565,-0.012796,80.5 -68.28267,-0.012803,80.1 -68.282816,-0.012785,80.5 -68.282896,-0.012804,80.2 -68.282958,-0.012756,80.5 -68.283025,-0.012737,80.1 -68.283659,-0.012611,81.0 -68.284235,-0.012476,80.3 -68.284599,-0.012407,79.9 -68.284968,-0.012362,79.4 -68.285054,-0.012372,79.7 -68.285215,-0.012359,80.2 -68.285279,-0.012342,79.3 -68.285576,-0.01233,79.1 -68.285875,-0.012291,80.7 -68.286247,-0.012274,81.7 -68.286388,-0.012241,80.8 -68.286693,-0.012239,81.5 -68.286989,-0.012252,81.0 -68.287445,-0.0122,81.4 -68.288195,-0.012154,79.9 -68.28864,-0.012101,80.2 -68.289904,-0.0119,81.5 -68.290025,-0.011936,80.1 -68.29008,-0.011897,81.1 -68.290357,-0.011874,81.0 -68.291553,-0.011853,80.5 -68.292371,-0.011859,79.3 -68.292469,-0.011829,79.4 -68.292537,-0.011852,78.6 -68.292683,-0.011863,78.8 -68.293064,-0.011868,79.2 -68.29351,-0.011848,79.6 -68.294107,-0.011805,80.0 -68.294554,-0.011762,80.4 -68.295012,-0.011701,81.1 -68.29538,-0.011664,80.5 -68.296428,-0.011653,80.0 -68.296727,-0.011662,81.5 -68.297259,-0.01171,80.2 -68.297633,-0.011716,79.9 -68.298006,-0.011707,79.7 -68.298301,-0.011682,79.8 -68.298383,-0.011666,79.9 -68.299407,-0.011643,78.6 -68.299849,-0.011604,78.7 -68.300508,-0.011508,77.6 -68.300938,-0.011435,77.6 -68.301516,-0.011371,77.7 -68.301659,-0.011361,77.3 -68.301789,-0.011371,76.5 -68.301848,-0.01133,77.2 -68.301904,-0.01131,78.4 -68.302073,-0.011329,76.9 -68.30237,-0.011308,77.0 -68.302807,-0.011257,75.8 -68.303021,-0.011218,76.5 -68.30364,-0.011054,76.9 -68.303986,-0.010933,78.5 -68.304049,-0.010928,78.4 -68.304199,-0.010868,78.7 -68.304616,-0.010738,79.3 -68.305045,-0.010639,79.9 -68.305333,-0.010588,79.9 -68.305911,-0.010509,77.9 -68.306428,-0.0104,78.6 -68.306488,-0.010375,78.7 -68.306629,-0.010344,78.3 -68.306767,-0.010301,78.4 -68.307667,-0.009999,79.2 -68.308602,-0.009787,79.3 -68.308957,-0.009687,79.6 -68.309235,-0.009596,80.0 -68.309714,-0.009422,79.5 -68.310053,-0.009284,79.5 -68.310264,-0.009214,80.0 -68.311193,-0.008974,79.2 -68.311729,-0.008779,79.5 -68.312055,-0.008648,79.8 -68.312571,-0.008417,79.4 -68.313325,-0.008025,78.0 -68.314376,-0.00757,77.0 -68.314502,-0.007523,76.5 -68.315268,-0.007164,77.8 -68.316138,-0.006704,77.2 -68.316688,-0.006392,77.1 -68.317476,-0.005925,76.8 -68.318321,-0.005407,76.7 -68.319039,-0.004949,76.6 -68.319384,-0.004696,77.1 -68.319847,-0.004377,77.1 -68.321326,-0.003384,77.0 -68.322763,-0.002478,75.9 -68.323754,-0.001901,76.6 -68.324382,-0.001554,76.9 -68.325214,-0.00112,76.8 -68.32692,-0.000335,77.6 -68.328087,0.000177,78.3 -68.328595,0.000419,78.1 -68.32922,0.000746,77.7 -68.329838,0.001108,78.0 -68.330224,0.001303,77.9 -68.330741,0.001539,76.5 -68.331497,0.001921,76.8 -68.332214,0.002216,79.0 -68.332682,0.002374,79.6 -68.333013,0.002499,79.8 -68.333405,0.002673,80.3 -68.333727,0.002829,79.5 -68.334971,0.003348,79.9 -68.336414,0.003934,79.3 -68.338447,0.004841,78.3 -68.339227,0.005211,79.0 -68.339899,0.005443,78.7 -68.340583,0.005636,79.5 -68.340988,0.005761,79.9 -68.341666,0.005994,79.9 -68.342751,0.006398,79.0 -68.343351,0.006651,79.1 -68.344005,0.00696,78.4 -68.346669,0.007927,80.2 -68.349037,0.008876,80.5 -68.352198,0.010216,80.0 -68.353317,0.010816,79.3 -68.354236,0.011356,79.4 -68.354875,0.011646,78.5 -68.35531,0.011865,77.8 -68.356234,0.012375,79.5 -68.356749,0.012621,79.6 -68.357372,0.012944,80.6 -68.357556,0.013056,81.1 -68.357772,0.013205,80.0 -68.357988,0.013383,79.4 -68.358441,0.013698,78.6 -68.358949,0.014079,79.4 -68.360142,0.015065,81.1 -68.36032,0.015197,81.9 -68.36091,0.015569,81.0 -68.36122,0.015746,80.8 -68.361623,0.016018,80.9 -68.36184,0.016188,80.8 -68.362469,0.016723,80.1 -68.363012,0.017143,79.0 -68.363368,0.017395,81.4 -68.364543,0.018128,81.5 -68.364725,0.018223,81.3 -68.365564,0.018707,82.4 -68.366374,0.019149,81.3 -68.366686,0.019304,81.0 -68.367215,0.019519,81.1 -68.367482,0.019614,80.9 -68.367749,0.019692,80.7 -68.36838,0.019827,79.9 -68.368856,0.019956,79.4 -68.3694,0.020134,79.8 -68.369863,0.020313,80.1 -68.370253,0.020484,79.5 -68.370947,0.020828,79.7 -68.371147,0.020911,79.6 -68.371409,0.021001,79.5 -68.371614,0.021058,79.7 -68.371817,0.021107,79.9 -68.372169,0.021175,80.1 -68.372805,0.021267,81.0 -68.373238,0.021307,81.3 -68.373739,0.021335,81.2 -68.374246,0.021338,81.8 -68.374672,0.021373,81.4 -68.375395,0.021476,81.1 -68.375752,0.021562,80.8 -68.376024,0.021641,80.5 -68.377389,0.022098,79.7 -68.377932,0.022264,79.8 -68.379182,0.022588,78.6 -68.379603,0.022688,76.6 -68.380508,0.022939,77.0 -68.381289,0.023133,77.3 -68.382064,0.023367,78.0 -68.383262,0.023701,80.3 -68.383826,0.02384,79.4 -68.384379,0.024001,80.5 -68.384799,0.024102,80.6 -68.385825,0.024383,79.9 -68.386436,0.024585,80.2 -68.386854,0.024684,79.9 -68.38819,0.024927,78.7 -68.388611,0.025025,79.0 -68.389155,0.025197,79.3 -68.389701,0.025407,81.0 -68.390097,0.025613,81.7 -68.390214,0.025687,81.6 -68.390533,0.025847,81.3 -68.390657,0.025934,81.9 -68.390779,0.026004,81.9 -68.390833,0.02605,82.1 -68.390903,0.026082,82.2 -68.391034,0.026158,82.4 -68.391096,0.026205,81.8 -68.391242,0.026282,82.2 -68.392012,0.026809,80.5 -68.393094,0.027589,79.8 -68.393508,0.027915,79.7 -68.394636,0.028845,80.9 -68.395017,0.02908,81.3 -68.396093,0.029581,80.4 -68.396723,0.029924,80.3 -68.397514,0.030412,79.7 -68.397762,0.030582,78.7 -68.397995,0.03072,78.8 -68.39845,0.030929,79.2 -68.398931,0.0311,80.5 -68.399526,0.031353,80.8 -68.400467,0.031832,79.6 -68.401171,0.032138,79.7 -68.403409,0.033353,80.7 -68.404162,0.033719,80.4 -68.405112,0.034131,80.3 -68.406234,0.034603,79.9 -68.40701,0.034889,80.0 -68.407723,0.035115,80.1 -68.408965,0.035455,79.6 -68.409481,0.035631,79.2 -68.410179,0.035901,80.1 -68.410833,0.036138,80.2 -68.411899,0.036463,80.1 -68.412498,0.036614,80.3 -68.41263,0.036658,80.5 -68.413026,0.036751,79.6 -68.413164,0.036796,78.6 -68.413217,0.036833,78.5 -68.413282,0.036863,79.8 -68.413357,0.036881,80.4 -68.413442,0.036872,79.5 -68.413596,0.036915,80.8 -68.413642,0.036911,80.1 -68.413773,0.036954,80.2 -68.413845,0.036963,79.0 -68.414033,0.037016,79.5 -68.414179,0.037065,81.6 -68.41438,0.037106,82.5 -68.414602,0.037181,84.6 -68.414934,0.037242,84.6 -68.415017,0.037267,84.4 -68.415216,0.037293,83.8 -68.416101,0.037453,82.0 -68.416721,0.037619,81.1 -68.417401,0.037832,80.5 -68.417532,0.037884,80.5 -68.417589,0.037917,80.6 -68.418587,0.038301,80.1 -68.418872,0.038371,80.4 -68.419935,0.038575,80.7 -68.420916,0.038737,79.9 -68.421347,0.038798,80.4 -68.42192,0.03886,80.0 -68.422417,0.038952,79.7 -68.423112,0.039125,80.5 -68.425686,0.039836,80.0 -68.426699,0.040163,80.4 -68.427452,0.040364,80.1 -68.428769,0.040766,80.0 -68.429248,0.040934,80.2 -68.430078,0.041147,79.7 -68.431502,0.041459,80.5 -68.432988,0.041729,78.7 -68.433819,0.04194,79.9 -68.434523,0.042066,79.3 -68.435203,0.042231,80.4 -68.435763,0.042347,80.1 -68.436395,0.042438,80.4 -68.436615,0.042486,80.5 -68.437519,0.042646,80.0 -68.43786,0.042738,80.6 -68.438256,0.042882,80.8 -68.438724,0.04302,80.6 -68.439214,0.043134,80.4 -68.439976,0.043282,81.3 -68.440379,0.043395,81.0 -68.440795,0.04353,82.0 -68.441189,0.043638,81.6 -68.441949,0.043793,80.5 -68.442612,0.043883,80.9 -68.443374,0.043955,80.6 -68.443847,0.04403,80.6 -68.444332,0.044132,81.0 -68.444966,0.044292,80.3 -68.445439,0.044369,80.3 -68.446302,0.044562,80.7 -68.446691,0.044667,80.6 -68.447027,0.044724,80.8 -68.447296,0.044743,80.0 -68.447853,0.044748,80.1 -68.448658,0.044805,80.3 -68.449348,0.044904,80.2 -68.449961,0.045022,80.1 -68.450427,0.045089,80.2 -68.451915,0.045404,80.2 -68.452729,0.045629,80.9 -68.453203,0.045784,80.8 -68.453645,0.045995,80.8 -68.453896,0.046097,80.4 -68.454219,0.046197,79.8 -68.454424,0.04625,79.9 -68.454682,0.046337,80.3 -68.455325,0.046611,80.7 -68.45571,0.046805,80.4 -68.456319,0.047155,80.9 -68.457013,0.047463,81.2 -68.457266,0.047557,81.9 -68.457923,0.047833,80.7 -68.458519,0.048065,80.9 -68.459633,0.048465,80.4 -68.460773,0.048809,80.3 -68.461493,0.049038,80.7 -68.462038,0.049187,80.8 -68.464118,0.049684,81.0 -68.464936,0.049842,81.2 -68.465495,0.049936,81.6 -68.46609,0.050019,81.5 -68.466893,0.050121,80.8 -68.467624,0.050192,80.4 -68.468113,0.050292,81.6 -68.468667,0.050432,81.1 -68.46959,0.050621,81.9 -68.470539,0.050789,81.4 -68.471125,0.050871,81.0 -68.471472,0.05093,81.2 -68.472645,0.051074,79.9 -68.473008,0.051144,79.4 -68.473234,0.0512,80.1 -68.474123,0.051494,80.6 -68.474413,0.051579,81.0 -68.474961,0.051718,81.4 -68.47526,0.051781,81.4 -68.475866,0.051868,80.6 -68.476239,0.051932,80.9 -68.477262,0.05205,80.2 -68.477623,0.052139,80.8 -68.478194,0.052316,80.9 -68.478641,0.052486,80.9 -68.47992,0.052925,80.2 -68.480428,0.053028,79.5 -68.480879,0.053107,80.2 -68.481748,0.05331,80.7 -68.482325,0.053465,81.2 -68.483037,0.053684,81.3 -68.484247,0.054153,81.5 -68.484636,0.054328,81.8 -68.485959,0.055018,80.7 -68.486573,0.055382,81.9 -68.487134,0.055746,82.0 -68.487694,0.056129,81.3 -68.488104,0.056423,80.4 -68.488838,0.057001,81.2 -68.489455,0.057525,81.5 -68.49007,0.058072,80.5 -68.490486,0.058474,80.1 -68.490579,0.058578,80.5 -68.490793,0.058779,80.3 -68.49151,0.059501,80.6 -68.492273,0.060162,80.0 -68.493325,0.06114,81.0 -68.494167,0.062054,80.4 -68.494269,0.062153,80.3 -68.494616,0.062431,80.4 -68.495371,0.06299,80.7 -68.495442,0.063031,79.9 -68.495963,0.063422,80.6 -68.497061,0.064275,80.7 -68.49749,0.064653,80.4 -68.498832,0.065918,79.2 -68.499051,0.066106,80.2 -68.499469,0.066526,80.8 -68.499843,0.066871,80.7 -68.500177,0.067158,79.4 -68.500686,0.067564,80.0 -68.500923,0.067771,79.8 -68.501179,0.068046,80.7 -68.501615,0.068463,81.4 -68.501721,0.068553,81.4 -68.502336,0.068993,79.2 -68.502698,0.06928,78.6 -68.503199,0.069713,78.2 -68.503778,0.070282,77.6 -68.504149,0.070604,77.2 -68.504499,0.070864,75.5 -68.504687,0.070991,75.4 -68.504798,0.071086,76.3 -68.504917,0.071158,74.9 -68.505099,0.071292,74.1 -68.505258,0.07144,75.7 -68.505485,0.071624,75.2 -68.505973,0.072064,75.8 -68.506332,0.072321,73.6 -68.506457,0.072386,74.0 -68.506768,0.072574,76.3 -68.506968,0.072677,74.9 -68.507462,0.07297,74.2 -68.507591,0.073065,74.5 -68.508099,0.073373,73.2 -68.508159,0.073429,74.8 -68.508334,0.073546,73.0 -68.508985,0.07404,74.4 -68.509044,0.074074,74.9 -68.509224,0.074235,76.1 -68.509507,0.074458,74.4 -68.509549,0.074504,76.0 -68.509909,0.07478,75.5 -68.510274,0.075077,75.6 -68.510609,0.07537,74.4 -68.51073,0.075459,74.0 -68.511025,0.075638,73.8 -68.511477,0.075872,75.1 -68.511609,0.075957,75.5 -68.511924,0.076128,75.8 -68.512065,0.076219,77.2 -68.51225,0.076317,75.6 -68.512442,0.076445,75.6 -68.512587,0.076527,75.6 -68.512821,0.076686,75.3 -68.512868,0.076707,75.1 -68.513115,0.076898,75.3 -68.513241,0.076979,75.5 -68.513281,0.077031,76.5 -68.513346,0.077079,77.1 -68.51379,0.077372,77.1 -68.514645,0.077993,75.3 -68.514977,0.078197,73.3 -68.515043,0.078221,74.0 -68.515315,0.07838,75.2 -68.515507,0.07848,74.8 -68.515579,0.078505,75.9 -68.515709,0.07859,76.2 -68.515809,0.078667,75.0 -68.515944,0.078748,73.9 -68.516055,0.07884,74.8 -68.516204,0.078933,75.0 -68.516376,0.079094,75.5 -68.516552,0.079238,78.0 -68.517229,0.079739,79.6 -68.517468,0.079899,80.8 -68.51778,0.080145,80.7 -68.517896,0.080208,79.3 -68.518012,0.080319,79.9 -68.518208,0.08046,80.8 -68.518336,0.080544,79.6 -68.518862,0.080848,78.9 -68.519299,0.081142,79.2 -68.519526,0.081324,79.0 -68.519692,0.081467,78.2 -68.519848,0.081619,78.4 -68.520149,0.081943,77.6 -68.520329,0.082172,77.3 -68.520535,0.082475,77.8 -68.520759,0.08285,77.5 -68.520967,0.08324,77.4 -68.521159,0.083555,77.3 -68.521608,0.084231,77.0 -68.521799,0.084543,78.2 -68.52215,0.085164,78.1 -68.522517,0.085861,79.2 -68.522749,0.086215,78.4 -68.523057,0.086595,79.0 -68.523247,0.086802,78.8 -68.523505,0.087129,78.3 -68.524522,0.088459,77.4 -68.524675,0.088692,78.3 -68.524724,0.088744,78.1 -68.52508,0.089262,78.1 -68.525299,0.089534,78.6 -68.525495,0.089735,78.9 -68.525811,0.090015,79.1 -68.526264,0.090441,80.7 -68.526299,0.090494,81.1 -68.526363,0.090541,80.6 -68.526702,0.090885,80.0 -68.528064,0.092317,81.1 -68.529159,0.093309,82.0 -68.529665,0.093793,81.7 -68.530659,0.09471,81.9 -68.530999,0.094941,79.7 -68.531311,0.095099,79.5 -68.531702,0.095249,82.3 -68.532046,0.095314,82.2 -68.532612,0.095351,82.0 -68.533332,0.095371,80.2 -68.533696,0.09535,80.6 -68.534096,0.09528,80.0 -68.534316,0.095223,81.1 -68.534418,0.095186,82.6 -68.534581,0.095079,82.6 -68.534726,0.095002,83.7 -68.534791,0.094949,82.8 -68.535106,0.094748,82.4 -68.53517,0.094693,82.3 -68.535235,0.094595,81.1 -68.535296,0.094551,83.2 -68.535463,0.094371,83.8 -68.535888,0.093867,83.0 -68.536025,0.093682,82.0 -68.536232,0.093372,81.3 -68.536306,0.093242,81.4 -68.536368,0.093102,82.1 -68.536549,0.09259,81.6 -68.536712,0.091993,79.8 -68.53699,0.091197,81.3 -68.537122,0.090762,80.3 -68.537176,0.09046,79.2 -68.537214,0.090166,80.9 -68.537238,0.089803,79.0 -68.537241,0.089583,79.2 -68.537272,0.089426,80.4 -68.537339,0.088271,80.8 -68.537341,0.088046,81.5 -68.53733,0.087816,81.7 -68.537278,0.087365,81.7 -68.537181,0.086846,82.4 -68.53707,0.086172,82.1 -68.536841,0.085055,80.3 -68.536646,0.084237,81.3 -68.536585,0.083869,81.2 -68.536533,0.083421,81.5 -68.536471,0.083056,80.5 -68.536358,0.082613,81.2 -68.536266,0.082328,80.5 -68.536181,0.08211,81.0 -68.536094,0.081659,80.6 -68.536055,0.081362,80.5 -68.536044,0.081153,79.6 -68.535994,0.080647,79.1 -68.535945,0.080346,78.5 -68.535872,0.080044,78.4 -68.535786,0.079742,78.8 -68.535686,0.079456,78.9 -68.53549,0.078704,79.7 -68.535391,0.078167,80.3 -68.535339,0.077724,80.0 -68.535298,0.077187,80.7 -68.535177,0.076266,80.1 -68.535161,0.075903,78.8 -68.535183,0.075525,79.0 -68.535218,0.075211,79.3 -68.535253,0.074754,78.9 -68.535321,0.074138,79.5 -68.535366,0.073825,78.9 -68.535475,0.073287,78.9 -68.535586,0.072919,79.3 -68.535669,0.072698,78.2 -68.535611,0.072662,79.1 -68.535644,0.072437,79.0 -68.535664,0.072367,79.0 -68.535813,0.072061,79.1 -68.535913,0.071916,79.2 -68.536066,0.071726,78.8 -68.536271,0.071379,79.8 -68.536363,0.071252,79.6 -68.536514,0.070972,80.1 -68.536536,0.070903,79.4 -68.536728,0.070571,79.2 -68.536831,0.070356,79.7 -68.536957,0.070169,79.6 -68.537012,0.070107,79.8 -68.537186,0.069764,80.8 -68.537228,0.069701,80.7 -68.537471,0.069415,79.4 -68.53822,0.068639,78.9 -68.53834,0.068536,79.7 -68.538497,0.068377,79.4 -68.538565,0.068324,80.0 -68.538618,0.068262,79.8 -68.538731,0.068168,80.3 -68.538792,0.068135,81.1 -68.538852,0.068086,81.5 -68.5391,0.067943,81.9 -68.539227,0.067885,82.4 -68.539364,0.067801,82.8 -68.539756,0.06759,83.0 -68.539824,0.067578,82.7 -68.54011,0.067455,82.7 -68.540187,0.067442,82.5 -68.54048,0.067339,82.1 -68.540623,0.067254,82.8 -68.540761,0.067197,82.6 -68.540815,0.067201,81.6 -68.540885,0.067176,82.3 -68.540952,0.067129,82.4 -68.541632,0.066872,81.8 -68.5422,0.066695,82.3 -68.542778,0.066551,81.0 -68.542855,0.066518,82.2 -68.542944,0.066537,81.4 -68.543086,0.066498,82.1 -68.543227,0.066474,82.7 -68.543971,0.066422,81.3 -68.544422,0.066412,81.6 -68.545398,0.066324,78.7 -68.545634,0.066341,81.1 -68.545693,0.066336,80.7 -68.546082,0.066376,80.4 -68.546765,0.066398,79.8 -68.54707,0.066428,80.1 -68.547218,0.066455,80.1 -68.547962,0.066631,81.1 -68.548719,0.066765,81.7 -68.549238,0.066879,82.0 -68.549528,0.066962,82.5 -68.550089,0.067187,81.1 -68.550301,0.067256,81.0 -68.550444,0.067314,81.6 -68.550887,0.067458,81.4 -68.551297,0.067646,81.6 -68.551629,0.067825,79.7 -68.552191,0.068066,80.0 -68.552906,0.068456,79.3 -68.553423,0.06877,79.1 -68.55382,0.068985,79.1 -68.554344,0.06925,76.6 -68.555187,0.069751,77.0 -68.555667,0.069961,73.8 -68.556075,0.070154,75.4 -68.556667,0.070491,76.7 -68.557057,0.070728,80.6 -68.557867,0.071067,78.6 -68.558272,0.071254,78.8 -68.558472,0.071359,79.6 -68.558942,0.071574,78.6 -68.559048,0.071634,79.2 -68.55947,0.071823,79.6 -68.559599,0.071871,78.1 -68.56104,0.07259,76.9 -68.561171,0.072643,76.0 -68.561257,0.07266,76.7 -68.561314,0.072698,77.5 -68.561447,0.072734,77.6 -68.561593,0.072791,78.3 -68.561787,0.072844,77.1 -68.562564,0.073097,78.9 -68.563341,0.073298,81.3 -68.563978,0.0734,80.7 -68.5642,0.073447,80.3 -68.564625,0.073586,79.6 -68.564968,0.073681,78.6 -68.565406,0.073786,78.7 -68.565983,0.073972,82.8 -68.566209,0.074036,84.4 -68.566273,0.074067,84.9 -68.566392,0.074094,78.9 -68.566619,0.074165,80.9 -68.567056,0.074262,80.3 -68.567121,0.074297,81.5 -68.567258,0.074336,81.8 -68.567489,0.074382,82.0 -68.56763,0.074429,82.0 -68.56802,0.074499,82.3 -68.568218,0.074557,82.4 -68.569473,0.074739,81.1 -68.569691,0.074754,80.5 -68.56999,0.074739,80.5 -68.570578,0.07467,80.7 -68.570945,0.074581,79.8 -68.571526,0.074396,81.1 -68.571725,0.074311,79.6 -68.571913,0.07419,80.2 -68.572025,0.0741,80.0 -68.572134,0.073994,81.4 -68.572256,0.073817,80.4 -68.572316,0.073688,80.9 -68.572355,0.073554,81.1 -68.572387,0.073518,79.2 -68.572403,0.073464,80.7 -68.572405,0.073369,80.7 -68.572361,0.073069,81.0 -68.572291,0.07287,80.2 -68.57216,0.072614,80.2 -68.571986,0.072386,79.9 -68.571434,0.071807,81.0 -68.570816,0.071178,80.8 -68.570342,0.070725,79.7 -68.569744,0.070175,80.0 -68.569547,0.069956,80.5 -68.56928,0.069598,80.5 -68.568953,0.069188,81.0 -68.568422,0.06856,80.7 -68.567713,0.067783,81.0 -68.567135,0.067195,80.5 -68.566752,0.066829,80.0 -68.564912,0.064801,79.5 -68.56444,0.064259,79.6 -68.564294,0.064074,79.2 -68.564069,0.063746,79.8 -68.563838,0.063345,80.1 -68.563699,0.063075,80.0 -68.563558,0.062739,79.7 -68.563489,0.062526,79.9 -68.563417,0.062242,79.4 -68.563356,0.061882,80.4 -68.563339,0.061585,80.6 -68.563346,0.061291,79.7 -68.563386,0.060909,76.1 -68.563497,0.060464,74.4 -68.563573,0.060247,73.8 -68.563631,0.060107,73.6 -68.563767,0.059832,73.8 -68.564022,0.059458,75.1 -68.564375,0.059057,78.0 -68.564715,0.058749,78.9 -68.565017,0.058514,81.9 -68.565207,0.058387,82.3 -68.565472,0.05824,82.4 -68.565941,0.058028,82.2 -68.567368,0.057314,80.9 -68.567707,0.057175,80.7 -68.569075,0.056767,80.7 -68.569504,0.056619,81.9 -68.570355,0.056371,81.4 -68.570661,0.056325,80.6 -68.57088,0.05632,80.2 -68.571101,0.056341,80.0 -68.57131,0.056386,79.4 -68.57145,0.056427,79.6 -68.571922,0.056627,80.1 -68.572523,0.056914,79.8 -68.573203,0.057197,79.9 -68.573736,0.057448,80.4 -68.574202,0.057681,80.7 -68.574851,0.058036,80.7 -68.575042,0.058128,80.4 -68.575318,0.058238,80.5 -68.5758,0.0584,80.7 -68.576147,0.058531,80.6 -68.577651,0.059184,79.9 -68.578148,0.059343,79.9 -68.578947,0.059503,79.6 -68.579619,0.059615,80.4 -68.580142,0.05969,79.9 -68.580735,0.059807,80.4 -68.581546,0.059944,79.4 -68.581844,0.05997,79.5 -68.582218,0.059955,79.8 -68.582516,0.059906,80.2 -68.582658,0.059871,80.6 -68.582867,0.059802,80.9 -68.58315,0.059685,81.5 -68.584797,0.058895,83.0 -68.584993,0.05878,83.3 -68.585246,0.058596,83.5 -68.585584,0.058302,83.0 -68.585798,0.058096,83.0 -68.586301,0.057546,82.5 -68.587061,0.056599,82.9 -68.587232,0.056372,81.3 -68.587374,0.056117,80.9 -68.587464,0.055902,81.1 -68.587507,0.055755,80.7 -68.587654,0.055109,80.0 -68.58774,0.054534,79.8 -68.58784,0.053953,80.0 -68.587934,0.053515,80.7 -68.588158,0.052637,81.3 -68.588369,0.051248,80.2 -68.588555,0.050299,80.1 -68.588761,0.049357,81.6 -68.589033,0.048209,81.3 -68.589151,0.047849,82.2 -68.589332,0.047436,82.4 -68.589609,0.04692,82.5 -68.589742,0.046652,82.4 -68.589921,0.046343,81.9 -68.590126,0.046024,82.0 -68.590397,0.045669,82.2 -68.590609,0.045463,82.6 -68.590915,0.045136,83.6 -68.591566,0.044532,83.8 -68.591914,0.044241,83.6 -68.592212,0.04401,84.0 -68.592519,0.043793,83.9 -68.59289,0.043552,82.7 -68.593536,0.043193,82.2 -68.594196,0.042873,81.9 -68.594675,0.042656,82.3 -68.595319,0.042305,81.9 -68.595721,0.042116,81.9 -68.595989,0.041976,82.6 -68.596539,0.041758,82.9 -68.596951,0.041616,83.6 -68.597854,0.041367,82.6 -68.598427,0.041255,81.7 -68.598647,0.041223,81.2 -68.599152,0.041172,80.9 -68.599443,0.041156,80.7 -68.599811,0.041152,80.9 -68.600389,0.041166,80.3 -68.601257,0.041213,80.1 -68.602622,0.041313,80.5 -68.603687,0.041419,80.6 -68.605806,0.041459,79.9 -68.606966,0.041463,80.1 -68.607841,0.041478,79.4 -68.608135,0.041463,79.9 -68.610297,0.041167,80.2 -68.61136,0.040958,81.3 -68.612071,0.040777,81.7 -68.61242,0.040652,81.8 -68.612702,0.040573,81.9 -68.613387,0.040331,81.2 -68.613891,0.040203,82.4 -68.614107,0.040137,82.3 -68.61461,0.040036,82.4 -68.614686,0.040034,82.5 -68.614818,0.03999,81.6 -68.615033,0.039949,82.2 -68.615232,0.039885,82.3 -68.615386,0.039852,82.4 -68.615517,0.039799,83.0 -68.615584,0.039804,82.2 -68.615672,0.039788,82.9 -68.615733,0.039763,82.1 -68.616239,0.039655,81.8 -68.616385,0.039599,82.0 -68.616934,0.039569,80.8 -68.617436,0.039567,80.6 -68.617725,0.039581,81.0 -68.618006,0.039599,80.4 -68.618769,0.039704,80.3 -68.619125,0.039717,80.2 -68.619623,0.039772,80.1 -68.620111,0.039874,80.9 -68.620451,0.039961,80.2 -68.620716,0.040043,80.5 -68.621061,0.040174,80.4 -68.621333,0.040283,80.9 -68.621469,0.040351,80.5 -68.621683,0.040408,80.7 -68.621927,0.040421,80.4 -68.622478,0.040368,80.9 -68.622786,0.040356,80.7 -68.623048,0.040329,80.8 -68.623255,0.040283,80.4 -68.624148,0.039979,81.0 -68.624476,0.039819,81.5 -68.624591,0.039733,81.1 -68.624866,0.039487,81.6 -68.625191,0.039108,80.8 -68.625459,0.038774,80.5 -68.62569,0.038399,80.9 -68.625904,0.038109,80.6 -68.626106,0.037886,80.5 -68.626192,0.037754,80.1 -68.626284,0.037636,81.5 -68.626862,0.03695,80.3 -68.627389,0.036255,81.0 -68.627493,0.036131,80.9 -68.627673,0.035975,81.1 -68.627803,0.035886,80.7 -68.628476,0.035496,80.4 -68.628613,0.035433,80.8 -68.628748,0.035393,81.0 -68.629026,0.035389,79.9 -68.629161,0.035404,80.0 -68.6295,0.03547,80.0 -68.630049,0.035602,80.1 -68.630327,0.035682,79.8 -68.630949,0.035891,80.0 -68.631444,0.03602,80.0 -68.631734,0.036078,80.0 -68.632233,0.036157,80.8 -68.632461,0.036176,81.0 -68.632752,0.03617,80.2 -68.63298,0.036131,80.6 -68.633184,0.036059,80.7 -68.633443,0.035924,81.6 -68.633626,0.035806,81.6 -68.633854,0.035619,81.2 -68.634224,0.035238,80.7 -68.634622,0.034892,81.0 -68.635039,0.034576,81.1 -68.635227,0.034446,82.0 -68.635696,0.03407,82.0 -68.635927,0.033865,82.5 -68.636227,0.03363,82.3 -68.637174,0.033009,82.0 -68.637519,0.032842,82.3 -68.637661,0.032783,81.6 -68.637871,0.032718,82.1 -68.638018,0.032691,81.9 -68.63817,0.032678,81.1 -68.63832,0.032681,80.7 -68.638627,0.032708,81.1 -68.63892,0.03277,80.9 -68.639789,0.033032,81.3 -68.640426,0.033258,80.2 -68.640926,0.033366,79.8 -68.641287,0.033476,79.6 -68.64156,0.033583,79.4 -68.641823,0.033711,79.4 -68.642802,0.034244,78.7 -68.643312,0.034477,78.3 -68.644458,0.034959,79.8 -68.644793,0.035126,79.8 -68.645,0.035247,80.2 -68.645247,0.035367,79.2 -68.64552,0.035483,79.4 -68.645861,0.035608,78.8 -68.646344,0.035806,78.5 -68.647155,0.036192,79.2 -68.647492,0.036315,79.6 -68.6477,0.036375,79.5 -68.647988,0.036433,79.6 -68.648278,0.036469,79.9 -68.648496,0.036482,79.6 -68.649375,0.036487,78.8 -68.64967,0.036498,79.4 -68.650833,0.036495,79.4 -68.651124,0.036514,79.9 -68.651412,0.036552,80.5 -68.651846,0.036645,81.0 -68.652049,0.036708,81.0 -68.652249,0.036777,81.4 -68.652916,0.037037,80.2 -68.653482,0.037208,80.5 -68.653981,0.037321,81.0 -68.654358,0.037387,81.3 -68.654867,0.037456,81.4 -68.655226,0.037493,81.0 -68.65574,0.037524,80.5 -68.656346,0.037524,81.1 -68.657261,0.037476,81.9 -68.657557,0.037441,81.8 -68.657862,0.037388,82.6 -68.65838,0.037266,83.6 -68.65896,0.037086,84.4 -68.659337,0.036983,84.7 -68.659636,0.036917,85.0 -68.659933,0.036822,84.8 -68.660155,0.036731,85.3 -68.660285,0.036656,84.9 -68.660409,0.036568,84.9 -68.660629,0.036354,84.6 -68.660718,0.036235,85.0 -68.660818,0.036044,84.6 -68.660884,0.035838,84.2 -68.66093,0.035621,83.6 -68.660987,0.035261,83.8 -68.661038,0.034552,82.5 -68.661056,0.033958,81.8 -68.661094,0.033587,81.7 -68.661161,0.033136,81.9 -68.661241,0.032471,82.3 -68.661397,0.031649,82.9 -68.661451,0.031427,83.1 -68.661498,0.031287,83.6 -68.661614,0.031014,83.8 -68.661755,0.030761,84.1 -68.66192,0.030523,85.0 -68.66208,0.030372,85.1 -68.66225,0.03024,84.3 -68.662679,0.029953,84.5 -68.663143,0.029734,85.0 -68.663326,0.029627,84.6 -68.663734,0.029425,83.6 -68.664129,0.029214,83.0 -68.665029,0.028691,83.0 -68.66566,0.028294,82.8 -68.666145,0.027939,85.1 -68.666263,0.027879,83.7 -68.666386,0.027797,83.3 -68.667257,0.027377,82.7 -68.668044,0.026928,83.6 -68.668585,0.026674,82.5 -68.668997,0.02651,82.0 -68.669282,0.02641,82.1 -68.66972,0.026286,82.6 -68.670297,0.026104,83.3 -68.670744,0.026016,83.4 -68.671043,0.025968,83.1 -68.671342,0.025947,83.2 -68.671711,0.025961,83.6 -68.671926,0.025991,83.9 -68.672209,0.026054,84.3 -68.672489,0.026146,84.7 -68.672813,0.026291,84.9 -68.672938,0.026361,84.9 -68.673231,0.02656,84.3 -68.673456,0.026729,84.1 -68.673677,0.026911,83.7 -68.674424,0.027596,83.7 -68.675037,0.028112,84.2 -68.675514,0.028468,83.9 -68.676057,0.02885,83.6 -68.676798,0.029331,83.0 -68.677052,0.029484,82.6 -68.67718,0.029538,82.3 -68.677237,0.02958,81.1 -68.677435,0.029675,81.6 -68.677791,0.029785,82.9 -68.678009,0.029827,83.4 -68.678445,0.029889,82.7 -68.679011,0.030062,83.5 -68.679227,0.030097,84.0 -68.679374,0.030106,84.3 -68.679668,0.030088,84.3 -68.679885,0.030048,84.2 -68.680385,0.029919,84.3 -68.680804,0.029795,84.3 -68.68094,0.029746,84.4 -68.681787,0.029333,84.5 -68.682231,0.029084,85.2 -68.682533,0.028883,85.4 -68.68282,0.028661,85.5 -68.683312,0.028221,85.8 -68.683497,0.02811,85.4 -68.68362,0.028063,85.1 -68.683805,0.028032,84.9 -68.683916,0.028036,84.7 -68.684005,0.028051,84.6 -68.68411,0.028086,84.3 -68.684505,0.028306,82.0 -68.684683,0.028419,82.0 -68.685249,0.028618,84.0 -68.68524,0.028605,78.0 -68.685268,0.028623,86.0 -68.685354,0.028645,87.0 -68.68538,0.028664,80.0 -68.685449,0.028621,84.0 -68.685453,0.02859,84.0 -68.685479,0.028556,84.0 -68.685512,0.02857,85.0 -68.685549,0.028552,85.0 -68.685529,0.028664,78.0 -68.685507,0.028646,91.0 -68.685466,0.028634,89.0 -68.685371,0.02869,86.0 -68.685222,0.028611,87.0 -68.685194,0.028582,88.0 -68.685136,0.028562,90.0 -68.685119,0.028503,79.0 -68.685129,0.028591,88.0 -68.68512,0.028567,82.0 -68.685125,0.02859,82.0 -68.685024,0.028567,88.0 -68.684941,0.028498,86.0 -68.684807,0.028335,84.0 -68.684747,0.028299,82.0 -68.684708,0.028288,83.0 -68.684597,0.028277,83.0 -68.684717,0.027822,85.8 -68.685023,0.027169,85.7 -68.685121,0.027008,86.1 -68.68554,0.026438,85.2 -68.686119,0.025743,85.6 -68.68761,0.024194,84.9 -68.687951,0.023881,84.9 -68.688219,0.023659,80.0 -68.688251,0.023612,81.0 -68.68818,0.023565,77.0 -68.688175,0.023536,86.0 -68.688212,0.023449,86.0 -68.688271,0.023355,84.0 -68.688325,0.023193,84.0 -68.688392,0.023088,84.2 -68.688448,0.023031,84.3 -68.688521,0.022978,84.3 -68.688607,0.022933,83.5 -68.689217,0.022714,82.1 -68.690563,0.022265,84.3 -68.691373,0.021957,84.9 -68.691782,0.021814,84.6 -68.692545,0.02157,84.2 -68.693965,0.021185,84.1 -68.694666,0.020967,83.9 -68.695382,0.020768,83.9 -68.695815,0.020658,83.7 -68.696182,0.020593,83.5 -68.696773,0.020529,84.8 -68.697071,0.020534,84.6 -68.697443,0.020585,85.5 -68.69766,0.020639,85.5 -68.69787,0.020708,85.7 -68.698211,0.020863,85.3 -68.698402,0.020971,85.2 -68.698527,0.021056,84.9 -68.698819,0.021288,84.7 -68.699206,0.021633,85.1 -68.699417,0.021841,85.3 -68.699597,0.022077,85.2 -68.699708,0.022267,85.3 -68.699908,0.022746,84.8 -68.699956,0.022886,85.0 -68.700115,0.023447,85.3 -68.700317,0.024071,85.2 -68.700608,0.025278,85.1 -68.700925,0.026415,85.4 -68.701369,0.027756,85.8 -68.701482,0.028033,85.8 -68.701608,0.028302,85.9 -68.701715,0.028496,85.9 -68.701913,0.028811,85.7 -68.70218,0.029167,85.4 -68.702531,0.029555,84.9 -68.702747,0.029758,85.1 -68.702974,0.02995,85.0 -68.703338,0.030213,84.2 -68.703719,0.03044,84.3 -68.703852,0.030504,84.2 -68.703991,0.030556,84.2 -68.704417,0.030662,84.1 -68.704932,0.030738,84.2 -68.705448,0.030769,84.7 -68.705814,0.030764,84.7 -68.706248,0.030724,85.0 -68.70653,0.03066,85.2 -68.706736,0.030591,84.6 -68.706869,0.030533,84.4 -68.707255,0.030335,84.5 -68.707631,0.030111,85.0 -68.708719,0.029376,85.0 -68.708908,0.029259,84.6 -68.710359,0.028412,83.6 -68.710814,0.02817,83.6 -68.711487,0.027877,85.1 -68.711965,0.027686,85.8 -68.712308,0.027568,86.2 -68.712446,0.027533,86.6 -68.713079,0.027413,86.1 -68.714063,0.027194,85.2 -68.714555,0.02707,84.5 -68.714973,0.026937,84.4 -68.715514,0.026719,84.2 -68.716048,0.02648,84.6 -68.71624,0.026382,84.5 -68.716425,0.026271,84.3 -68.716605,0.026151,84.5 -68.716775,0.026018,84.3 -68.717987,0.024996,83.6 -68.718722,0.02439,83.8 -68.720071,0.023222,83.7 -68.720544,0.022858,83.5 -68.720862,0.022663,83.8 -68.721339,0.022434,84.3 -68.721618,0.022332,84.8 -68.72176,0.022295,84.5 -68.721978,0.02226,84.3 -68.722122,0.022254,84.1 -68.722267,0.022266,83.8 -68.722482,0.022309,83.6 -68.722906,0.022424,83.7 -68.723191,0.022515,84.1 -68.723398,0.022597,84.1 -68.723597,0.022706,84.0 -68.723841,0.022877,84.1 -68.724009,0.023022,84.0 -68.724211,0.02324,84.2 -68.724568,0.023721,84.5 -68.724722,0.023979,84.6 -68.72478,0.024116,84.6 -68.724825,0.024257,84.6 -68.724868,0.024546,84.5 -68.724862,0.024765,84.3 -68.724837,0.024982,84.2 -68.724793,0.025271,84.0 -68.724745,0.025483,83.9 -68.724658,0.025759,83.8 -68.724351,0.026572,84.0 -68.724036,0.027474,84.3 -68.72376,0.02832,84.0 -68.723466,0.029396,82.2 -68.723296,0.030118,82.1 -68.723212,0.030554,82.0 -68.723193,0.030851,82.3 -68.723181,0.031296,82.4 -68.723185,0.032191,83.2 -68.723173,0.032854,83.5 -68.723184,0.033145,83.7 -68.723279,0.033875,84.1 -68.723324,0.034093,83.8 -68.723457,0.034592,82.9 -68.723685,0.035525,82.7 -68.723933,0.036357,83.0 -68.724157,0.036899,83.0 -68.724843,0.038283,83.4 -68.725019,0.038607,82.9 -68.725956,0.040033,83.0 -68.726261,0.040448,83.1 -68.726578,0.04086,83.3 -68.72695,0.041318,83.2 -68.72744,0.04187,83.3 -68.728172,0.042617,83.4 -68.728769,0.043176,83.2 -68.729058,0.043402,83.3 -68.729718,0.043863,83.1 -68.730029,0.04405,83.5 -68.730349,0.044219,84.1 -68.731071,0.044539,84.1 -68.731404,0.044653,84.2 -68.731606,0.044698,84.1 -68.732028,0.044748,84.5 -68.732381,0.044748,84.6 -68.733879,0.044681,84.8 -68.735038,0.044595,84.8 -68.735619,0.04454,85.1 -68.736411,0.044432,84.5 -68.737058,0.044362,84.3 -68.738508,0.044324,84.9 -68.738791,0.044331,85.0 -68.739584,0.044406,84.6 -68.740094,0.044434,84.2 -68.741713,0.044435,83.9 -68.742085,0.044427,83.9 -68.742377,0.044405,83.9 -68.742593,0.044373,83.9 -68.742803,0.044321,83.8 -68.74287,0.044295,83.7 -68.743059,0.044195,83.8 -68.74317,0.044108,83.9 -68.743219,0.044057,83.8 -68.74334,0.043891,83.8 -68.74341,0.04377,83.6 -68.74347,0.043642,83.7 -68.743597,0.043241,83.3 -68.743753,0.042546,83.9 -68.743894,0.041991,83.8 -68.744159,0.041093,82.0 -68.74436,0.040467,81.9 -68.744599,0.039772,81.5 -68.744707,0.039498,81.3 -68.744874,0.03917,82.1 -68.745069,0.038856,83.1 -68.745293,0.038566,83.8 -68.745541,0.038302,84.3 -68.745704,0.038159,84.2 -68.745877,0.03803,84.5 -68.7463,0.037754,84.4 -68.74725,0.037232,84.9 -68.747688,0.036966,85.5 -68.74856,0.036309,85.1 -68.74889,0.036019,84.8 -68.749395,0.035493,85.1 -68.749825,0.035002,85.3 -68.750141,0.034601,85.5 -68.750606,0.033951,85.9 -68.752079,0.032145,85.9 -68.753583,0.030347,86.5 -68.753903,0.030034,86.4 -68.754347,0.029632,86.5 -68.754585,0.029454,86.6 -68.754714,0.029381,86.3 -68.754917,0.029302,86.1 -68.755058,0.029271,86.1 -68.755202,0.029256,86.0 -68.755345,0.02926,85.6 -68.755489,0.029279,85.7 -68.755771,0.029346,85.5 -68.75605,0.029432,85.5 -68.756326,0.029532,85.7 -68.756525,0.029631,85.8 -68.75671,0.02975,86.2 -68.756985,0.029993,85.8 -68.757332,0.030375,86.1 -68.757501,0.030616,86.3 -68.75757,0.030744,86.3 -68.757628,0.030878,86.3 -68.757738,0.031226,86.3 -68.757786,0.031436,86.2 -68.758053,0.033012,86.9 -68.758493,0.035485,87.0 -68.758554,0.035853,86.8 -68.758632,0.03644,87.0 -68.758686,0.036731,87.3 -68.759073,0.038303,87.1 -68.759191,0.038729,87.2 -68.759494,0.039562,87.2 -68.759638,0.039899,86.6 -68.759769,0.04016,85.8 -68.760303,0.04112,85.8 -68.760666,0.041677,86.4 -68.760776,0.041865,86.0 -68.761033,0.042392,86.0 -68.761273,0.042847,86.4 -68.76156,0.043444,86.2 -68.761889,0.044096,86.3 -68.762262,0.044727,86.6 -68.762613,0.045292,86.9 -68.763101,0.046028,87.0 -68.763234,0.046202,86.9 -68.76352,0.046541,86.9 -68.764108,0.047191,86.6 -68.764737,0.047813,86.9 -68.765278,0.048298,87.0 -68.765589,0.048604,87.2 -68.765866,0.04884,87.5 -68.766078,0.049037,87.5 -68.76638,0.049342,87.5 -68.766852,0.049767,87.1 -68.767665,0.050435,86.9 -68.768217,0.050977,86.8 -68.768386,0.051103,86.8 -68.768629,0.05125,87.0 -68.768821,0.051339,86.9 -68.769028,0.051394,86.7 -68.769237,0.051413,86.2 -68.769449,0.051389,85.7 -68.769582,0.051357,85.5 -68.769773,0.051277,85.3 -68.769941,0.051158,85.3 -68.77008,0.051005,85.3 -68.77015,0.050888,85.2 -68.770201,0.05076,85.2 -68.77023,0.050628,85.0 -68.770237,0.050421,85.0 -68.770181,0.050003,85.4 -68.770114,0.049728,85.5 -68.769889,0.048977,85.6 -68.769745,0.048345,86.1 -68.769598,0.047786,86.5 -68.769343,0.046732,86.3 -68.769242,0.046156,86.3 -68.769164,0.045497,86.1 -68.76908,0.044986,86.0 -68.769066,0.044838,85.9 -68.769061,0.044615,85.7 -68.769077,0.044394,85.7 -68.769111,0.044175,85.8 -68.769162,0.04396,85.9 -68.769232,0.043749,86.2 -68.769288,0.043613,86.2 -68.769481,0.043213,86.3 -68.769595,0.043018,86.2 -68.769867,0.042657,86.4 -68.770018,0.042501,86.4 -68.770186,0.042368,86.1 -68.770432,0.042231,86.0 -68.770564,0.042177,86.3 -68.77077,0.042112,86.6 -68.771684,0.041922,86.4 -68.772104,0.041807,86.2 -68.772589,0.041647,85.5 -68.773084,0.041514,84.5 -68.773361,0.041416,84.2 -68.77384,0.041226,83.8 -68.774176,0.041078,83.3 -68.774425,0.040929,83.3 -68.774533,0.040836,83.5 -68.774627,0.040733,83.6 -68.774791,0.040504,83.9 -68.77494,0.040265,84.1 -68.775371,0.039442,84.7 -68.775521,0.039114,84.7 -68.775707,0.038642,84.9 -68.775827,0.038376,85.3 -68.776266,0.037462,85.0 -68.776412,0.037208,85.0 -68.776591,0.036975,84.9 -68.77679,0.036762,85.0 -68.776895,0.036663,85.3 -68.777437,0.036205,85.4 -68.777885,0.03586,85.6 -68.778151,0.035622,85.7 -68.778401,0.035363,84.8 -68.778947,0.03475,84.9 -68.779286,0.034268,84.7 -68.779468,0.034044,85.2 -68.780004,0.033344,85.1 -68.780148,0.033173,86.1 -68.780312,0.033021,86.0 -68.780373,0.03298,86.1 -68.780505,0.032914,86.2 -68.780787,0.032835,85.9 -68.780931,0.032812,85.7 -68.78115,0.032817,85.3 -68.781363,0.032865,85.2 -68.781496,0.032925,85.0 -68.781617,0.033004,85.0 -68.781728,0.033101,84.7 -68.781874,0.033259,84.5 -68.782331,0.03383,84.6 -68.782571,0.034112,84.7 -68.782895,0.034523,84.5 -68.78323,0.034922,84.4 -68.783475,0.035206,84.1 -68.784192,0.035972,83.7 -68.784717,0.036511,83.6 -68.785141,0.036927,84.2 -68.78531,0.03707,84.5 -68.785491,0.037199,84.4 -68.785746,0.037343,84.2 -68.786015,0.037455,84.2 -68.786292,0.03754,84.3 -68.786573,0.037609,84.5 -68.786855,0.037661,84.6 -68.787213,0.037703,84.8 -68.787997,0.037756,85.3 -68.788502,0.037771,85.3 -68.789589,0.037738,84.7 -68.790751,0.037794,84.8 -68.79177,0.037862,85.0 -68.791987,0.037884,84.9 -68.792277,0.037934,84.4 -68.792564,0.038001,84.2 -68.792848,0.038086,84.3 -68.793125,0.038187,84.3 -68.793397,0.038309,84.5 -68.793526,0.038381,84.6 -68.793651,0.038464,84.6 -68.793767,0.038558,84.6 -68.794033,0.038821,84.6 -68.794281,0.039096,84.1 -68.794515,0.039385,83.3 -68.794592,0.039507,82.9 -68.794692,0.039704,83.3 -68.794798,0.039973,82.8 -68.794855,0.04018,82.5 -68.794903,0.040539,82.6 -68.794936,0.040972,83.2 -68.794964,0.041177,83.6 -68.79502,0.041475,83.9 -68.795057,0.041605,83.9 -68.795152,0.041818,84.0 -68.795191,0.041873,84.0 -68.79524,0.041916,84.0 -68.795248,0.041945,84.0 -68.795249,0.042098,84.0 -68.795242,0.04214,84.0 -68.795206,0.042201,84.0 -68.795152,0.042254,84.0 -68.795119,0.042272,84.0 -68.794993,0.042307,84.0 -68.794946,0.042301,84.9 -68.794932,0.042286,84.0 -68.794935,0.042216,84.0 -68.794995,0.042082,84.0 -68.795086,0.041918,84.0 -68.795185,0.041694,84.0 -68.795241,0.041703,84.0 -68.795281,0.041419,84.0 -68.795318,0.041256,84.0 -68.795312,0.041225,84.0 -68.795277,0.041212,84.0 -68.795057,0.041232,85.0 -68.794925,0.041275,86.0 -68.794812,0.041342,86.0 -68.794695,0.041444,86.0 -68.794546,0.04155,84.0 -68.794441,0.041599,88.0 -68.794451,0.041604,88.0 -68.794492,0.041525,83.0 -68.794588,0.041397,84.0 -68.79465,0.041263,84.0 -68.794646,0.041319,84.0 -68.794623,0.041346,84.8 -68.794569,0.041355,85.0 -68.794549,0.041404,87.0 -68.794579,0.041408,88.0 -68.794625,0.041492,87.0 -68.794682,0.041651,87.0 -68.794731,0.041882,86.1 -68.794962,0.043988,84.6 -68.795209,0.045513,85.1 -68.795403,0.046298,85.7 -68.795491,0.046579,85.4 -68.795603,0.046849,85.6 -68.795702,0.047044,85.7 -68.79586,0.047291,86.0 -68.795989,0.047468,85.9 -68.796134,0.047633,85.0 -68.796293,0.047784,85.1 -68.796465,0.047921,84.9 -68.796652,0.048037,84.6 -68.796849,0.048134,84.6 -68.796986,0.048183,84.4 -68.797128,0.048213,84.4 -68.797493,0.048246,84.5 -68.797785,0.048253,83.9 -68.797931,0.048244,83.8 -68.798145,0.048209,83.7 -68.798632,0.048066,83.4 -68.798829,0.047979,83.1 -68.799278,0.04774,82.2 -68.800059,0.047211,82.5 -68.800927,0.046532,84.6 -68.801262,0.046249,85.8 -68.801554,0.046021,86.4 -68.802084,0.045621,87.3 -68.80249,0.045298,87.0 -68.802913,0.044995,87.3 -68.803352,0.044715,87.3 -68.803991,0.044335,87.0 -68.804632,0.043985,86.6 -68.805008,0.043765,87.3 -68.805393,0.043573,87.1 -68.806273,0.04309,87.0 -68.806642,0.042859,86.9 -68.807079,0.042608,87.5 -68.808017,0.041959,86.3 -68.809667,0.040766,85.1 -68.809919,0.040614,85.2 -68.810122,0.040527,85.0 -68.810546,0.040405,84.1 -68.810907,0.040326,83.8 -68.811129,0.040316,83.6 -68.811587,0.040335,83.6 -68.811742,0.040356,83.9 -68.81197,0.04041,84.0 -68.812182,0.040504,84.5 -68.812366,0.040633,84.5 -68.812465,0.040744,85.2 -68.812542,0.040866,85.4 -68.812603,0.040998,85.7 -68.812637,0.041137,85.7 -68.812652,0.041278,85.6 -68.812639,0.041418,85.8 -68.812608,0.041552,85.9 -68.812482,0.041951,86.5 -68.812196,0.042601,87.1 -68.81175,0.043671,86.6 -68.811673,0.043878,85.6 -68.811551,0.044305,85.4 -68.81149,0.044597,85.9 -68.811452,0.044964,84.9 -68.811453,0.045112,85.3 -68.811475,0.045332,85.4 -68.811506,0.045476,85.6 -68.811555,0.045612,85.6 -68.811622,0.045741,85.7 -68.811701,0.045862,86.0 -68.811842,0.046023,86.2 -68.812177,0.046293,85.7 -68.812356,0.046408,85.7 -68.812742,0.046596,85.4 -68.813143,0.046763,84.5 -68.813418,0.046853,84.1 -68.813914,0.046988,83.5 -68.814631,0.047138,82.4 -68.81686,0.047489,82.4 -68.817798,0.047607,82.8 -68.818233,0.047646,83.1 -68.818744,0.047664,83.1 -68.819035,0.047655,83.1 -68.819617,0.047604,83.1 -68.820134,0.047571,83.1 -68.820503,0.047523,82.9 -68.82132,0.047447,83.3 -68.821544,0.047434,83.1 -68.821696,0.047437,83.2 -68.822223,0.047507,83.4 -68.822443,0.047553,83.7 -68.82322,0.047753,84.3 -68.824073,0.04794,84.9 -68.824502,0.048007,84.5 -68.825005,0.048056,83.7 -68.825647,0.04814,83.3 -68.825788,0.048161,83.6 -68.826067,0.048229,84.3 -68.826462,0.048399,85.1 -68.826587,0.048469,85.3 -68.826704,0.048553,85.5 -68.82697,0.048797,86.4 -68.827161,0.049017,86.5 -68.827247,0.049134,86.6 -68.827357,0.049318,86.6 -68.827476,0.049581,86.5 -68.827711,0.050278,87.4 -68.82784,0.050697,88.4 -68.827999,0.051033,87.0 -68.828094,0.051223,87.0 -68.82817,0.051349,87.1 -68.828258,0.051471,87.8 -68.828469,0.051672,87.9 -68.82864,0.0518,88.4 -68.828761,0.051873,87.9 -68.829016,0.051989,88.3 -68.82928,0.052084,88.6 -68.82955,0.052164,88.7 -68.829618,0.052179,88.6 -68.829681,0.052176,88.8 -68.829823,0.052219,88.6 -68.83003,0.052261,89.3 -68.830846,0.052479,89.0 -68.831178,0.052599,88.7 -68.831438,0.052727,89.4 -68.831625,0.052842,89.5 -68.831736,0.052934,89.4 -68.831887,0.053101,89.5 -68.83196,0.053225,89.4 -68.832003,0.053359,89.8 -68.832013,0.053424,90.1 -68.831989,0.053622,89.5 -68.83194,0.05375,89.9 -68.831877,0.053864,89.1 -68.831706,0.054081,88.8 -68.831468,0.05434,88.6 -68.831075,0.054752,87.2 -68.830713,0.055101,85.9 -68.829967,0.055872,85.5 -68.829784,0.056093,85.4 -68.829655,0.056267,84.7 -68.829419,0.056635,84.7</coordinates>
                </LineString>
                <LineString id="8">
                    <extrude>0</extrude>
                    <altitudeMode>clampToGround</altitudeMode>
                    <coordinates>-68.829883,0.059736,85.1 -68.829971,0.059779,83.9 -68.830105,0.059879,83.6 -68.830241,0.059934,85.2 -68.830454,0.059988,86.0 -68.830759,0.060038,86.2 -68.830833,0.06002,85.6 -68.83097,0.06001,85.0 -68.831311,0.05993,85.7 -68.833118,0.059437,89.3 -68.833402,0.059373,89.5 -68.833616,0.059338,89.1 -68.834134,0.059289,89.1 -68.834499,0.059287,89.3 -68.834937,0.05934,89.1 -68.835222,0.059406,89.4 -68.835503,0.059503,89.5 -68.835843,0.05965,89.9 -68.83611,0.059784,90.4 -68.836296,0.059905,90.4 -68.836409,0.060003,90.3 -68.83651,0.060114,89.8 -68.836599,0.060231,89.6 -68.836799,0.060534,89.0 -68.837107,0.061126,88.4 -68.83726,0.061466,87.4 -68.837331,0.06168,87.5 -68.837388,0.061976,87.8 -68.837408,0.062274,88.2 -68.837409,0.062507,87.8 -68.837386,0.062949,87.9 -68.837311,0.063316,87.7 -68.837212,0.06368,87.5 -68.837107,0.06396,87.5 -68.836871,0.064429,87.5 -68.83675,0.064616,87.5 -68.836611,0.064788,87.8 -68.836412,0.065007,88.1 -68.836252,0.065161,88.3 -68.836079,0.065303,88.6 -68.83589,0.065419,89.2 -68.835558,0.065576,89.0 -68.835427,0.065618,89.1 -68.834544,0.065844,89.7 -68.833582,0.066075,89.7 -68.833521,0.066112,89.7 -68.833285,0.066152,90.6 -68.833237,0.066179,90.4 -68.832832,0.06631,90.3 -68.832637,0.066402,90.3 -68.832388,0.06655,90.2 -68.831924,0.066883,90.6 -68.831713,0.067074,89.9 -68.831567,0.067233,89.9 -68.831526,0.067302,89.3 -68.831471,0.067341,89.5 -68.831185,0.067758,89.2 -68.830741,0.068511,89.2 -68.830575,0.068836,88.9 -68.830477,0.06911,89.0 -68.830395,0.069472,88.7 -68.830366,0.069521,88.6 -68.830306,0.069821,89.3 -68.830229,0.070256,89.0 -68.830177,0.070619,88.8 -68.830167,0.070912,88.7 -68.830201,0.071283,89.0 -68.830248,0.071498,89.0 -68.830362,0.071839,89.0 -68.830433,0.07197,88.8 -68.830522,0.072088,88.9 -68.830669,0.07225,88.3 -68.830774,0.072343,88.5 -68.830957,0.072476,88.7 -68.831021,0.07251,88.7 -68.831086,0.072541,89.0 -68.83122,0.072583,88.7 -68.831436,0.072619,89.0 -68.831717,0.072618,88.0 -68.831928,0.072587,86.9 -68.832071,0.072555,86.7 -68.832336,0.072433,88.1 -68.832504,0.072319,87.2 -68.833004,0.071904,93.0 -68.833252,0.071667,91.4 -68.833813,0.071101,89.6 -68.833857,0.071017,90.0 -68.833919,0.070982,90.0 -68.834019,0.070889,90.4 -68.835148,0.069748,89.4 -68.835428,0.069501,90.3 -68.835782,0.069239,90.7 -68.836155,0.069011,90.9 -68.836485,0.068856,90.9 -68.836904,0.068696,91.2 -68.837476,0.068549,91.5 -68.837768,0.068504,91.4 -68.83806,0.06848,91.7 -68.83835,0.068481,91.9 -68.838566,0.068504,92.0 -68.838921,0.068561,92.0 -68.839272,0.068639,90.8 -68.839321,0.068666,90.4 -68.839396,0.068681,90.5 -68.839751,0.068792,89.7 -68.841311,0.069166,90.3 -68.842466,0.069409,90.7 -68.843186,0.069544,90.9 -68.843909,0.069608,91.4 -68.84456,0.069631,91.7 -68.844919,0.069632,91.6 -68.84572,0.069617,91.7 -68.846081,0.069594,91.4 -68.846443,0.069544,91.1 -68.847027,0.069489,91.5 -68.847521,0.069414,91.5 -68.848531,0.069287,91.5 -68.849469,0.069189,90.9 -68.849684,0.069178,90.6 -68.850111,0.069183,90.7 -68.850537,0.069226,90.6 -68.85208,0.069513,90.0 -68.852289,0.06954,90.0 -68.852858,0.069581,90.3 -68.853708,0.069594,90.7 -68.855613,0.069725,91.0 -68.855969,0.069758,90.6 -68.856166,0.069762,89.6 -68.856573,0.069791,88.6 -68.857355,0.069874,87.9 -68.857697,0.069936,87.3 -68.858117,0.070082,89.2 -68.858384,0.070197,89.6 -68.858699,0.070373,88.6 -68.858817,0.070462,88.6 -68.858972,0.070619,89.0 -68.859105,0.070795,89.0 -68.859365,0.071254,89.1 -68.85945,0.071456,89.2 -68.859488,0.071599,88.7 -68.859492,0.071824,88.0 -68.859467,0.071973,87.8 -68.859424,0.072118,87.5 -68.859335,0.072325,87.6 -68.859225,0.072508,87.7 -68.859097,0.072683,87.8 -68.858961,0.072844,87.5 -68.858812,0.072996,87.6 -68.858174,0.073569,87.1 -68.85793,0.073823,87.1 -68.857793,0.073988,87.4 -68.857616,0.074226,87.0 -68.857461,0.074474,87.0 -68.857366,0.074672,86.9 -68.857297,0.074877,86.8 -68.857261,0.07502,87.2 -68.857238,0.075166,87.3 -68.857223,0.075465,87.3 -68.85723,0.07561,87.0 -68.857269,0.075892,88.1 -68.857307,0.07603,88.7 -68.857416,0.076299,88.5 -68.857484,0.07643,88.6 -68.857606,0.076614,88.8 -68.857746,0.076784,89.0 -68.857958,0.076975,88.5 -68.858075,0.077058,87.8 -68.858197,0.077133,87.6 -68.858462,0.077271,87.5 -68.858807,0.077381,87.9 -68.859436,0.077546,88.9 -68.859721,0.077578,88.2 -68.860004,0.077583,88.1 -68.860571,0.077522,88.9 -68.861135,0.07744,89.4 -68.861974,0.077282,88.2 -68.86234,0.077229,88.1 -68.862848,0.077139,87.5 -68.863156,0.077109,87.1 -68.863379,0.077116,87.3 -68.863521,0.077138,87.8 -68.863738,0.07719,88.0 -68.863879,0.077237,87.9 -68.864085,0.077331,87.6 -68.864213,0.077413,87.0 -68.864327,0.077507,87.0 -68.864464,0.077679,87.4 -68.864561,0.077868,87.4 -68.86458,0.077934,87.6 -68.864598,0.078071,87.6 -68.864593,0.078206,87.6 -68.864563,0.078416,88.4 -68.864486,0.078757,88.3 -68.864265,0.079569,88.0 -68.864237,0.07971,87.8 -68.864212,0.079926,88.1 -68.864203,0.080211,88.0 -68.864228,0.080641,87.7 -68.864292,0.080993,88.3 -68.864398,0.081338,88.0 -68.86448,0.081533,87.7 -68.864606,0.08179,88.0 -68.864795,0.082101,88.2 -68.864919,0.082277,87.6 -68.865012,0.082387,87.4 -68.865222,0.082574,87.3 -68.865407,0.082695,87.3 -68.865601,0.082787,87.8 -68.866809,0.083213,87.6 -68.867428,0.083408,88.0 -68.867844,0.08352,87.8 -68.868767,0.083715,88.2 -68.869332,0.083863,88.1 -68.869826,0.084012,87.9 -68.870652,0.084311,86.7 -68.871334,0.084594,86.7 -68.871529,0.084689,86.4 -68.871906,0.084913,85.6 -68.87208,0.085043,85.8 -68.87219,0.085143,86.2 -68.872394,0.085355,87.7 -68.872638,0.085628,88.3 -68.873652,0.086947,88.0 -68.874048,0.087546,88.0 -68.874159,0.087732,87.9 -68.874518,0.08844,87.2 -68.874671,0.088684,87.9 -68.874838,0.088921,87.8 -68.87497,0.089084,87.7 -68.87539,0.089567,87.9 -68.875796,0.089953,87.3 -68.876177,0.090271,87.5 -68.876515,0.090525,86.2 -68.876896,0.090853,87.6 -68.877757,0.091693,87.8 -68.878402,0.092254,87.4 -68.878664,0.092507,87.6 -68.878948,0.092727,86.8 -68.879136,0.092843,87.0 -68.879328,0.092941,86.4 -68.879669,0.093075,86.8 -68.879809,0.093116,86.8 -68.880096,0.093151,87.8 -68.880314,0.093134,87.0 -68.880737,0.093049,87.6 -68.881011,0.092959,87.3 -68.881146,0.092903,87.6 -68.881337,0.0928,87.5 -68.881456,0.092714,86.8 -68.881564,0.092615,86.3 -68.881712,0.092457,86.4 -68.8818,0.092346,85.8 -68.881916,0.092168,85.5 -68.882019,0.091986,84.9 -68.882198,0.0916,83.4 -68.882281,0.091337,83.5 -68.882411,0.090636,84.4 -68.882534,0.090081,84.6 -68.882628,0.089731,85.0 -68.882854,0.088794,86.8 -68.882881,0.088651,86.4 -68.882952,0.08808,84.8 -68.882982,0.087937,85.2 -68.883082,0.087574,84.9 -68.883215,0.087218,84.8 -68.88334,0.086951,85.1 -68.883564,0.086565,84.8 -68.883729,0.086324,84.4 -68.883778,0.086265,84.3 -68.883889,0.086161,84.8 -68.884252,0.085894,86.3 -68.884637,0.085686,87.2 -68.884774,0.085627,86.6 -68.884913,0.085585,87.0 -68.885132,0.085551,86.8 -68.885282,0.085554,87.2 -68.885505,0.085592,87.8 -68.885642,0.085634,87.8 -68.885766,0.085699,87.6 -68.885913,0.085826,87.3 -68.885984,0.08591,87.7 -68.886072,0.086052,88.6 -68.886147,0.086204,90.3 -68.886162,0.086221,89.0 -68.886203,0.086231,80.0 -68.88624,0.086282,86.0 -68.886261,0.086359,87.1 -68.886275,0.086573,86.9 -68.886296,0.086673,86.9 -68.886349,0.08683,86.7 -68.886546,0.087295,86.1 -68.886695,0.087612,86.2 -68.886797,0.0878,85.7 -68.88724,0.088476,86.8 -68.887521,0.088823,87.5 -68.887778,0.089082,87.2 -68.887885,0.089176,86.9 -68.888058,0.089307,86.4 -68.888305,0.089447,86.8 -68.888626,0.08959,87.6 -68.889036,0.089703,88.9 -68.889106,0.089717,89.1 -68.889456,0.089743,89.1 -68.890366,0.089745,90.1 -68.890714,0.089718,87.5 -68.891285,0.089694,86.4 -68.891715,0.089657,86.8 -68.893147,0.089603,86.5 -68.893646,0.089626,86.5 -68.89379,0.089642,86.5 -68.894352,0.089754,86.3 -68.894901,0.089889,87.5 -68.895241,0.089993,87.0 -68.895444,0.090072,87.7 -68.895634,0.090164,87.9 -68.895948,0.090334,87.8 -68.896192,0.090488,88.1 -68.896362,0.090623,88.4 -68.89672,0.090981,88.5 -68.896865,0.091144,88.3 -68.89722,0.091605,87.0 -68.897332,0.091793,86.7 -68.897427,0.09199,87.1 -68.897513,0.092197,86.3 -68.89761,0.092479,87.0 -68.897638,0.092624,87.0 -68.897648,0.092768,87.1 -68.897633,0.092909,87.2 -68.897538,0.093175,87.0 -68.897473,0.093301,87.2 -68.897317,0.093539,87.0 -68.896697,0.094312,86.0 -68.896493,0.094612,86.5 -68.896389,0.094793,86.0 -68.896344,0.094853,87.5 -68.896044,0.09542,86.4 -68.895557,0.096461,85.9 -68.895336,0.097057,86.1 -68.895099,0.097649,87.7 -68.895084,0.097723,87.3 -68.894988,0.097986,87.2 -68.894888,0.098318,87.8 -68.894807,0.098663,87.8 -68.894696,0.09921,87.9 -68.89449,0.099895,88.4 -68.894467,0.10001,87.4 -68.894352,0.100365,88.2 -68.894231,0.100934,87.6 -68.894179,0.1013,87.7 -68.894162,0.10152,87.7 -68.894171,0.101611,87.0 -68.894146,0.102111,88.6 -68.894164,0.102327,87.2 -68.89421,0.102539,86.7 -68.894262,0.10267,86.7 -68.894361,0.102869,86.9 -68.894488,0.103039,86.7 -68.894698,0.103233,87.1 -68.894814,0.103319,86.5 -68.895005,0.103418,86.2 -68.895072,0.10344,86.4 -68.895208,0.103465,86.6 -68.895345,0.103464,86.3 -68.895478,0.103435,86.1 -68.895605,0.103383,85.8 -68.895664,0.103348,85.9 -68.895997,0.103098,85.0 -68.89643,0.102721,83.7 -68.896686,0.102457,83.9 -68.897031,0.102078,83.1 -68.897243,0.101877,83.4 -68.89747,0.101689,83.2 -68.897706,0.101513,83.8 -68.898088,0.101263,83.9 -68.898277,0.101162,83.4 -68.898554,0.101056,83.7 -68.898844,0.100993,83.3 -68.899066,0.100968,83.0 -68.899288,0.100975,82.9 -68.899501,0.101018,83.5 -68.899639,0.10106,83.7 -68.899839,0.101147,84.1 -68.900165,0.101318,86.0 -68.900763,0.101581,87.6 -68.901311,0.101781,88.4 -68.902001,0.101997,88.4 -68.902696,0.102198,88.1 -68.903189,0.102317,87.6 -68.903545,0.102385,87.9 -68.905,0.102613,88.2 -68.905222,0.102659,87.9 -68.905584,0.102761,88.0 -68.905852,0.102887,88.6 -68.906097,0.103059,88.7 -68.906353,0.103334,88.7 -68.906436,0.103457,88.0 -68.906506,0.103587,88.0 -68.906631,0.103854,87.5 -68.906729,0.104131,87.8 -68.906801,0.10441,87.3 -68.906962,0.105125,86.9 -68.907186,0.105891,87.9 -68.907413,0.106595,88.7 -68.90757,0.107009,88.8 -68.907833,0.107614,88.9 -68.907927,0.107806,88.5 -68.908035,0.107998,89.0 -68.90812,0.108113,89.1 -68.908258,0.108273,89.5 -68.908466,0.108475,89.3 -68.908757,0.1087,89.3 -68.909062,0.108889,88.7 -68.909318,0.109018,88.7 -68.90999,0.109289,88.9 -68.910251,0.10941,88.6 -68.911096,0.109822,87.8 -68.911735,0.110163,87.6 -68.912269,0.110403,87.3 -68.912592,0.110584,87.6 -68.913182,0.111006,87.1 -68.913568,0.11134,87.5 -68.914202,0.111829,87.8 -68.91454,0.112117,88.1 -68.91464,0.112217,86.4 -68.914884,0.112395,88.3 -68.914991,0.112488,87.2 -68.915053,0.112526,87.8 -68.915098,0.112577,87.0 -68.915159,0.11262,87.1 -68.915475,0.112803,87.5 -68.915734,0.11293,86.7 -68.915988,0.113072,86.5 -68.917194,0.113794,88.4 -68.917594,0.113968,87.5 -68.918149,0.114166,87.3 -68.918727,0.114307,87.6 -68.919023,0.114358,87.3 -68.919472,0.114388,89.2 -68.920135,0.114347,88.3 -68.920356,0.114317,88.7 -68.920501,0.114283,88.3 -68.920711,0.11421,88.1 -68.920842,0.114148,87.7 -68.92103,0.114037,87.5 -68.921147,0.113951,87.1 -68.921468,0.113656,87.2 -68.921662,0.11343,87.5 -68.921745,0.11331,87.1 -68.921857,0.11312,86.6 -68.921914,0.112988,86.4 -68.921989,0.112711,86.3 -68.922014,0.112432,86.5 -68.922002,0.112002,85.8 -68.921958,0.111591,86.0 -68.921833,0.111094,86.2 -68.921728,0.110755,85.6 -68.921244,0.108997,85.5 -68.921181,0.108709,85.8 -68.921149,0.108418,86.3 -68.921163,0.108042,86.8 -68.921195,0.107826,87.0 -68.921227,0.107681,87.3 -68.921423,0.107083,86.6 -68.921582,0.106705,86.5 -68.921799,0.106311,86.0 -68.922009,0.106004,86.5 -68.922154,0.105837,86.6 -68.922266,0.105736,86.9 -68.922445,0.105611,86.9 -68.922642,0.105515,87.4 -68.922856,0.105449,87.8 -68.923075,0.105415,88.4 -68.923225,0.105414,88.9 -68.923445,0.105443,89.3 -68.923663,0.105496,89.2 -68.924013,0.105621,89.0 -68.924285,0.105742,88.9 -68.92448,0.105853,88.8 -68.924658,0.105991,89.5 -68.924805,0.106155,89.3 -68.924923,0.106342,89.7 -68.925054,0.106602,90.3 -68.925187,0.106938,90.3 -68.925369,0.107562,90.0 -68.925533,0.108267,90.0 -68.925661,0.108685,90.2 -68.925781,0.109034,90.6 -68.925945,0.10944,91.1 -68.926078,0.109698,91.0 -68.926192,0.109885,90.9 -68.926377,0.110107,90.6 -68.92654,0.110251,90.2 -68.926718,0.110377,90.4 -68.926911,0.110482,90.7 -68.927115,0.110569,90.9 -68.927317,0.110634,89.9 -68.92761,0.110674,89.8 -68.927754,0.110676,89.9 -68.927968,0.110656,89.9 -68.928109,0.110623,89.7 -68.928307,0.110545,89.3 -68.92843,0.110475,89.0 -68.928606,0.110352,88.2 -68.929069,0.109903,88.1 -68.929216,0.109749,88.2 -68.929429,0.109464,88.0 -68.92957,0.109206,86.6 -68.929898,0.108557,85.1 -68.930175,0.108138,85.2 -68.930429,0.107788,85.6 -68.930619,0.107566,86.0 -68.930888,0.107216,86.3 -68.931142,0.106944,87.2 -68.931417,0.106691,87.1 -68.931596,0.106556,87.3 -68.931791,0.106447,87.2 -68.931926,0.10639,87.0 -68.932142,0.106324,87.3 -68.932428,0.106254,87.0 -68.932728,0.106208,87.1 -68.932884,0.106204,86.7 -68.933099,0.106228,86.7 -68.933523,0.106344,86.6 -68.933802,0.106449,86.7 -68.934014,0.106552,86.6 -68.934402,0.106793,86.9 -68.93459,0.106936,87.3 -68.934931,0.107241,88.8 -68.935135,0.107468,89.0 -68.93527,0.10765,89.4 -68.935345,0.107784,89.8 -68.935439,0.10799,90.2 -68.935501,0.108211,90.4 -68.935526,0.10836,90.2 -68.935537,0.108508,89.5 -68.935534,0.108655,89.0 -68.935473,0.109109,89.0 -68.935388,0.109564,88.9 -68.935331,0.109787,88.9 -68.935282,0.109931,88.9 -68.935216,0.110067,88.7 -68.93505,0.110313,89.5 -68.934907,0.110475,89.7 -68.93476,0.110624,89.5 -68.934279,0.111027,89.4 -68.934074,0.111215,89.2 -68.933776,0.111524,88.9 -68.933636,0.11169,88.9 -68.933423,0.111984,88.0 -68.933273,0.112234,87.9 -68.933033,0.112697,88.0 -68.93294,0.1129,87.8 -68.932894,0.113043,87.3 -68.932874,0.113113,87.6 -68.93284,0.113335,87.8 -68.932836,0.113484,87.8 -68.932864,0.113703,88.2 -68.932902,0.113844,88.5 -68.932989,0.114045,88.4 -68.933064,0.114167,88.7 -68.933155,0.114277,88.7 -68.933259,0.114377,89.1 -68.933372,0.114467,89.6 -68.933557,0.11458,89.9 -68.933754,0.114674,90.2 -68.933948,0.11475,90.4 -68.934295,0.114866,90.6 -68.934653,0.114967,90.8 -68.935011,0.115048,90.1 -68.935676,0.115162,88.3 -68.935896,0.115213,88.0 -68.936634,0.115414,89.3 -68.937078,0.115563,89.7 -68.937215,0.115628,89.7 -68.937343,0.115712,89.8 -68.937505,0.115867,89.7 -68.937642,0.116045,89.9 -68.937753,0.116246,90.3 -68.937836,0.116457,90.5 -68.937867,0.116599,90.1 -68.937875,0.116742,89.8 -68.937868,0.116952,89.1 -68.937828,0.117236,89.0 -68.937753,0.117586,88.8 -68.937567,0.118272,88.2 -68.937533,0.118561,88.5 -68.937535,0.118778,88.6 -68.937568,0.119362,88.5 -68.937612,0.119726,88.2 -68.937657,0.119944,88.5 -68.937722,0.120155,88.7 -68.937803,0.120359,88.9 -68.937905,0.120554,89.1 -68.937985,0.120677,89.3 -68.938268,0.121014,89.8 -68.938677,0.121426,89.7 -68.938857,0.121562,90.0 -68.938984,0.121637,89.9 -68.939324,0.121787,89.7 -68.939536,0.121856,89.5 -68.940896,0.122223,89.5 -68.94104,0.122254,89.7 -68.941191,0.122273,88.7 -68.941486,0.12229,88.6 -68.941707,0.122273,88.2 -68.942067,0.122206,88.0 -68.942705,0.122038,87.6 -68.942976,0.121927,87.5 -68.943177,0.12183,87.5 -68.943363,0.121716,87.0 -68.943478,0.121627,87.1 -68.943693,0.121433,87.2 -68.943793,0.121327,87.3 -68.943927,0.121156,87.3 -68.944047,0.120973,86.4 -68.944116,0.120844,86.2 -68.944227,0.120572,85.3 -68.944377,0.120013,86.4 -68.944442,0.119827,84.6 -68.944429,0.119735,84.7 -68.944444,0.119594,85.7 -68.94447,0.119501,87.0 -68.944472,0.119362,85.6 -68.944579,0.118181,83.4 -68.944571,0.117383,85.3 -68.944585,0.116944,86.1 -68.944621,0.116356,85.8 -68.944608,0.115405,86.3 -68.944635,0.115039,86.0 -68.944726,0.114393,84.9 -68.94478,0.114087,85.0 -68.944844,0.113804,85.5 -68.944994,0.113307,85.9 -68.945117,0.112958,85.1 -68.945177,0.112818,85.1 -68.945282,0.112625,85.7 -68.94541,0.112441,86.1 -68.945554,0.11227,86.2 -68.945773,0.112061,86.4 -68.945947,0.111913,86.4 -68.946138,0.111789,86.6 -68.946272,0.111723,86.6 -68.946414,0.111676,86.7 -68.946636,0.111639,86.7 -68.946935,0.111631,86.9 -68.947164,0.111653,87.0 -68.947449,0.111708,87.7 -68.947592,0.111758,87.5 -68.947794,0.111848,87.6 -68.947855,0.111884,86.9 -68.94804,0.11201,87.3 -68.948207,0.112158,87.3 -68.9483,0.112271,86.4 -68.94838,0.112394,86.9 -68.94847,0.112597,87.5 -68.948519,0.112809,87.4 -68.948534,0.112954,87.3 -68.948539,0.113171,87.1 -68.948473,0.113977,87.3 -68.948486,0.11486,87.1 -68.948462,0.11545,87.3 -68.94838,0.116328,87.1 -68.948355,0.116915,87.1 -68.948318,0.117356,87.2 -68.948323,0.117428,87.0 -68.948297,0.117807,88.6 -68.948299,0.117957,88.6 -68.94828,0.118329,87.8 -68.948238,0.118974,87.1 -68.948202,0.119189,86.8 -68.948096,0.119687,86.5 -68.947864,0.120616,85.5 -68.94783,0.120908,85.3 -68.947835,0.121053,85.0 -68.947855,0.121198,85.0 -68.947887,0.121338,84.7 -68.947963,0.121542,84.8 -68.948066,0.121735,84.8 -68.948193,0.121914,84.9 -68.948346,0.122062,85.1 -68.948462,0.122144,85.1 -68.948587,0.122207,85.1 -68.948792,0.122261,85.0 -68.948864,0.122269,84.2 -68.949074,0.122262,84.5 -68.949211,0.122231,84.4 -68.949341,0.122177,84.4 -68.949525,0.122071,84.3 -68.950357,0.121486,85.0 -68.951004,0.120998,85.7 -68.951807,0.12033,86.3 -68.952953,0.119536,86.8 -68.95357,0.119184,86.4 -68.954147,0.118887,85.9 -68.954988,0.118426,86.3 -68.955569,0.118066,86.6 -68.955893,0.117882,86.9 -68.956369,0.117659,86.5 -68.956575,0.117551,86.7 -68.956999,0.117389,86.6 -68.957067,0.117388,86.3 -68.957421,0.117294,86.2 -68.957712,0.117228,87.0 -68.958239,0.11716,87.1 -68.958627,0.117146,87.0 -68.958942,0.117173,86.9 -68.959099,0.117191,86.7 -68.959327,0.117237,86.7 -68.959475,0.11728,86.8 -68.959752,0.117412,87.2 -68.959813,0.117454,87.3 -68.959985,0.117603,87.6 -68.96026,0.117913,87.4 -68.960642,0.1184,88.0 -68.960746,0.118583,87.3 -68.960972,0.118856,88.5 -68.961123,0.118994,88.0 -68.961241,0.119071,88.5 -68.96136,0.119114,88.3 -68.961491,0.119124,87.8 -68.961765,0.119115,87.8 -68.962172,0.119067,88.8 -68.962634,0.11896,89.4 -68.962772,0.118947,89.9 -68.96291,0.118956,89.6 -68.963114,0.118999,89.7 -68.963289,0.11907,89.8 -68.963456,0.119171,89.6 -68.96371,0.119389,89.3 -68.96391,0.119589,89.3 -68.964019,0.119679,89.4 -68.964139,0.119765,90.0 -68.964388,0.11991,89.5 -68.964791,0.120051,89.0 -68.966054,0.120423,88.8 -68.96633,0.120523,88.5 -68.966461,0.120585,88.1 -68.966711,0.120745,87.7 -68.966881,0.12088,87.4 -68.966983,0.120981,87.0 -68.967169,0.121218,87.3 -68.967309,0.121475,87.3 -68.967379,0.12168,87.5 -68.967416,0.121965,87.3 -68.967419,0.122182,87.7 -68.967389,0.122475,87.6 -68.967375,0.122767,87.4 -68.967366,0.123496,87.7 -68.967387,0.124818,87.5 -68.967445,0.125321,87.1 -68.9675,0.125532,87.1 -68.96758,0.125726,87.0 -68.967672,0.125908,86.8 -68.967803,0.126124,86.7 -68.967927,0.126354,84.0 -68.968013,0.126418,86.0 -68.968174,0.126563,86.6 -68.968336,0.126736,86.6 -68.968441,0.126866,86.7 -68.968666,0.127072,87.0 -68.968791,0.12718,87.2 -68.968864,0.127209,87.7 -68.968891,0.127244,87.7 -68.969318,0.127597,87.5 -68.969346,0.127641,89.5 -68.969465,0.127733,89.2 -68.969686,0.127985,87.7 -68.969763,0.128098,87.3 -68.969856,0.128275,87.7 -68.969978,0.128591,87.1 -68.970139,0.129136,89.7 -68.970165,0.129197,88.3 -68.970445,0.130429,87.1 -68.970532,0.130768,87.1 -68.970601,0.130969,87.1 -68.97069,0.131165,87.1 -68.970759,0.13129,87.2 -68.970884,0.131473,87.4 -68.971074,0.131688,87.7 -68.971179,0.131783,87.0 -68.971349,0.131912,86.8 -68.971604,0.132052,86.6 -68.971869,0.132165,86.9 -68.97214,0.13226,86.9 -68.972279,0.13229,87.3 -68.972492,0.132314,87.1 -68.972708,0.132313,87.2 -68.972849,0.132294,87.2 -68.973059,0.132238,87.4 -68.973318,0.132116,87.4 -68.973501,0.132,87.6 -68.973674,0.13187,87.3 -68.973934,0.131619,87.5 -68.974068,0.131448,87.6 -68.974135,0.131322,87.5 -68.974189,0.13119,87.5 -68.974245,0.130984,87.7 -68.974264,0.130772,87.4 -68.97426,0.13063,87.7 -68.974234,0.130419,87.7 -68.974183,0.130216,87.9 -68.9741,0.130026,87.7 -68.973996,0.129847,87.8 -68.973644,0.12933,87.9 -68.973018,0.12846,87.9 -68.972624,0.128018,88.0 -68.972486,0.12784,88.0 -68.972362,0.127649,87.9 -68.972269,0.127439,88.0 -68.972245,0.127293,87.9 -68.972245,0.127147,88.0 -68.972275,0.127002,88.2 -68.972325,0.126867,87.8 -68.972421,0.12667,87.7 -68.972502,0.126545,87.8 -68.972598,0.126437,87.8 -68.972712,0.126348,88.0 -68.972773,0.126312,87.9 -68.972904,0.126257,87.6 -68.972974,0.126239,87.5 -68.97311,0.126225,87.5 -68.973313,0.126249,87.6 -68.973449,0.126279,87.8 -68.973839,0.126424,87.6 -68.974422,0.126687,86.8 -68.974559,0.126758,88.8 -68.975159,0.127,87.9 -68.975435,0.127078,87.7 -68.97615,0.127207,87.1 -68.97651,0.127224,87.7 -68.976935,0.127193,87.9 -68.977281,0.127106,88.3 -68.977484,0.127029,87.9 -68.977802,0.126865,88.4 -68.978039,0.126706,87.3 -68.979106,0.125931,86.6 -68.979593,0.12556,87.4 -68.979782,0.125438,86.5 -68.980043,0.125287,87.3 -68.980651,0.124985,86.4 -68.980789,0.124928,86.0 -68.981005,0.124867,85.1 -68.981156,0.124853,85.9 -68.981303,0.124865,85.2 -68.981451,0.124907,86.2 -68.981589,0.124967,86.5 -68.981837,0.125113,86.6 -68.981997,0.125252,86.2 -68.982488,0.125783,87.1 -68.982676,0.126001,86.8 -68.982875,0.126209,86.8 -68.983257,0.126542,86.9 -68.983429,0.126669,86.6 -68.98362,0.126777,86.9 -68.983756,0.12683,87.3 -68.983896,0.126866,86.9 -68.984041,0.126889,87.9 -68.984259,0.126898,88.1 -68.984608,0.126841,88.1 -68.984815,0.126782,88.4 -68.985017,0.126708,88.9 -68.985208,0.126625,88.7 -68.985622,0.126487,88.5 -68.986813,0.126133,88.4 -68.987167,0.126045,88.0 -68.987456,0.125998,88.0 -68.987747,0.125984,88.1 -68.988331,0.126005,88.3 -68.989196,0.126107,88.2 -68.989556,0.126129,88.5 -68.989918,0.126122,88.0 -68.990652,0.126067,87.4 -68.991088,0.126009,87.8 -68.991946,0.125842,88.8 -68.992813,0.125712,90.0 -68.993238,0.125602,89.9 -68.993579,0.125478,89.7 -68.994067,0.125325,89.9 -68.994637,0.125185,89.5 -68.995073,0.125112,89.7 -68.995741,0.125044,90.2 -68.997317,0.124946,90.6 -68.997771,0.124937,90.5 -68.997996,0.12498,90.6 -68.998342,0.125103,90.3 -68.998478,0.125168,90.4 -68.998668,0.125291,89.9 -68.998837,0.125442,89.6 -68.998937,0.125551,89.2 -68.999102,0.125791,89.0 -68.999807,0.12712,88.2 -68.999882,0.127246,88.4 -69.000047,0.127485,88.4 -69.000139,0.127601,88.3 -69.000295,0.127754,88.4 -69.000409,0.127844,88.5 -69.000595,0.127958,88.5 -69.000793,0.128048,88.5 -69.000932,0.128091,88.5 -69.001146,0.128129,88.6 -69.001362,0.128139,88.7 -69.001578,0.128116,88.9 -69.001719,0.128082,89.0 -69.001925,0.128007,89.1 -69.002118,0.127907,89.1 -69.002352,0.127733,89.1 -69.002504,0.127576,89.1 -69.002643,0.127408,89.2 -69.002766,0.12723,89.2 -69.002904,0.126978,89.1 -69.002987,0.126778,89.0 -69.003067,0.126503,88.4 -69.003138,0.126147,88.6 -69.003186,0.12586,88.5 -69.003266,0.125207,88.1 -69.003388,0.124564,87.8 -69.003531,0.123919,88.0 -69.003595,0.123487,88.1 -69.003685,0.122979,88.2 -69.003768,0.122612,88.4 -69.003827,0.122399,88.6 -69.003943,0.122126,88.5 -69.004125,0.12181,89.0 -69.00442,0.121383,89.0 -69.00461,0.121161,88.4 -69.004771,0.121013,87.9 -69.004886,0.120924,88.0 -69.005135,0.120773,87.9 -69.005544,0.120606,88.6 -69.005829,0.120522,88.5 -69.006046,0.120471,89.1 -69.006414,0.120422,89.4 -69.006634,0.120406,89.4 -69.006781,0.120403,89.5 -69.006705,0.120423,88.0 -69.007148,0.120423,88.6 -69.007513,0.120485,87.9 -69.008071,0.120666,88.4 -69.008339,0.120776,88.4 -69.008465,0.120849,88.3 -69.008642,0.120977,88.1 -69.009536,0.121776,87.5 -69.009644,0.121882,87.3 -69.009888,0.122171,87.6 -69.010334,0.122793,88.1 -69.010454,0.122991,87.5 -69.010514,0.123127,87.3 -69.010575,0.123337,87.2 -69.010591,0.12348,87.0 -69.010591,0.123624,86.8 -69.010574,0.123766,86.5 -69.010523,0.123974,86.8 -69.010436,0.124167,86.6 -69.010355,0.124282,86.5 -69.010261,0.124386,86.9 -69.010095,0.124517,87.1 -69.009851,0.124666,86.9 -69.009085,0.125048,87.4 -69.008839,0.125196,87.2 -69.008552,0.125405,87.0 -69.008234,0.125695,87.1 -69.008036,0.125906,87.0 -69.007808,0.126192,86.7 -69.007686,0.126376,86.6 -69.007616,0.126505,86.4 -69.00753,0.126704,86.9 -69.00749,0.126843,86.8 -69.007471,0.126984,86.7 -69.007485,0.127196,86.8 -69.007521,0.127334,86.9 -69.007576,0.127465,86.7 -69.007652,0.127585,86.7 -69.007746,0.127688,86.8 -69.007967,0.127863,86.8 -69.008141,0.127987,87.1 -69.008443,0.128181,87.4 -69.008752,0.128364,87.5 -69.009199,0.128596,87.3 -69.009569,0.128812,87.5 -69.010176,0.129202,87.6 -69.010532,0.129443,87.8 -69.010707,0.129569,88.1 -69.011104,0.129884,88.0 -69.011749,0.130476,88.0 -69.011975,0.130652,88.0 -69.01227,0.130851,88.1 -69.012521,0.130991,88.3 -69.012847,0.131144,88.4 -69.01325,0.131299,88.4 -69.013593,0.131414,88.4 -69.014152,0.13158,89.6 -69.01479,0.13179,90.2 -69.015078,0.131864,90.5 -69.015589,0.131977,91.1 -69.015877,0.132062,91.2 -69.0163,0.132217,90.8 -69.016581,0.132334,90.2 -69.016715,0.132403,90.1 -69.016909,0.13253,90.6 -69.017186,0.132792,89.9 -69.017279,0.132912,89.6 -69.017351,0.133044,89.9 -69.017423,0.133255,89.7 -69.017448,0.133402,90.4 -69.017446,0.133776,87.7 -69.017427,0.133931,88.4 -69.017362,0.134216,88.1 -69.017304,0.134349,88.1 -69.017236,0.134476,88.7 -69.017055,0.134696,88.1 -69.016463,0.135317,89.7 -69.016283,0.13554,89.8 -69.016075,0.135828,90.0 -69.015584,0.136442,89.7 -69.015422,0.136678,89.7 -69.015205,0.137052,89.8 -69.015105,0.137244,89.8 -69.014931,0.137639,89.6 -69.01488,0.137773,89.4 -69.014844,0.137911,89.3 -69.014818,0.138054,89.2 -69.014806,0.138196,89.0 -69.014807,0.138557,88.6 -69.014843,0.138916,88.7 -69.014966,0.139632,88.8 -69.015073,0.140133,89.0 -69.0152,0.140631,89.1 -69.015425,0.141411,89.5 -69.015514,0.141693,89.6 -69.015567,0.141829,89.1 -69.015698,0.142091,88.4 -69.015861,0.142333,87.9 -69.016098,0.142616,88.1 -69.016408,0.142934,88.4 -69.016744,0.143229,88.8 -69.016924,0.14336,88.8 -69.017102,0.143475,88.7 -69.017314,0.143539,88.3 -69.017526,0.143567,88.3 -69.017741,0.143553,88.2 -69.017811,0.143542,88.3 -69.017946,0.143502,88.0 -69.018075,0.143443,88.2 -69.018253,0.143325,88.2 -69.018308,0.143278,88.1 -69.018452,0.143122,87.8 -69.018487,0.14306,87.2 -69.018546,0.142993,86.6 -69.018683,0.142746,87.2 -69.018759,0.142539,87.8 -69.018795,0.1424,87.7 -69.018814,0.142262,87.5 -69.018821,0.142046,88.5 -69.018815,0.141975,88.5 -69.018776,0.141765,89.0 -69.018669,0.141425,90.2 -69.018297,0.1404,90.5 -69.018181,0.139969,90.7 -69.018142,0.139752,90.5 -69.018126,0.139603,90.8 -69.018119,0.139381,90.9 -69.018141,0.139086,90.2 -69.018211,0.138729,89.2 -69.018284,0.138517,89.0 -69.018408,0.138237,89.3 -69.018618,0.137835,89.1 -69.018764,0.137579,88.6 -69.018925,0.137337,88.6 -69.019099,0.137107,89.2 -69.019283,0.136886,89.5 -69.019778,0.136372,90.0 -69.020107,0.135994,90.0 -69.020269,0.135757,90.0 -69.020396,0.135501,89.4 -69.020622,0.134965,89.5 -69.020789,0.134484,90.0 -69.021006,0.133931,90.9 -69.021107,0.133733,90.8 -69.021284,0.133495,90.8 -69.021445,0.133338,90.8 -69.021625,0.133203,91.1 -69.021754,0.133131,90.8 -69.021892,0.133079,91.0 -69.022109,0.133039,91.1 -69.022254,0.133036,90.9 -69.022399,0.133053,91.0 -69.022535,0.133094,90.9 -69.022601,0.133125,90.8 -69.022663,0.133158,90.5 -69.022774,0.133242,90.0 -69.022869,0.133348,90.4 -69.022907,0.133405,90.2 -69.022988,0.1336,89.9 -69.023013,0.133738,90.1 -69.023028,0.134022,90.1 -69.023014,0.134385,90.4 -69.02295,0.135038,90.1 -69.022937,0.135331,90.8 -69.02294,0.135693,90.4 -69.022957,0.135982,90.4 -69.022986,0.13627,89.9 -69.023046,0.13655,89.4 -69.023406,0.137583,90.0 -69.023472,0.137711,90.0 -69.023593,0.137888,89.9 -69.023685,0.137997,89.7 -69.023788,0.138096,89.4 -69.023901,0.138185,89.3 -69.024021,0.138262,88.8 -69.024212,0.138358,88.5 -69.024411,0.13844,88.8 -69.024613,0.138503,88.3 -69.025457,0.138725,88.9 -69.026145,0.138976,88.2 -69.026717,0.13914,88.6 -69.027346,0.139361,88.6 -69.027919,0.139515,88.0 -69.028128,0.139584,87.5 -69.02833,0.139673,87.4 -69.028522,0.139777,86.7 -69.028647,0.139857,86.9 -69.028946,0.140078,88.2 -69.029448,0.140497,88.2 -69.030024,0.14105,89.0 -69.030412,0.141383,89.5 -69.030871,0.141743,90.2 -69.031464,0.142159,90.0 -69.031688,0.142342,90.3 -69.032009,0.142633,90.2 -69.032265,0.142886,90.3 -69.032664,0.14331,89.6 -69.033027,0.143674,89.4 -69.033269,0.143952,89.6 -69.033398,0.144125,89.8 -69.033555,0.14437,90.2 -69.033959,0.145128,90.6 -69.034488,0.146242,91.2 -69.03467,0.146558,91.2 -69.035202,0.147346,91.2 -69.035331,0.147521,91.1 -69.035523,0.147737,90.8 -69.035994,0.148183,90.4 -69.036216,0.148366,90.3 -69.03614,0.148294,90.3 -69.036485,0.148602,89.3 -69.036718,0.148774,89.3 -69.037197,0.149077,88.5 -69.037504,0.149255,88.2 -69.037758,0.149387,88.3 -69.038026,0.1495,88.6 -69.038164,0.149545,88.7 -69.038304,0.149577,89.0 -69.038446,0.149594,88.9 -69.038588,0.14959,89.0 -69.038726,0.149561,89.3 -69.038791,0.149535,89.3 -69.038914,0.149465,89.3 -69.039024,0.149375,89.3 -69.039073,0.149322,89.3 -69.039197,0.149143,89.7 -69.039326,0.14888,89.9 -69.039453,0.148531,90.6 -69.039716,0.147596,90.8 -69.039805,0.147392,91.3 -69.039918,0.147208,90.6 -69.04001,0.147095,90.8 -69.040114,0.146995,90.6 -69.04029,0.146878,90.4 -69.04042,0.14682,90.5 -69.040618,0.146752,90.0 -69.041037,0.146648,89.3 -69.041749,0.146523,88.2 -69.042254,0.146415,87.4 -69.04268,0.146298,87.4 -69.043742,0.145981,87.9 -69.043959,0.145928,87.7 -69.044255,0.145872,87.8 -69.044476,0.145852,88.2 -69.044698,0.145862,88.4 -69.044846,0.145892,89.1 -69.04506,0.145959,88.7 -69.045205,0.146012,89.0 -69.045345,0.146078,89.0 -69.045479,0.146158,88.8 -69.0456,0.146257,89.0 -69.04575,0.146433,89.2 -69.045863,0.146621,89.3 -69.046011,0.146951,89.7 -69.046128,0.147293,89.4 -69.046224,0.147645,88.9 -69.046291,0.147852,88.9 -69.046398,0.148125,89.5 -69.046685,0.148713,89.3 -69.046936,0.149158,89.0 -69.047098,0.149402,89.3 -69.047245,0.149565,89.6 -69.047418,0.149701,89.8 -69.047665,0.14986,89.8 -69.047927,0.150001,89.9 -69.048126,0.150091,89.8 -69.048331,0.150167,90.0 -69.048473,0.150204,90.1 -69.048689,0.150238,89.9 -69.048905,0.150242,90.0 -69.049189,0.150202,90.1 -69.049397,0.150142,90.4 -69.04967,0.150035,91.2 -69.049865,0.149941,90.8 -69.050232,0.149711,89.9 -69.050745,0.149306,89.6 -69.051863,0.148461,89.3 -69.052097,0.148273,89.5 -69.052282,0.148144,89.5 -69.052479,0.148039,89.4 -69.052615,0.147981,89.2 -69.052892,0.147888,89.1 -69.054007,0.147591,89.1 -69.054504,0.147473,89.1 -69.054845,0.147344,89.3 -69.055236,0.147138,89.4 -69.055488,0.146984,89.3 -69.055664,0.146847,89.1 -69.055817,0.146689,88.7 -69.055947,0.14651,89.0 -69.056056,0.146323,88.9 -69.056112,0.146187,88.7 -69.056169,0.145979,89.1 -69.056198,0.145767,89.1 -69.056198,0.145553,89.4 -69.056181,0.145411,89.7 -69.056148,0.145272,89.8 -69.056019,0.144936,90.0 -69.055923,0.144741,90.0 -69.055533,0.144039,90.1 -69.055415,0.143768,89.9 -69.055315,0.143487,89.9 -69.055218,0.143127,89.6 -69.055173,0.142906,89.7 -69.05514,0.142685,89.6 -69.055128,0.142535,89.2 -69.05513,0.142383,89.2 -69.055143,0.142156,89.1 -69.055169,0.14193,89.2 -69.055218,0.141706,89.5 -69.055297,0.141492,89.0 -69.055392,0.141287,89.1 -69.055513,0.141094,88.6 -69.055613,0.140984,88.3 -69.055718,0.140885,88.2 -69.055834,0.140801,88.9 -69.055942,0.140741,86.8 -69.055997,0.140743,85.0 -69.055907,0.140745,87.4 -69.056013,0.140675,87.4 -69.058126,0.142675,86.8 -69.058139,0.142748,86.4 -69.05832,0.143127,89.3 -69.058474,0.14331,88.3 -69.058604,0.143706,90.8 -69.058662,0.143771,91.8 -69.06002,0.14458,85.6 -69.060466,0.144629,85.5 -69.060841,0.144745,85.8 -69.060921,0.144746,85.9 -69.061084,0.144652,84.7 -69.061359,0.144591,84.2 -69.061483,0.144551,84.9 -69.061549,0.14451,84.4 -69.061615,0.144487,83.9 -69.062338,0.143791,85.8 -69.062475,0.143698,85.1 -69.066597,0.146471,80.4 -69.067388,0.14728,79.7 -69.067656,0.147521,80.7 -69.067816,0.147686,80.9 -69.067952,0.147775,81.6 -69.068116,0.147902,80.8 -69.06858,0.148115,79.1 -69.068893,0.148169,78.7 -69.069076,0.148181,80.0 -69.069141,0.148155,78.2 -69.069233,0.148166,78.7 -69.069301,0.148106,78.9 -69.069646,0.14804,78.8 -69.070231,0.147583,79.9 -69.070328,0.147475,79.3 -69.070491,0.147202,80.5 -69.070602,0.146776,80.1 -69.070629,0.146601,80.1 -69.070617,0.146523,80.7 -69.070629,0.146449,80.1 -69.070617,0.146387,80.5 -69.070661,0.145364,79.8 -69.070681,0.14514,80.8 -69.070678,0.144933,80.1 -69.070683,0.144853,79.9 -69.070716,0.144777,80.7 -69.070722,0.144703,80.7 -69.070692,0.144966,80.0 -69.070744,0.144404,80.5 -69.070741,0.144339,81.2 -69.07077,0.144174,82.8 -69.070782,0.14402,83.9 -69.070823,0.143807,84.7 -69.070842,0.143598,85.8 -69.070894,0.14338,86.0 -69.070942,0.143229,86.9 -69.070971,0.143088,86.8 -69.071072,0.142799,87.7 -69.071194,0.142528,87.0 -69.07138,0.142264,89.1 -69.071584,0.142065,89.6 -69.071873,0.14183,89.4 -69.072105,0.141679,88.6 -69.072238,0.141625,89.2 -69.072461,0.14158,89.8 -69.072537,0.141552,89.0 -69.072614,0.141542,91.1 -69.072892,0.141563,89.7 -69.073105,0.14163,88.8 -69.07324,0.141696,88.4 -69.073554,0.141876,88.0 -69.073753,0.142012,89.3 -69.074006,0.142275,90.5 -69.074155,0.142494,91.0 -69.074323,0.142836,90.0 -69.074396,0.142951,89.3 -69.074444,0.143108,88.7 -69.074508,0.143269,88.0 -69.074536,0.143383,88.0 -69.074604,0.143543,88.2 -69.074947,0.144531,85.4 -69.075006,0.144656,85.5 -69.07511,0.144933,85.7 -69.075199,0.145116,84.2 -69.075254,0.145257,84.0 -69.075438,0.14565,84.4 -69.075598,0.145965,85.1 -69.07562,0.146042,85.1 -69.07617,0.147062,87.6 -69.076458,0.147574,87.9 -69.076653,0.147875,87.5 -69.07675,0.147986,88.0 -69.076969,0.148174,87.4 -69.077213,0.148317,87.5 -69.077494,0.148437,88.9 -69.077772,0.14853,91.5 -69.077987,0.148586,92.6 -69.078346,0.148648,91.9 -69.07849,0.148658,91.1 -69.078631,0.148655,90.5 -69.078919,0.148599,91.1 -69.079329,0.148468,89.7 -69.079721,0.148291,88.0 -69.080014,0.148059,88.3 -69.08012,0.14796,89.4 -69.080152,0.147881,89.4 -69.080227,0.147772,89.9 -69.080294,0.147641,89.8 -69.08037,0.147436,90.2 -69.08042,0.147227,89.6 -69.080437,0.147086,89.4 -69.080424,0.146802,89.2 -69.080413,0.146733,89.0 -69.080099,0.14555,87.8 -69.079919,0.144992,87.2 -69.079681,0.144374,86.8 -69.079563,0.144027,86.6 -69.07944,0.143603,87.1 -69.079391,0.143386,86.9 -69.079355,0.14302,87.1 -69.079361,0.142726,87.2 -69.079391,0.142507,87.2 -69.079422,0.142362,87.3 -69.07951,0.14208,87.1 -69.079688,0.141677,87.3 -69.079794,0.141478,87.8 -69.079876,0.141356,88.3 -69.080016,0.141184,88.4 -69.080175,0.141028,88.1 -69.080353,0.140896,88.8 -69.080552,0.140795,88.9 -69.080766,0.140728,89.5 -69.080987,0.140683,89.5 -69.081206,0.140673,89.9 -69.081424,0.140703,89.3 -69.081632,0.140772,88.3 -69.081762,0.14084,88.4 -69.081885,0.140919,87.7 -69.081941,0.140967,87.4 -69.082134,0.141174,87.6 -69.082253,0.141349,86.8 -69.082379,0.141599,86.5 -69.082514,0.142,86.8 -69.082585,0.142277,87.2 -69.082652,0.142633,87.2 -69.082769,0.143122,88.3 -69.082872,0.143467,88.5 -69.083008,0.143805,88.2 -69.083444,0.144726,87.3 -69.08368,0.1451,86.4 -69.083864,0.145324,86.2 -69.084481,0.145953,86.2 -69.084699,0.146157,86.9 -69.084872,0.146291,86.6 -69.085055,0.146406,86.9 -69.085324,0.146539,87.9 -69.0856,0.146633,87.7 -69.085883,0.146692,87.7 -69.086172,0.146717,86.9 -69.086317,0.146715,86.2 -69.086677,0.146667,85.9 -69.086892,0.146611,85.3 -69.087159,0.146503,85.6 -69.087353,0.146403,85.7 -69.087533,0.146279,86.2 -69.087368,0.146366,84.0 -69.087902,0.145824,87.0 -69.08799,0.145621,88.1 -69.088029,0.145478,88.0 -69.088056,0.145332,88.5 -69.088066,0.145111,88.9 -69.088039,0.144896,89.2 -69.087974,0.144618,89.6 -69.087904,0.144409,89.1 -69.08778,0.144147,88.7 -69.087517,0.143631,88.3 -69.087302,0.143245,87.2 -69.087117,0.142923,86.8 -69.086768,0.142368,86.8 -69.08666,0.142175,86.4 -69.086537,0.141908,86.7 -69.086272,0.141226,87.0 -69.086114,0.140897,86.9 -69.085915,0.140511,86.8 -69.085639,0.139916,85.3 -69.085503,0.139659,84.4 -69.085345,0.139406,84.4 -69.085281,0.139273,84.5 -69.085168,0.139077,84.2 -69.085076,0.138883,82.7 -69.084992,0.138674,82.9 -69.084915,0.138389,84.2 -69.084875,0.138157,84.7 -69.084839,0.137708,86.2 -69.084838,0.137483,86.5 -69.08485,0.137262,86.0 -69.08489,0.136912,87.5 -69.084922,0.136757,86.8 -69.084991,0.136535,86.6 -69.085044,0.136411,86.9 -69.085485,0.135649,85.4 -69.08561,0.135457,85.5 -69.085694,0.135337,85.6 -69.085832,0.135168,85.5 -69.085932,0.135062,85.5 -69.086044,0.134963,84.7 -69.08624,0.134827,84.5 -69.086436,0.134718,85.3 -69.086641,0.134628,85.3 -69.086867,0.134562,86.4 -69.087022,0.134547,86.0 -69.087246,0.134565,85.9 -69.087451,0.134618,85.6 -69.08765,0.134696,85.2 -69.087907,0.134841,85.5 -69.088078,0.134976,85.7 -69.088284,0.13518,85.1 -69.088371,0.13529,86.1 -69.08845,0.135427,86.0 -69.08854,0.135629,85.9 -69.088674,0.136042,86.1 -69.08895,0.137006,89.0 -69.08909,0.137647,87.5 -69.089164,0.137856,87.4 -69.089227,0.137988,87.4 -69.089376,0.138224,87.2 -69.089546,0.138453,87.8 -69.089693,0.138617,87.6 -69.089849,0.138763,88.1 -69.089964,0.138845,88.3 -69.090223,0.138967,88.5 -69.090429,0.139026,88.6 -69.090851,0.139103,88.5 -69.091157,0.139126,90.0 -69.09138,0.139127,89.0 -69.091651,0.139101,86.8 -69.091846,0.139047,86.4 -69.091985,0.138993,86.0 -69.092113,0.138928,85.7 -69.092226,0.138846,85.6 -69.092328,0.138752,85.5 -69.092424,0.138642,85.4 -69.09254,0.138461,85.5 -69.092624,0.138267,85.0 -69.092672,0.138064,85.3 -69.092683,0.137924,85.9 -69.092673,0.137784,86.3 -69.092641,0.137647,86.4 -69.092589,0.137521,86.7 -69.092395,0.137243,84.8 -69.091902,0.136653,86.2 -69.091228,0.135816,86.2 -69.091099,0.135635,85.6 -69.090998,0.135438,86.1 -69.09095,0.135299,85.7 -69.090923,0.135154,85.0 -69.090914,0.135003,83.9 -69.090946,0.134778,85.3 -69.091013,0.134562,85.8 -69.091117,0.134368,85.5 -69.091258,0.134204,85.6 -69.091433,0.134069,85.4 -69.09163,0.133964,86.3 -69.091771,0.133924,87.2 -69.091915,0.133911,87.6 -69.092055,0.133922,87.8 -69.092193,0.133954,87.9 -69.092324,0.134011,87.2 -69.092508,0.134123,86.7 -69.092681,0.134255,86.3 -69.092954,0.134501,84.7 -69.09357,0.135155,83.5 -69.093739,0.135305,83.0 -69.093978,0.135488,82.8 -69.094292,0.135683,83.2 -69.094554,0.13582,83.4 -69.094832,0.135933,82.9 -69.095049,0.13599,83.3 -69.095194,0.136011,83.0 -69.095406,0.136011,82.5 -69.095757,0.135964,83.0 -69.095894,0.135937,82.9 -69.096099,0.135878,83.2 -69.096367,0.135773,83.0 -69.09669,0.13561,83.4 -69.09715,0.135321,84.5 -69.097257,0.135283,84.5 -69.09747,0.135233,85.3 -69.09756,0.135183,85.2 -69.097628,0.135114,85.1 -69.097671,0.135036,84.6 -69.097681,0.134915,84.6 -69.09767,0.134878,85.1 -69.097622,0.134816,85.5 -69.097555,0.134776,85.7 -69.097483,0.134763,86.2 -69.097406,0.134773,86.5 -69.097332,0.134807,86.6 -69.096663,0.135302,84.0 -69.096659,0.135327,86.0 -69.096673,0.135418,84.0 -69.096659,0.135517,85.0 -69.096637,0.135583,84.0 -69.096601,0.135642,84.0 -69.096575,0.135658,84.0 -69.096548,0.135644,84.0 -69.096398,0.135439,85.0 -69.096381,0.135386,85.0 -69.096401,0.135396,88.0 -69.096408,0.135449,84.0 -69.096375,0.135632,85.0 -69.096385,0.135657,87.0 -69.096464,0.1357,87.0 -69.096578,0.135712,86.0 -69.096732,0.13567,86.0 -69.096876,0.135602,87.2 -69.097121,0.135439,86.9 -69.097543,0.135111,87.3 -69.09792,0.134843,87.5 -69.098478,0.134483,89.5 -69.09905,0.134142,88.4 -69.099497,0.133923,88.1 -69.099555,0.133882,88.2 -69.099627,0.133853,86.5 -69.099946,0.133677,87.5 -69.100269,0.133525,87.2 -69.102493,0.132563,86.5 -69.102772,0.132471,85.4 -69.10333,0.132322,86.7 -69.103477,0.132296,86.4 -69.103622,0.132283,86.8 -69.103914,0.1323,87.1 -69.104126,0.13235,87.9 -69.104325,0.132433,88.6 -69.104511,0.132548,89.0 -69.104738,0.132733,89.4 -69.1049,0.132887,89.4 -69.105,0.132999,89.4 -69.105128,0.133186,88.6 -69.105278,0.133453,87.7 -69.105351,0.13367,87.1 -69.105375,0.133818,88.4 -69.105365,0.134037,88.7 -69.10534,0.134174,88.3 -69.105293,0.134313,88.7 -69.105193,0.134501,88.4 -69.105109,0.134608,89.5 -69.1049,0.134806,89.4 -69.104062,0.135484,90.8 -69.10429,0.135303,88.0 -69.103055,0.136326,90.1 -69.102466,0.136862,91.2 -69.102171,0.137177,91.2 -69.101841,0.137565,91.0 -69.101584,0.137925,90.5 -69.101201,0.13856,89.3 -69.101112,0.138756,90.0 -69.101066,0.138892,90.5 -69.101107,0.13883,90.0 -69.100959,0.139391,90.8 -69.100947,0.139683,90.7 -69.100965,0.139905,91.4 -69.100998,0.140123,91.1 -69.101034,0.140265,91.0 -69.10112,0.140467,91.9 -69.101236,0.140646,92.7 -69.101387,0.140806,92.3 -69.101566,0.14093,93.1 -69.101766,0.141026,92.0 -69.101903,0.141064,92.6 -69.102114,0.141084,92.5 -69.102251,0.141076,92.7 -69.10239,0.141047,92.5 -69.102522,0.141,92.0 -69.102751,0.140848,91.5 -69.102851,0.140756,90.8 -69.10337,0.14017,89.7 -69.103459,0.14006,89.3 -69.103307,0.14024,88.0 -69.103591,0.13989,89.5 -69.103851,0.13955,90.0 -69.104566,0.138734,90.3 -69.104725,0.138577,89.7 -69.105176,0.138193,88.7 -69.105301,0.138107,88.6 -69.105427,0.138036,88.6 -69.105572,0.137974,87.2 -69.105849,0.137891,88.8 -69.106,0.137868,88.8 -69.106154,0.137868,89.0 -69.106304,0.137882,89.2 -69.106446,0.137919,89.6 -69.106648,0.138012,90.0 -69.106756,0.138098,90.4 -69.106799,0.138155,90.1 -69.106835,0.138214,90.1 -69.106882,0.138339,90.2 -69.106896,0.13853,89.6 -69.106881,0.138654,89.5 -69.106835,0.138772,89.4 -69.106765,0.138887,89.7 -69.106676,0.138979,89.5 -69.106285,0.139255,90.4 -69.106006,0.139481,90.0 -69.105734,0.139725,90.0 -69.10552,0.139935,88.6 -69.105335,0.140153,88.2 -69.105171,0.140389,88.9 -69.105036,0.140655,88.4 -69.104847,0.141271,88.9 -69.104819,0.141422,88.8 -69.104803,0.141646,89.0 -69.104808,0.14187,89.2 -69.104822,0.142015,88.7 -69.104867,0.142225,88.8 -69.104932,0.142428,89.0 -69.105058,0.142687,90.1 -69.105167,0.142868,90.9 -69.105421,0.143235,92.5 -69.105561,0.143405,91.9 -69.105708,0.143568,92.2 -69.105818,0.143664,92.3 -69.106,0.143792,93.1 -69.106194,0.143892,93.7 -69.106535,0.14404,93.9 -69.106749,0.144103,92.4 -69.106951,0.14414,92.9 -69.107091,0.144155,93.8 -69.107241,0.144158,92.8 -69.107383,0.144145,92.5 -69.107517,0.144118,92.5 -69.107856,0.14402,89.8 -69.108177,0.143892,89.1 -69.109212,0.14337,88.8 -69.110044,0.142923,89.6 -69.110363,0.142738,89.8 -69.110628,0.14261,90.4 -69.111172,0.142382,91.0 -69.111376,0.142314,90.8 -69.111519,0.142281,90.4 -69.111952,0.142226,91.2 -69.112175,0.142229,91.8 -69.112321,0.14225,91.5 -69.112463,0.142286,91.9 -69.112668,0.142372,92.1 -69.112793,0.142445,92.4 -69.112912,0.14253,92.1 -69.112968,0.142579,92.2 -69.113111,0.142738,92.4 -69.113186,0.142865,92.4 -69.113239,0.142992,92.9 -69.113274,0.143198,92.8 -69.113263,0.14333,93.1 -69.113186,0.143597,93.1 -69.11283,0.14454,94.3 -69.112774,0.144753,94.4 -69.112719,0.145037,94.7 -69.112709,0.145329,95.0 -69.112743,0.145551,94.7 -69.112789,0.145687,94.3 -69.112897,0.145873,94.0 -69.113098,0.146068,93.7 -69.113279,0.146177,94.4 -69.113533,0.14629,94.9 -69.114261,0.146568,95.5 -69.114528,0.14668,95.2 -69.114869,0.146835,93.3 -69.114995,0.146911,94.0 -69.115114,0.146997,94.0 -69.115323,0.147196,93.7 -69.115516,0.147406,93.5 -69.115839,0.1478,92.5 -69.116175,0.148285,91.6 -69.116672,0.149118,91.0 -69.116914,0.149488,90.7 -69.117309,0.150018,90.7 -69.11746,0.150179,91.0 -69.117682,0.150364,91.4 -69.117874,0.15048,91.7 -69.11814,0.150593,92.3 -69.118645,0.150714,93.0 -69.118928,0.150759,94.0 -69.119146,0.150776,94.3 -69.11936,0.150774,94.5 -69.119647,0.150729,94.1 -69.119855,0.150669,93.5 -69.120056,0.150585,93.3 -69.120249,0.150482,92.5 -69.120614,0.150238,92.2 -69.120782,0.150104,91.8 -69.120941,0.149958,91.3 -69.121141,0.149748,91.0 -69.122021,0.148677,90.8 -69.12233,0.148277,91.1 -69.122631,0.147865,90.3 -69.122912,0.14744,89.9 -69.123002,0.147322,89.5 -69.123339,0.146928,90.4 -69.123498,0.146784,90.2 -69.123673,0.146653,90.4 -69.124047,0.146429,90.8 -69.124369,0.146257,91.0 -69.124632,0.146131,90.8 -69.125103,0.145933,90.9 -69.125585,0.145772,90.3 -69.125795,0.145726,90.0 -69.126082,0.1457,89.6 -69.126589,0.145686,89.5 -69.127034,0.145694,90.6 -69.127106,0.145702,90.7 -69.127318,0.145751,91.0 -69.127528,0.145821,91.3 -69.127861,0.145976,91.8 -69.127981,0.146058,91.9 -69.128146,0.146205,91.5 -69.128241,0.146315,91.6 -69.128358,0.146503,91.3 -69.128421,0.146637,91.3 -69.128464,0.14678,91.2 -69.128495,0.146925,91.2 -69.128517,0.147146,91.5 -69.128514,0.147366,91.3 -69.128494,0.147512,91.4 -69.128446,0.14765,91.3 -69.128387,0.147781,91.4 -69.128231,0.148014,91.7 -69.127882,0.148468,92.1 -69.127643,0.148733,92.5 -69.126865,0.149499,92.6 -69.126547,0.149795,92.7 -69.126158,0.150128,92.6 -69.126003,0.150281,92.7 -69.125665,0.150652,92.7 -69.125578,0.150768,92.8 -69.12542,0.151015,91.9 -69.125358,0.15114,91.5 -69.125266,0.151408,92.9 -69.125243,0.151548,93.3 -69.125232,0.151766,92.6 -69.125239,0.151975,92.6 -69.125263,0.152037,93.8 -69.12526,0.152196,91.9 -69.125295,0.152487,92.5 -69.125306,0.152705,92.8 -69.125309,0.153217,94.1 -69.125294,0.153507,93.0 -69.125276,0.153655,92.4 -69.125221,0.153951,91.8 -69.125107,0.154392,90.0 -69.124943,0.154817,88.5 -69.124874,0.154948,87.8 -69.124267,0.15587,87.0 -69.123992,0.156215,86.3 -69.123712,0.156632,87.1 -69.123354,0.15735,88.1 -69.123197,0.157687,88.3 -69.123034,0.158096,88.4 -69.122972,0.158308,88.1 -69.122885,0.158742,87.3 -69.122832,0.15918,87.5 -69.122811,0.159547,87.9 -69.122828,0.159841,87.5 -69.122853,0.159988,89.4 -69.12297,0.160417,88.5 -69.123083,0.160689,88.6 -69.123185,0.16088,88.4 -69.123586,0.161482,88.3 -69.123808,0.161772,88.4 -69.12395,0.161932,88.4 -69.12441,0.162382,88.4 -69.124573,0.162519,88.5 -69.124746,0.16264,88.4 -69.124991,0.162783,88.1 -69.125184,0.162875,88.4 -69.125317,0.162919,88.5 -69.12552,0.16295,88.7 -69.125656,0.162951,88.7 -69.125791,0.162933,88.8 -69.125921,0.162894,88.8 -69.126045,0.162839,88.9 -69.126279,0.162696,89.2 -69.126824,0.162255,88.9 -69.127153,0.161966,89.9 -69.12762,0.161488,89.7 -69.127839,0.161289,90.0 -69.128068,0.161098,90.0 -69.128307,0.160929,90.9 -69.128629,0.160745,90.1 -69.128762,0.160684,90.3 -69.128974,0.16062,90.2 -69.129119,0.160599,90.2 -69.129417,0.160599,90.3 -69.129703,0.160665,90.1 -69.12984,0.160721,90.0 -69.129968,0.160796,90.1 -69.130079,0.160888,90.1 -69.130214,0.161055,89.4 -69.130282,0.161183,89.1 -69.130336,0.161316,88.9 -69.13041,0.161596,88.9 -69.130445,0.161811,89.0 -69.130503,0.162387,88.7 -69.130534,0.163041,88.6 -69.130617,0.163773,88.4 -69.130678,0.164504,88.2 -69.130736,0.164943,87.6 -69.130832,0.165522,87.4 -69.131002,0.166932,88.0 -69.131009,0.167096,89.1 -69.130991,0.167202,88.0 -69.130926,0.167395,88.0 -69.130882,0.167565,88.0 -69.130809,0.167676,84.0 -69.130799,0.167718,89.0 -69.130812,0.167646,88.0 -69.130706,0.167836,86.0 -69.130618,0.167844,89.0 -69.130583,0.16779,89.0 -69.130522,0.167771,90.0 -69.130519,0.167828,89.0 -69.130498,0.167908,88.0 -69.130507,0.167956,89.0 -69.130354,0.168157,89.0 -69.130125,0.16833,92.0 -69.13006,0.168404,88.0 -69.130007,0.168401,89.0 -69.130002,0.168433,88.0 -69.12997,0.168494,90.0 -69.12993,0.168516,91.0 -69.129941,0.168594,91.0 -69.12991,0.1687,91.0 -69.129892,0.16868,93.0 -69.129911,0.168624,90.0 -69.129955,0.168612,91.0 -69.129968,0.168671,91.0 -69.129937,0.168693,92.0 -69.129987,0.168648,91.0 -69.130031,0.16865,93.0 -69.130055,0.168712,91.0 -69.130172,0.168804,92.0 -69.130189,0.168828,91.0 -69.130198,0.168922,91.0 -69.130221,0.168949,90.0 -69.130217,0.169022,92.0 -69.13027,0.169067,91.0 -69.130225,0.169094,95.3 -69.13025,0.169076,92.0 -69.130253,0.169044,92.0 -69.130231,0.168966,92.0 -69.130249,0.169002,91.0 -69.130233,0.169041,93.0 -69.13024,0.169077,92.6 -69.130229,0.169141,92.3 -69.13024,0.169077,88.0 -69.130189,0.169038,84.0 -69.130259,0.169084,88.0 -69.130216,0.169056,87.0 -69.130248,0.169081,95.5 -69.130367,0.169084,93.0 -69.130342,0.169112,90.0 -69.130332,0.169092,96.0 -69.130334,0.169045,94.0 -69.130333,0.169102,93.0 -69.130365,0.169104,91.0 -69.130383,0.169043,94.0 -69.130335,0.169052,96.0 -69.130278,0.169138,100.7 -69.130299,0.169069,100.0 -69.130294,0.169111,100.8 -69.130353,0.169084,90.0 -69.130356,0.169119,98.0 -69.130322,0.169111,96.0 -69.130334,0.169071,95.0 -69.130365,0.169071,96.0 -69.130407,0.169047,96.0 -69.130373,0.169057,96.0 -69.130431,0.169091,97.0 -69.130444,0.169119,97.4 -69.130416,0.169041,97.3 -69.130403,0.169162,95.0 -69.130373,0.169135,98.4 -69.13042,0.169121,98.0 -69.130396,0.169099,98.3 -69.130423,0.169054,91.0 -69.130475,0.169082,96.0 -69.130435,0.169109,99.7 -69.130403,0.16909,100.0 -69.130438,0.169067,91.0 -69.130443,0.169036,96.0 -69.13046,0.169077,96.0 -69.130436,0.169125,92.0 -69.130508,0.16912,87.0 -69.130465,0.169079,91.0 -69.130545,0.169076,94.3 -69.130527,0.16906,95.0 -69.130473,0.169049,96.0 -69.13046,0.169076,94.0 -69.130426,0.169029,94.0 -69.130405,0.168961,92.0 -69.130431,0.168982,100.0 -69.13043,0.169023,100.0 -69.130405,0.169035,97.0 -69.130405,0.169085,91.0 -69.130375,0.169038,96.0 -69.130368,0.168981,90.0 -69.13033,0.168959,97.0 -69.130343,0.169026,99.0 -69.130326,0.169067,95.0 -69.130264,0.169036,97.2 -69.130289,0.169054,96.0 -69.130272,0.169102,96.0 -69.130237,0.169101,90.0 -69.130229,0.169177,95.0 -69.130293,0.169142,95.0 -69.130269,0.169092,98.0 -69.130154,0.169114,100.0 -69.130236,0.169115,99.0 -69.130239,0.169017,96.0 -69.130266,0.168993,96.0 -69.13023,0.169091,94.0 -69.130251,0.169123,94.0 -69.130282,0.16911,91.0 -69.130306,0.169074,91.0 -69.130243,0.169047,91.0 -69.130271,0.169025,95.0 -69.130237,0.169038,91.0 -69.130224,0.168955,92.0 -69.130206,0.168917,89.0 -69.130214,0.168845,99.0 -69.130181,0.168826,96.0 -69.130156,0.168783,92.0 -69.130171,0.16876,93.0 -69.130153,0.16873,93.0 -69.13009,0.168711,91.0 -69.130036,0.168741,94.0 -69.130051,0.168684,93.0 -69.130006,0.168641,95.0 -69.129949,0.16859,91.0 -69.129944,0.168616,95.0 -69.130013,0.16855,96.0 -69.130007,0.168521,96.0 -69.130033,0.168484,87.0 -69.13003,0.168532,95.0 -69.129967,0.168519,95.0 -69.130036,0.168468,96.0 -69.130071,0.168408,93.0 -69.130234,0.168254,93.0 -69.130328,0.168194,93.0 -69.13051,0.167948,95.0 -69.130542,0.167955,94.2 -69.130518,0.167911,93.0 -69.130517,0.16788,90.0 -69.130582,0.167777,90.0 -69.130887,0.167682,91.4 -69.131005,0.167607,88.0 -69.131147,0.167435,91.0 -69.13117,0.167365,90.0 -69.131198,0.167328,92.7 -69.131231,0.167333,92.6 -69.131314,0.167518,93.7 -69.131336,0.167628,94.0 -69.131381,0.167736,88.0 -69.131336,0.167685,93.0 -69.13129,0.167684,91.0 -69.131193,0.167523,91.0 -69.131159,0.167492,96.0 -69.131285,0.168047,97.0 -69.131583,0.168829,96.3 -69.131638,0.168951,96.1 -69.131705,0.169065,95.9 -69.131867,0.169273,95.6 -69.132013,0.16941,95.2 -69.132171,0.169529,95.0 -69.132342,0.169629,94.4 -69.132529,0.169711,94.7 -69.132722,0.169769,95.0 -69.132852,0.169794,95.0 -69.132985,0.169802,94.8 -69.133185,0.169789,94.4 -69.133391,0.169755,94.5 -69.133593,0.169703,94.4 -69.133726,0.169659,94.4 -69.13392,0.169575,94.2 -69.134101,0.169467,93.9 -69.134444,0.169225,94.2 -69.134602,0.169085,94.4 -69.134745,0.168929,94.2 -69.135094,0.168486,93.0 -69.135207,0.168307,93.0 -69.135307,0.168119,92.9 -69.135423,0.167859,93.0 -69.135492,0.167659,92.8 -69.135561,0.167386,92.8 -69.135625,0.167108,92.7 -69.135645,0.166968,92.8 -69.135658,0.166829,92.6 -69.135656,0.166613,93.2 -69.135548,0.166077,92.6 -69.13549,0.165883,92.3 -69.135421,0.165694,91.9 -69.135236,0.165019,92.0 -69.135215,0.164878,92.0 -69.135207,0.164736,92.3 -69.135225,0.164593,92.4 -69.135272,0.164458,92.7 -69.135339,0.164331,92.8 -69.135548,0.164043,93.2 -69.135642,0.163963,93.1 -69.135789,0.163884,92.7 -69.135892,0.163865,93.0 -69.135996,0.163869,92.9 -69.136101,0.163895,92.7 -69.136257,0.163968,93.3 -69.136659,0.164255,94.1 -69.136766,0.164321,94.2 -69.136938,0.164399,94.7 -69.137119,0.164454,95.0 -69.137607,0.164564,95.1 -69.137731,0.164577,94.5 -69.137918,0.164562,94.7 -69.138341,0.164431,94.3 -69.138515,0.164353,94.2 -69.138627,0.164286,94.3 -69.138776,0.164166,94.3 -69.138866,0.164074,94.3 -69.138945,0.163973,93.9 -69.139012,0.163863,94.0 -69.139067,0.163745,94.2 -69.139131,0.16356,94.0 -69.139201,0.163295,93.8 -69.139239,0.163012,93.9 -69.139243,0.161366,92.1 -69.139213,0.160358,92.4 -69.139227,0.159925,92.9 -69.139263,0.159638,93.2 -69.13945,0.158948,93.7 -69.139572,0.158609,93.6 -69.139662,0.158412,93.6 -69.139732,0.158288,93.4 -69.139853,0.158108,93.1 -69.139942,0.157996,92.9 -69.140289,0.157624,93.0 -69.140457,0.157483,93.1 -69.140576,0.157403,93.2 -69.140701,0.157334,93.9 -69.140903,0.157244,95.0 -69.141108,0.157182,94.8 -69.14139,0.157123,94.1 -69.141536,0.157102,94.0 -69.141825,0.15708,93.7 -69.142333,0.157077,93.2 -69.142552,0.157094,92.8 -69.142696,0.157125,93.0 -69.142845,0.157171,93.2 -69.14305,0.157255,93.1 -69.143249,0.157369,93.5 -69.14343,0.157504,94.2 -69.143569,0.157683,93.8 -69.143637,0.15781,93.7 -69.143739,0.158086,93.8 -69.143773,0.15823,93.8 -69.143791,0.158378,94.1 -69.143782,0.158756,94.7 -69.143706,0.15935,95.5 -69.143568,0.16014,96.3 -69.143377,0.161013,96.3 -69.143359,0.161306,96.5 -69.143378,0.161521,96.3 -69.143428,0.161729,96.5 -69.14348,0.161863,96.6 -69.143582,0.162054,96.8 -69.143666,0.162171,96.8 -69.14381,0.162335,96.8 -69.144026,0.162522,96.7 -69.144146,0.162598,96.6 -69.14434,0.162682,96.4 -69.144541,0.162732,95.4 -69.144677,0.162753,95.8 -69.144897,0.162767,95.1 -69.145258,0.162768,94.7 -69.145842,0.16274,95.0 -69.146343,0.162695,94.8 -69.146773,0.162679,94.8 -69.147417,0.162698,94.8 -69.147703,0.162728,94.7 -69.147983,0.162785,94.8 -69.148192,0.162841,94.9 -69.148665,0.163002,94.9 -69.148923,0.163125,94.8 -69.149237,0.163296,94.9 -69.149545,0.16348,95.1 -69.149983,0.163723,94.9 -69.150178,0.163812,94.9 -69.150379,0.163886,94.9 -69.150518,0.163919,94.9 -69.150729,0.163935,94.9 -69.150871,0.163922,94.9 -69.151009,0.163886,95.0 -69.151139,0.163828,94.9 -69.151314,0.163708,95.0 -69.151415,0.163613,95.1 -69.151524,0.163443,95.1 -69.151562,0.163315,95.1 -69.151581,0.163111,95.1 -69.151571,0.162832,95.1 -69.151538,0.162547,95.1 -69.151421,0.161824,95.2 -69.151394,0.161541,95.0 -69.151399,0.161321,95.1 -69.151434,0.160882,95.1 -69.151461,0.160737,94.9 -69.151504,0.160593,94.9 -69.15166,0.160338,95.0 -69.151876,0.160035,94.8 -69.151979,0.159944,94.3 -69.152145,0.159818,93.2 -69.152452,0.159615,93.6 -69.152668,0.159428,93.5 -69.152852,0.159205,94.0 -69.152966,0.159021,94.3 -69.15302,0.158888,94.3 -69.15305,0.158751,94.3 -69.153059,0.158611,94.4 -69.153036,0.158401,94.3 -69.152974,0.158201,94.1 -69.152902,0.158082,94.7 -69.152812,0.15798,95.0 -69.152652,0.157861,94.8 -69.152533,0.157793,94.9 -69.152278,0.15768,95.0 -69.151945,0.157559,95.0 -69.151262,0.157368,95.2 -69.150994,0.157268,95.4 -69.150733,0.157145,95.4 -69.150484,0.156999,95.6 -69.150309,0.156869,95.6 -69.15015,0.15672,95.8 -69.150052,0.156611,95.8 -69.149966,0.156491,95.7 -69.149864,0.156292,95.7 -69.149786,0.156083,95.6 -69.149759,0.155939,95.5 -69.149749,0.155796,95.4 -69.149772,0.155584,95.2 -69.149811,0.155449,95.2 -69.149969,0.155057,94.9 -69.15021,0.154391,94.4 -69.150362,0.15392,94.7 -69.150425,0.153648,94.5 -69.150635,0.152106,94.3 -69.150654,0.151823,94.3 -69.150645,0.151398,94.2 -69.150649,0.150901,93.9 -69.150626,0.150403,94.6 -69.150627,0.150049,95.1 -69.150651,0.149556,94.9 -69.150661,0.148917,94.9 -69.150699,0.148487,94.9 -69.150739,0.148275,95.0 -69.150805,0.148068,95.1 -69.151,0.147599,95.0 -69.151146,0.147346,95.1 -69.15132,0.147108,95.2 -69.151463,0.146939,95.2 -69.151612,0.146788,94.9 -69.151783,0.146644,95.1 -69.151964,0.146516,94.8 -69.152092,0.146442,94.5 -69.152295,0.146361,94.6 -69.152505,0.146301,94.4 -69.152714,0.146255,94.8 -69.152935,0.146232,94.6 -69.153159,0.146247,94.9 -69.153738,0.146343,94.4 -69.153947,0.146413,94.5 -69.154081,0.146473,94.4 -69.154274,0.146584,94.3 -69.154571,0.14682,94.2 -69.154677,0.14693,94.2 -69.154761,0.147052,94.0 -69.154832,0.147182,94.1 -69.154911,0.14739,94.3 -69.15494,0.147537,94.3 -69.154951,0.147686,94.5 -69.154948,0.147911,94.5 -69.154907,0.148199,94.8 -69.15482,0.148468,95.3 -69.154704,0.148724,95.7 -69.154475,0.149158,96.0 -69.154172,0.149871,96.0 -69.15395,0.150468,96.3 -69.153864,0.150739,96.3 -69.153798,0.151015,96.3 -69.153615,0.15192,96.4 -69.153577,0.152274,96.1 -69.153572,0.152559,96.1 -69.153603,0.152987,95.9 -69.153672,0.153337,95.7 -69.153773,0.153681,95.6 -69.15385,0.153883,95.6 -69.153948,0.154075,95.7 -69.154073,0.15425,95.8 -69.154224,0.154403,95.8 -69.154335,0.154494,95.6 -69.154517,0.154608,95.6 -69.154712,0.154698,95.6 -69.154917,0.154762,95.5 -69.155129,0.154796,95.5 -69.155344,0.154795,95.5 -69.155559,0.154767,95.5 -69.155699,0.154731,95.5 -69.155901,0.154653,95.4 -69.156162,0.154524,95.3 -69.156354,0.154416,95.3 -69.156591,0.154251,95.0 -69.15675,0.154108,94.9 -69.156889,0.153949,94.8 -69.157097,0.153662,94.6 -69.157461,0.153049,94.7 -69.157699,0.152606,94.9 -69.15799,0.152105,94.7 -69.158217,0.151732,94.7 -69.158427,0.151436,94.8 -69.158753,0.151045,95.0 -69.158902,0.150886,95.1 -69.15906,0.150736,95.2 -69.159229,0.150598,95.3 -69.159407,0.150473,95.5 -69.159592,0.150361,95.4 -69.159785,0.150263,95.0 -69.159983,0.150179,95.2 -69.160255,0.150096,94.9 -69.160463,0.150056,94.9 -69.160882,0.15001,94.6 -69.161519,0.14999,94.5 -69.162157,0.149939,94.7 -69.162798,0.149905,94.8 -69.163011,0.149874,94.8 -69.163501,0.149771,94.6 -69.164052,0.149615,94.6 -69.164319,0.14952,94.7 -69.164445,0.149458,94.6 -69.164678,0.149306,94.6 -69.164892,0.149124,94.2 -69.165351,0.148689,93.9 -69.165618,0.148451,93.5 -69.165715,0.148392,93.6 -69.165877,0.148328,92.0 -69.165927,0.148281,92.0 -69.165929,0.14825,90.0 -69.165901,0.148227,92.0 -69.165866,0.148225,93.0 -69.165804,0.148244,94.0 -69.165637,0.148378,93.0 -69.165514,0.148513,94.1 -69.165392,0.14868,92.0 -69.165341,0.148772,92.0 -69.16525,0.148901,94.0 -69.165154,0.14902,93.0 -69.165048,0.149118,92.0 -69.164933,0.149197,94.0 -69.16472,0.149368,90.0 -69.164728,0.149432,95.6</coordinates>
                </LineString>
                <LineString id="12">
                    <extrude>0</extrude>
                    <altitudeMode>clampToGround</altitudeMode>
                    <coordinates>-69.164723,0.149474,95.8 -69.16471,0.149501,95.4 -69.164678,0.149498,92.0 -69.164624,0.14945,93.0 -69.164607,0.149418,94.0 -69.164542,0.149222,93.0 -69.16456,0.149132,95.4</coordinates>
                </LineString>
                <LineString id="16">
                    <extrude>0</extrude>
                    <altitudeMode>clampToGround</altitudeMode>
                    <coordinates>-69.16502,0.14867,109.2 -69.164943,0.148651,108.5 -69.164997,0.148598,92.0 -69.165014,0.14861,98.0 -69.16509,0.148554,96.0 -69.165231,0.148417,93.0 -69.165248,0.148388,92.0 -69.165247,0.148286,94.0 -69.165287,0.148241,93.0 -69.165294,0.148304,96.0 -69.165333,0.148353,96.0 -69.165468,0.148326,92.0 -69.165533,0.148291,93.0 -69.165802,0.148022,93.6 -69.166225,0.147656,93.3 -69.166697,0.147287,92.8 -69.166925,0.147135,92.6 -69.167108,0.147032,92.7 -69.167432,0.146903,92.7 -69.167773,0.146826,92.6 -69.167912,0.146804,92.7 -69.168121,0.146793,92.7 -69.168329,0.146799,92.7 -69.168467,0.146815,92.6 -69.168809,0.146895,93.0 -69.169008,0.146972,93.0 -69.169247,0.147128,93.1 -69.169361,0.147219,93.3 -69.169502,0.147385,93.3 -69.16957,0.147512,93.2 -69.169616,0.147648,93.2 -69.169639,0.14779,93.0 -69.169641,0.147861,93.0 -69.16961,0.148069,92.8 -69.169588,0.148135,92.8 -69.169527,0.148259,92.8 -69.169401,0.14842,92.7 -69.169248,0.148552,92.8 -69.168452,0.149106,93.6 -69.167816,0.149565,94.0 -69.167371,0.149926,94.3 -69.167163,0.150123,93.8 -69.166523,0.150816,94.0 -69.166441,0.150934,93.8 -69.166345,0.151127,93.7 -69.166238,0.151398,93.7 -69.166191,0.151616,93.5 -69.166175,0.151842,93.8 -69.166206,0.151985,93.8 -69.166297,0.152184,93.8 -69.166385,0.152303,93.8 -69.166546,0.152451,93.9 -69.166668,0.152521,94.1 -69.166799,0.152556,94.3 -69.166933,0.152565,94.3 -69.167138,0.152549,94.2 -69.167413,0.15251,93.9 -69.167826,0.152432,93.7 -69.168248,0.152367,93.5 -69.16839,0.152356,93.6 -69.168605,0.152357,93.6 -69.168893,0.152376,93.4 -69.169034,0.152398,93.2 -69.169242,0.152456,93.2 -69.169444,0.152531,93.4 -69.169573,0.152592,93.2 -69.16976,0.152701,93.3 -69.169936,0.152828,93.5 -69.170101,0.152971,93.6 -69.170253,0.153127,93.6 -69.170386,0.153296,93.7 -69.170543,0.153534,93.7 -69.170757,0.153904,94.0 -69.171384,0.155113,94.3 -69.171834,0.156014,94.2 -69.172012,0.156328,94.0 -69.172243,0.156692,94.1 -69.172499,0.157128,93.9 -69.172658,0.157369,93.8 -69.172789,0.15754,93.6 -69.173312,0.158145,93.4 -69.173758,0.158634,93.4 -69.173924,0.158777,93.3 -69.174395,0.15913,93.2 -69.174701,0.159335,93.0 -69.174894,0.159444,92.9 -69.175101,0.159525,93.1 -69.175173,0.15954,93.1 -69.175318,0.159547,92.8 -69.175462,0.159523,92.7 -69.175531,0.159499,92.7 -69.175658,0.159431,92.7 -69.175762,0.159331,92.8 -69.175849,0.159212,92.7 -69.17591,0.159081,92.8 -69.175928,0.159014,92.8 -69.175939,0.158948,92.7 -69.175935,0.158815,92.6 -69.175875,0.158482,92.6 -69.175807,0.157992,92.5 -69.175771,0.157633,92.6 -69.17576,0.157415,92.4 -69.175767,0.157195,92.5 -69.175786,0.157048,92.5 -69.175859,0.156764,92.4 -69.175945,0.156561,92.4 -69.176058,0.156371,92.3 -69.176151,0.156259,92.4 -69.176258,0.156158,92.5 -69.176382,0.156082,92.5 -69.176518,0.15603,92.4 -69.176658,0.155998,92.3 -69.176799,0.155985,92.2 -69.176941,0.15599,92.1 -69.177366,0.15604,91.8 -69.177934,0.156124,91.9 -69.178354,0.15621,92.0 -69.178903,0.156363,92.2 -69.179315,0.15646,92.4 -69.180077,0.156601,92.3 -69.180623,0.156749,92.7 -69.180899,0.156813,92.7 -69.181234,0.156922,92.6 -69.181619,0.157095,92.6 -69.181925,0.157269,92.5 -69.182212,0.157471,92.3 -69.182485,0.157694,92.5 -69.182859,0.158024,92.4 -69.183092,0.158191,92.1 -69.183276,0.1583,92.1 -69.183728,0.158516,92.2 -69.184403,0.158787,92.6 -69.184611,0.158857,92.3 -69.184754,0.158893,92.4 -69.185044,0.158929,92.7 -69.185409,0.158935,93.1 -69.185773,0.158912,92.9 -69.186064,0.158875,93.1 -69.186347,0.1588,93.3 -69.186616,0.158685,93.0 -69.186807,0.158576,93.0 -69.186923,0.158486,93.0 -69.187031,0.158386,93.2 -69.18723,0.158165,93.2 -69.187308,0.158038,93.2 -69.187352,0.157896,93.4 -69.187357,0.157747,93.3 -69.187348,0.157673,93.3 -69.18731,0.157531,93.2 -69.187245,0.157404,93.2 -69.187156,0.157299,93.2 -69.187001,0.157164,93.6 -69.186825,0.157057,93.4 -69.186635,0.15697,93.5 -69.186305,0.156847,93.4 -69.185493,0.156581,93.2 -69.185093,0.156428,93.3 -69.184639,0.156223,93.4 -69.184392,0.156085,93.3 -69.184218,0.155957,93.3 -69.184053,0.155814,93.2 -69.183742,0.155502,92.9 -69.183649,0.155388,92.9 -69.183523,0.155205,93.0 -69.183378,0.154946,92.9 -69.183281,0.154666,92.8 -69.183248,0.154523,92.7 -69.183219,0.154302,92.5 -69.183214,0.154155,92.4 -69.18324,0.153935,92.2 -69.183283,0.153718,92.4 -69.18335,0.153506,92.4 -69.183437,0.153302,92.1 -69.183615,0.152977,91.9 -69.183736,0.152791,91.7 -69.183873,0.152619,91.5 -69.184024,0.152464,91.3 -69.184192,0.152331,91.3 -69.184373,0.152218,91.3 -69.184625,0.152087,91.4 -69.184822,0.152001,91.6 -69.185629,0.151698,92.1 -69.186626,0.151258,92.3 -69.187238,0.151009,92.4 -69.187694,0.150775,92.5 -69.188131,0.150505,92.4 -69.188487,0.150249,92.6 -69.188707,0.150061,92.6 -69.188892,0.149841,92.5 -69.18901,0.149659,92.5 -69.189175,0.149339,92.4 -69.189584,0.148413,92.0 -69.189811,0.147804,91.9 -69.18999,0.14741,91.4 -69.190197,0.147024,91.5 -69.190606,0.146327,91.2 -69.190849,0.145957,91.3 -69.191024,0.145719,91.3 -69.191822,0.144766,91.9 -69.192119,0.144443,91.8 -69.192487,0.144086,91.8 -69.192654,0.143942,91.9 -69.192886,0.143764,91.8 -69.193251,0.143519,91.8 -69.193507,0.143371,91.7 -69.193769,0.143236,91.8 -69.194113,0.143104,92.0 -69.194609,0.142974,92.5 -69.194971,0.142926,92.4 -69.195332,0.142915,92.4 -69.195617,0.142935,92.3 -69.195967,0.142993,92.0 -69.196788,0.143222,92.0 -69.197469,0.143451,91.9 -69.197678,0.143512,92.1 -69.198033,0.143587,92.2 -69.19875,0.143692,92.3 -69.199184,0.143724,92.7 -69.199545,0.143717,92.7 -69.200485,0.143613,92.8 -69.20084,0.143542,92.9 -69.201186,0.143435,93.2 -69.201386,0.14335,93.0 -69.20158,0.143251,92.9 -69.20189,0.143061,93.1 -69.202152,0.142852,92.8 -69.202605,0.142459,92.6 -69.20289,0.142187,92.9 -69.203305,0.141753,92.5 -69.203764,0.141344,92.1 -69.204187,0.140935,92.4 -69.20432,0.140828,92.6 -69.204366,0.140798,92.7 -69.204575,0.140716,92.9 -69.204847,0.140654,92.5 -69.205011,0.140652,92.4 -69.205116,0.14067,92.3 -69.205218,0.140704,92.4 -69.20541,0.140793,92.1 -69.20645,0.141497,91.5 -69.206903,0.141822,91.6 -69.207145,0.141961,91.6 -69.207399,0.142081,91.5 -69.208029,0.142352,92.0 -69.208479,0.142514,92.0 -69.208857,0.142628,92.1 -69.209575,0.142868,91.8 -69.210102,0.143057,91.6 -69.210507,0.143151,91.7 -69.210639,0.14319,91.9 -69.210825,0.143274,91.8 -69.210997,0.143384,91.9 -69.211277,0.143583,92.0 -69.211803,0.144011,92.0 -69.212126,0.144295,92.0 -69.21227,0.144446,92.1 -69.212324,0.144489,92.2 -69.212414,0.144537,92.2 -69.212547,0.144585,92.0 -69.212701,0.144664,92.0 -69.212751,0.144694,92.0 -69.212905,0.144818,92.1 -69.213053,0.144843,92.0 -69.213297,0.144814,92.0 -69.21334,0.144781,92.1 -69.213367,0.144726,78.0 -69.213334,0.14473,90.0 -69.213352,0.14474,89.0 -69.213363,0.144795,92.0 -69.213373,0.144741,88.0 -69.213357,0.144737,90.0 -69.213413,0.144694,88.0 -69.213452,0.14465,90.0 -69.213488,0.144648,90.0 -69.213545,0.144676,90.0 -69.213623,0.144626,93.0 -69.213706,0.144614,96.0 -69.213858,0.144564,96.0 -69.213956,0.144561,96.0 -69.21402,0.144581,100.0 -69.214221,0.144702,98.0 -69.214248,0.144773,98.0 -69.214227,0.144693,92.0 -69.214199,0.144678,90.0 -69.21426,0.14471,96.0 -69.214225,0.144752,93.0</coordinates>
                </LineString>
            </MultiGeometry>
        </Placemark>
        <Placemark id="21">
            <name>Swartzia </name>
            <description/>
            <styleUrl>#22</styleUrl>
            <Point id="20">
                <coordinates>-69.1648,0.14791,108</coordinates>
            </Point>
        </Placemark>
        <Placemark id="26">
            <name>Ingá - q achava ser eschweileira</name>
            <description/>
            <styleUrl>#27</styleUrl>
            <Point id="25">
                <coordinates>-69.09634,0.1353,0.0</coordinates>
            </Point>
        </Placemark>
        <Placemark id="31">
            <name>Coleta biophytum </name>
            <description/>
            <styleUrl>#32</styleUrl>
            <Point id="30">
                <coordinates>-69.13004,0.16872,0.0</coordinates>
            </Point>
        </Placemark>
        <Placemark id="36">
            <name>Pirara poço </name>
            <description/>
            <styleUrl>#37</styleUrl>
            <Point id="35">
                <coordinates>-69.21413,0.14419,0.0</coordinates>
            </Point>
        </Placemark>
    </Document>
</kml>
