<?xml version="1.0" encoding="UTF-8"?>
<kml xmlns="http://www.opengis.net/kml/2.2" xmlns:gx="http://www.google.com/kml/ext/2.2">
    <Document id="1">
        <Style id="22">
            <IconStyle id="23">
                <colorMode>normal</colorMode>
                <scale>1</scale>
                <heading>0</heading>
                <Icon id="24">
                    <href>red-pin-down.png</href>
                </Icon>
            </IconStyle>
        </Style>
        <Style id="27">
            <IconStyle id="28">
                <colorMode>normal</colorMode>
                <scale>1</scale>
                <heading>0</heading>
                <Icon id="29">
                    <href>red-pin-down.png</href>
                </Icon>
            </IconStyle>
        </Style>
        <Style id="32">
            <IconStyle id="33">
                <colorMode>normal</colorMode>
                <scale>1</scale>
                <heading>0</heading>
                <Icon id="34">
                    <href>camera-24</href>
                </Icon>
            </IconStyle>
        </Style>
        <Placemark id="3">
            <Style id="6">
                <LineStyle id="7">
                    <color>ffC22657</color>
                    <colorMode>normal</colorMode>
                    <width>1</width>
                </LineStyle>
            </Style>
            <Style id="10">
                <LineStyle id="11">
                    <color>ffC22657</color>
                    <colorMode>normal</colorMode>
                    <width>1</width>
                </LineStyle>
            </Style>
            <Style id="14">
                <LineStyle id="15">
                    <color>ffC22657</color>
                    <colorMode>normal</colorMode>
                    <width>1</width>
                </LineStyle>
            </Style>
            <Style id="18">
                <LineStyle id="19">
                    <color>ffC22657</color>
                    <colorMode>normal</colorMode>
                    <width>1</width>
                </LineStyle>
            </Style>
            <name>Pari Cachoeira até Matapi do Uaupés </name>
            <description/>
            <MultiGeometry id="2">
                <LineString id="4">
                    <extrude>0</extrude>
                    <altitudeMode>clampToGround</altitudeMode>
                    <coordinates>-69.755133,0.239276,106.7 -69.755029,0.239266,107.0 -69.754979,0.239248,105.9 -69.75493,0.239141,105.0 -69.754878,0.238976,103.0 -69.754851,0.238813,101.5 -69.754845,0.238698,101.3 -69.754887,0.238312,100.3 -69.754944,0.238038,98.3 -69.754945,0.237965,98.8 -69.754976,0.237899,98.8 -69.754985,0.237819,98.3 -69.755007,0.237755,97.5 -69.755013,0.237673,97.5 -69.755047,0.237543,96.8 -69.75505,0.237447,98.8 -69.755076,0.237301,98.4 -69.755091,0.237076,98.5 -69.755103,0.236995,99.6 -69.755127,0.23692,99.9 -69.755134,0.236719,101.2 -69.755124,0.236642,101.5 -69.75514,0.236415,103.1 -69.755156,0.236337,103.2 -69.755153,0.236262,103.5 -69.755132,0.236167,104.0 -69.755131,0.236018,103.8 -69.755162,0.235946,104.1 -69.755138,0.2358,105.0 -69.755151,0.235652,105.4 -69.755143,0.23558,105.2 -69.755157,0.2355,105.5 -69.755173,0.235207,103.6 -69.755239,0.234785,103.2 -69.755283,0.234342,103.6 -69.75532,0.234199,103.8 -69.755352,0.233995,102.6 -69.755439,0.233643,102.8 -69.755579,0.233225,104.0 -69.755696,0.232941,106.8 -69.755937,0.23226,106.5 -69.755994,0.23213,105.2 -69.7559,0.232367,105.7 -69.756056,0.231932,104.2 -69.756334,0.231099,103.3 -69.756438,0.23082,104.6 -69.756569,0.230393,104.6 -69.756624,0.230182,104.0 -69.756667,0.22996,102.8 -69.756675,0.229656,102.4 -69.756634,0.229431,103.3 -69.756588,0.229295,103.1 -69.756462,0.229119,102.4 -69.756234,0.228921,104.9 -69.756152,0.228886,106.1 -69.756086,0.22887,107.0 -69.755883,0.22885,109.6 -69.755747,0.228853,111.2 -69.755339,0.228976,115.8 -69.75526,0.229023,116.8 -69.755204,0.229041,117.6 -69.755084,0.229123,118.1 -69.75506,0.229163,119.0 -69.754931,0.229295,119.4 -69.754891,0.229369,118.9 -69.754843,0.229427,118.3 -69.754703,0.229669,115.8 -69.754649,0.229727,113.4 -69.754577,0.229864,110.8 -69.754406,0.230088,108.2 -69.754333,0.230215,106.1 -69.754287,0.230269,105.7 -69.754235,0.230308,105.6 -69.753899,0.230674,105.4 -69.753789,0.230774,105.4 -69.753591,0.230984,105.1 -69.753526,0.231106,105.6 -69.75341,0.231193,105.1 -69.753047,0.231555,104.8 -69.752702,0.23185,106.0 -69.752529,0.231983,105.8 -69.752744,0.2318,105.5 -69.752163,0.2323,106.0 -69.751873,0.232526,105.8 -69.751769,0.232632,107.3 -69.751374,0.23297,107.2 -69.751214,0.233128,105.8 -69.750869,0.233503,105.9 -69.750781,0.233619,106.0 -69.750628,0.233774,105.9 -69.750492,0.233951,106.3 -69.75004,0.234426,105.8 -69.749853,0.234656,105.3 -69.749499,0.235127,104.5 -69.749315,0.235342,105.0 -69.749234,0.235472,104.8 -69.74917,0.235553,105.4 -69.748426,0.23687,104.4 -69.748287,0.23701,104.3 -69.748078,0.237176,104.4 -69.747797,0.237352,105.6 -69.747425,0.237481,104.6 -69.746381,0.237681,104.4 -69.745972,0.237744,104.3 -69.745757,0.237761,104.1 -69.7443,0.237765,104.5 -69.744169,0.237746,104.6 -69.743868,0.237674,103.7 -69.74348,0.237534,103.2 -69.742933,0.23727,103.7 -69.742758,0.237164,103.9 -69.742551,0.237003,104.2 -69.742361,0.236812,104.3 -69.74223,0.236663,104.2 -69.742105,0.236497,103.5 -69.742038,0.236378,102.7 -69.74201,0.236321,103.4 -69.742147,0.236532,104.0 -69.741923,0.236027,102.6 -69.741914,0.235848,103.1 -69.74194,0.235679,103.3 -69.741972,0.235571,103.1 -69.74202,0.235468,102.6 -69.74209,0.235373,103.0 -69.742211,0.235235,103.3 -69.742389,0.235065,103.0 -69.742764,0.234776,102.9 -69.742967,0.23459,102.3 -69.743153,0.234377,102.2 -69.743276,0.234208,102.0 -69.743515,0.233765,102.4 -69.743644,0.233486,102.2 -69.743694,0.233411,102.6 -69.743805,0.233154,102.8 -69.743827,0.233098,102.6 -69.743827,0.23304,102.7 -69.743905,0.232912,103.4 -69.744045,0.232521,101.7 -69.744103,0.232248,101.5 -69.744103,0.232119,101.8 -69.744077,0.232001,100.9 -69.744034,0.231893,101.2 -69.743971,0.231804,101.1 -69.743892,0.231742,100.2 -69.7438,0.231714,100.2 -69.743708,0.231706,100.1 -69.743568,0.23173,99.8 -69.743394,0.231807,98.6 -69.743264,0.231884,98.4 -69.743112,0.232007,98.3 -69.742935,0.232198,97.0 -69.742701,0.232483,97.8 -69.742587,0.232579,98.1 -69.742517,0.232614,97.5 -69.742423,0.232644,97.6 -69.742299,0.232711,97.9 -69.742099,0.232782,97.4 -69.741855,0.232847,98.7 -69.741719,0.23287,99.0 -69.74152,0.232887,99.7 -69.741251,0.232875,99.8 -69.740919,0.232814,99.1 -69.740509,0.232711,99.1 -69.740034,0.23257,99.3 -69.739633,0.232418,99.0 -69.739408,0.232283,99.7 -69.739118,0.23203,99.9 -69.739012,0.23189,100.1 -69.738942,0.231737,99.8 -69.738922,0.231632,99.8 -69.738936,0.23148,100.2 -69.73901,0.231351,100.4 -69.739126,0.231261,100.9 -69.739214,0.231231,100.8 -69.739368,0.231225,99.8 -69.739987,0.231289,99.4 -69.740262,0.23129,99.4 -69.740531,0.231227,99.9 -69.740725,0.231142,100.0 -69.740904,0.231028,100.5 -69.741019,0.23094,100.6 -69.741176,0.230793,100.1 -69.741267,0.230682,99.8 -69.741389,0.230501,99.8 -69.741525,0.230243,99.7 -69.741645,0.229974,99.8 -69.741714,0.229764,99.6 -69.741779,0.229474,99.9 -69.741802,0.229251,99.7 -69.741801,0.229026,100.7 -69.741767,0.228808,100.1 -69.741695,0.228606,100.1 -69.741622,0.228483,100.7 -69.741536,0.228376,100.2 -69.741435,0.228284,100.2 -69.741209,0.228132,100.0 -69.740327,0.227602,99.0 -69.739992,0.227358,98.8 -69.739832,0.227221,99.3 -69.739225,0.226656,99.5 -69.739051,0.226546,99.0 -69.738926,0.226488,99.1 -69.738727,0.226428,99.2 -69.738592,0.226403,99.0 -69.738454,0.226391,98.1 -69.738322,0.226405,98.0 -69.738196,0.226446,98.1 -69.738083,0.226506,97.6 -69.737987,0.226587,97.6 -69.737907,0.22668,97.4 -69.737846,0.226787,97.0 -69.737783,0.226962,96.9 -69.737626,0.227629,97.7 -69.737521,0.227959,97.7 -69.737388,0.228276,97.5 -69.73732,0.228391,97.4 -69.737199,0.228549,97.8 -69.737063,0.228691,97.7 -69.736931,0.228803,97.7 -69.736849,0.228854,97.5 -69.736712,0.228905,97.3 -69.736635,0.228915,96.0 -69.736577,0.228906,96.0 -69.736522,0.22888,96.0 -69.736437,0.228813,97.0 -69.736366,0.228719,98.0 -69.73634,0.228666,98.0 -69.736268,0.228438,98.6 -69.736199,0.228334,98.3 -69.736131,0.228267,97.9 -69.735969,0.228178,97.7 -69.735742,0.228023,97.2 -69.73543,0.227834,97.4 -69.734922,0.227572,97.9 -69.734241,0.227262,98.5 -69.733757,0.226999,98.8 -69.733583,0.226892,98.9 -69.733475,0.226811,99.2 -69.733375,0.226724,98.8 -69.733237,0.226582,98.9 -69.733077,0.226366,99.6 -69.732724,0.225779,100.1 -69.73261,0.225606,100.1 -69.73248,0.225445,100.2 -69.732379,0.225357,99.3 -69.73227,0.225287,98.8 -69.732157,0.225242,98.8 -69.732046,0.22522,98.7 -69.731934,0.225218,98.5 -69.731775,0.225255,98.5 -69.731672,0.225299,98.2 -69.731426,0.225454,97.7 -69.731234,0.225628,97.1 -69.731003,0.225886,96.5 -69.730294,0.226752,97.5 -69.729834,0.227276,97.1 -69.729669,0.2275,97.0 -69.729527,0.227738,97.1 -69.729359,0.228121,97.0 -69.729166,0.228705,96.8 -69.729087,0.228877,96.7 -69.728995,0.229031,96.6 -69.728871,0.229149,96.4 -69.728778,0.229205,97.0 -69.728671,0.22924,97.5 -69.728571,0.229236,97.2 -69.728476,0.2292,97.2 -69.728395,0.229138,97.3 -69.728324,0.229057,97.3 -69.728262,0.228963,97.8 -69.728148,0.228669,97.5 -69.72799,0.228132,97.8 -69.727833,0.227719,98.1 -69.727738,0.227531,97.3 -69.727662,0.227422,97.4 -69.727526,0.227285,97.5 -69.727425,0.227215,98.0 -69.727262,0.227149,98.0 -69.727099,0.227139,97.9 -69.726999,0.227164,97.8 -69.726906,0.227209,97.2 -69.726752,0.22734,96.6 -69.726719,0.22738,96.6 -69.726643,0.227519,96.6 -69.726583,0.227679,96.2 -69.726478,0.22811,96.9 -69.726415,0.228297,97.1 -69.726279,0.228595,96.4 -69.726037,0.228994,96.1 -69.725944,0.229172,96.4 -69.725725,0.229671,96.2 -69.725658,0.229861,95.9 -69.725625,0.229995,96.1 -69.725607,0.230133,96.3 -69.725596,0.230546,97.1 -69.725574,0.230815,97.0 -69.725544,0.230943,97.2 -69.725484,0.231114,97.1 -69.725396,0.231267,97.0 -69.725323,0.231356,96.9 -69.725237,0.231433,96.7 -69.725087,0.231519,96.8 -69.725031,0.23154,96.8 -69.724858,0.231564,96.7 -69.724745,0.231553,97.3 -69.724642,0.231521,96.8 -69.724552,0.231463,97.1 -69.724473,0.231381,97.4 -69.724403,0.231284,97.7 -69.724338,0.231172,97.4 -69.724077,0.230621,98.1 -69.723976,0.230438,98.8 -69.723857,0.230266,98.9 -69.723766,0.230163,98.8 -69.723669,0.230072,98.7 -69.72356,0.229997,98.2 -69.723444,0.229939,98.3 -69.72332,0.229897,98.1 -69.723193,0.22987,97.9 -69.722932,0.229834,97.8 -69.722732,0.229831,97.8 -69.722528,0.229847,97.8 -69.722269,0.22991,97.4 -69.721959,0.230032,97.1 -69.7217,0.230089,98.1 -69.721506,0.230107,97.9 -69.721375,0.230107,98.0 -69.720664,0.230063,97.6 -69.720333,0.230074,97.2 -69.719936,0.230126,96.9 -69.719283,0.23025,97.1 -69.719218,0.230255,97.1 -69.719024,0.230255,97.1 -69.718835,0.230233,97.2 -69.718654,0.230183,97.3 -69.718491,0.230102,97.4 -69.718394,0.230029,97.3 -69.718307,0.229944,96.9 -69.71811,0.229702,97.0 -69.717969,0.229552,97.6 -69.717866,0.229453,97.9 -69.717639,0.229269,98.2 -69.71752,0.22918,98.0 -69.71733,0.229061,97.6 -69.71675,0.228731,97.8 -69.716634,0.228654,97.7 -69.716475,0.228531,97.3 -69.716429,0.228485,97.3 -69.716343,0.228392,97.4 -69.716232,0.22824,97.6 -69.716117,0.228017,97.6 -69.716064,0.227838,98.2 -69.716039,0.227652,98.8 -69.716035,0.227513,99.2 -69.716046,0.227443,99.3 -69.716052,0.227154,99.6 -69.716072,0.227004,99.9 -69.71609,0.226711,100.0 -69.716082,0.226477,100.2 -69.716104,0.22634,100.2 -69.716064,0.226099,100.7 -69.716066,0.226041,100.9 -69.715976,0.225746,100.4 -69.715863,0.225458,100.9 -69.715669,0.225123,101.0 -69.715479,0.224882,100.8 -69.715258,0.224669,100.5 -69.715073,0.224524,100.8 -69.714943,0.224454,100.7 -69.71489,0.224401,100.2 -69.714823,0.224372,100.7 -69.714595,0.224303,100.6 -69.714342,0.224268,100.4 -69.714191,0.224261,100.1 -69.714051,0.224286,100.0 -69.713894,0.224288,100.1 -69.713824,0.224304,100.5 -69.713674,0.224319,100.5 -69.713602,0.224339,100.3 -69.712821,0.224431,100.6 -69.712628,0.224432,100.7 -69.712393,0.224358,100.6 -69.712238,0.224269,100.8 -69.712109,0.224156,100.9 -69.712005,0.224014,101.4 -69.71192,0.223856,101.6 -69.711912,0.223793,101.8 -69.711863,0.223615,101.8 -69.711806,0.223296,102.0 -69.711776,0.223233,101.8 -69.71169,0.222855,101.6 -69.711666,0.222791,101.8 -69.7116,0.222518,101.9 -69.711518,0.222323,102.1 -69.711505,0.222252,102.0 -69.711385,0.22194,102.0 -69.711282,0.221685,102.2 -69.711161,0.221424,102.3 -69.710987,0.220943,102.4 -69.71095,0.220884,102.7 -69.710907,0.220747,102.3 -69.71086,0.220411,102.0 -69.710854,0.220151,101.9 -69.710877,0.219954,101.7 -69.710923,0.219765,101.7 -69.710983,0.219591,101.7 -69.71106,0.219418,102.0 -69.711139,0.219269,101.9 -69.711283,0.219079,101.6 -69.711303,0.219036,101.4 -69.711371,0.218941,101.1 -69.711412,0.218837,101.0 -69.711413,0.218706,101.4 -69.711398,0.218673,100.0 -69.71127,0.21863,100.0 -69.71112,0.218626,101.1 -69.711001,0.218607,101.0 -69.710866,0.218554,101.5 -69.710721,0.21846,102.5 -69.710676,0.218397,102.9 -69.710665,0.218358,103.2 -69.710586,0.218235,103.4 -69.71045,0.218148,103.5 -69.710284,0.218098,104.2 -69.710201,0.21809,104.4 -69.709971,0.218124,104.6 -69.709926,0.218142,104.7 -69.709874,0.218137,104.9 -69.709702,0.218159,105.5 -69.709578,0.218162,105.4 -69.709444,0.218176,105.7 -69.709378,0.218196,105.7 -69.709245,0.218213,105.8 -69.708976,0.218234,106.2 -69.708906,0.218272,106.6 -69.708768,0.218281,106.5 -69.708696,0.218275,106.6 -69.70849,0.218314,106.5 -69.708279,0.218299,105.3 -69.707855,0.218369,104.7 -69.707584,0.21847,104.2 -69.707261,0.218625,104.0 -69.707078,0.218744,103.8 -69.707007,0.218771,104.1 -69.706696,0.218966,104.0 -69.706277,0.219254,103.4 -69.706122,0.219403,103.0 -69.706064,0.219448,102.8 -69.706,0.219481,103.4 -69.705663,0.219747,101.8 -69.70522,0.22005,102.6 -69.704811,0.220229,103.5 -69.704745,0.22024,103.5 -69.704711,0.22023,103.4 -69.704603,0.220242,103.8 -69.704559,0.220232,103.9 -69.704155,0.22022,104.5 -69.704091,0.220208,104.4 -69.703958,0.22021,104.6 -69.703846,0.220191,104.5 -69.703736,0.220199,104.9 -69.70367,0.220186,104.8 -69.703471,0.220185,105.1 -69.703249,0.220204,105.6 -69.703067,0.220254,105.6 -69.70297,0.220285,105.7 -69.702846,0.220358,105.7 -69.702755,0.220426,105.8 -69.702692,0.220493,105.8 -69.702657,0.220539,105.9 -69.702644,0.220616,105.8 -69.702537,0.22071,105.9 -69.702395,0.220804,105.9 -69.702341,0.220854,106.0 -69.702254,0.220906,106.1 -69.702212,0.220952,105.9 -69.702109,0.221024,106.2 -69.702053,0.221084,106.2 -69.702003,0.221166,106.3 -69.701953,0.221208,106.0 -69.701725,0.221379,106.2 -69.701433,0.221544,106.1 -69.701317,0.221624,106.2 -69.701272,0.221684,106.3 -69.700898,0.222013,106.2 -69.700728,0.222139,106.5 -69.700674,0.222161,106.6 -69.700448,0.22237,106.5 -69.700286,0.222504,106.5 -69.700182,0.222573,106.8 -69.699804,0.222892,107.5 -69.699691,0.223022,107.5 -69.699591,0.22312,107.7 -69.699539,0.223157,107.8 -69.699494,0.223216,107.9 -69.699333,0.223362,107.9 -69.699274,0.223399,108.2 -69.699173,0.223495,108.2 -69.699132,0.223555,107.9 -69.698967,0.223716,108.2 -69.698896,0.223764,107.9 -69.698855,0.223807,108.3 -69.698814,0.223879,108.2 -69.698758,0.223918,108.1 -69.698578,0.224082,108.1 -69.698524,0.224146,108.3 -69.698383,0.224278,107.5 -69.698254,0.224432,107.7 -69.698033,0.224633,107.7 -69.698009,0.224683,107.9 -69.697961,0.224723,107.9 -69.697758,0.224987,108.3 -69.697731,0.225069,108.0 -69.697688,0.225139,107.9 -69.697272,0.225645,108.1 -69.697206,0.225695,107.8 -69.697151,0.225768,108.0 -69.697042,0.225872,108.0 -69.696991,0.225934,108.1 -69.696934,0.225975,108.0 -69.696751,0.226199,108.3 -69.69658,0.226364,108.4 -69.696495,0.22649,108.3 -69.696396,0.226609,108.0 -69.6963,0.226757,108.1 -69.696197,0.226878,108.4 -69.696124,0.227012,108.3 -69.695934,0.227221,108.5 -69.69588,0.227264,108.3 -69.695798,0.227355,108.4 -69.695766,0.227414,108.1 -69.695457,0.22767,108.2 -69.695408,0.227689,108.0 -69.695304,0.227759,108.1 -69.695228,0.227784,108.2 -69.6952,0.227811,108.2 -69.695154,0.227831,108.4 -69.695111,0.227831,108.1 -69.694988,0.22789,108.3 -69.694458,0.227774,108.6 -69.694071,0.227665,108.4 -69.694018,0.227631,108.3 -69.693966,0.227613,108.0 -69.69395,0.227543,107.4 -69.69389,0.227522,107.4 -69.693843,0.227485,107.2 -69.693298,0.227195,105.8 -69.692937,0.227047,105.6 -69.692867,0.227042,105.4 -69.692804,0.227015,105.1 -69.692584,0.226975,104.7 -69.692303,0.226905,104.5 -69.692171,0.226853,104.1 -69.692087,0.226836,104.0 -69.692028,0.226792,103.9 -69.691893,0.226746,103.9 -69.691687,0.226747,104.1 -69.691619,0.226722,104.0 -69.691332,0.226703,104.2 -69.690945,0.226624,104.3 -69.690311,0.226582,104.5 -69.689351,0.22669,104.8 -69.689248,0.226729,104.6 -69.689081,0.226749,104.7 -69.689013,0.226768,104.6 -69.688934,0.226769,104.7 -69.688857,0.226784,104.5 -69.688797,0.226808,104.6 -69.688627,0.226814,104.7 -69.688512,0.226846,104.5 -69.68792,0.226899,104.5 -69.687579,0.226943,104.7 -69.687486,0.226942,104.4 -69.687278,0.226978,104.7 -69.687205,0.226976,104.6 -69.686941,0.227019,104.5 -69.68656,0.227057,104.4 -69.686513,0.227078,104.4 -69.686229,0.227123,104.7 -69.686042,0.227182,104.8 -69.685882,0.227216,104.8 -69.685748,0.227276,104.7 -69.685471,0.227517,104.9 -69.685405,0.227623,105.2 -69.685367,0.22778,105.4 -69.685334,0.22784,106.0 -69.685326,0.227898,106.0 -69.685348,0.227944,106.2 -69.685346,0.227994,106.4 -69.685316,0.228118,106.8 -69.685327,0.228174,107.0 -69.685727,0.22916,109.2 -69.685867,0.229544,109.1 -69.68611,0.230129,109.2 -69.686144,0.230182,109.2 -69.686218,0.230355,109.0 -69.686251,0.230398,109.2 -69.686338,0.230556,109.1 -69.686454,0.230706,108.7 -69.686584,0.23095,108.9 -69.686702,0.231214,108.6 -69.686772,0.231415,108.8 -69.686874,0.232416,109.2 -69.686363,0.233753,109.0 -69.686321,0.233814,109.2 -69.6863,0.23389,109.0 -69.686104,0.234099,109.0 -69.685991,0.234188,109.1 -69.685849,0.234339,108.9 -69.685574,0.234562,108.9 -69.685511,0.234607,108.8 -69.685438,0.234637,109.1 -69.684542,0.235375,108.8 -69.684394,0.235559,108.7 -69.684351,0.235594,108.5 -69.684153,0.235818,108.6 -69.684079,0.235932,108.4 -69.683932,0.236073,108.1 -69.683845,0.236184,108.1 -69.683592,0.236381,108.3 -69.683488,0.236446,108.0 -69.683236,0.236561,108.0 -69.683187,0.236558,107.9 -69.683057,0.236584,108.0 -69.682755,0.236489,108.6 -69.682624,0.236478,108.7 -69.682498,0.236441,108.8 -69.682408,0.236366,109.4 -69.682347,0.236347,109.4 -69.682304,0.23632,109.3 -69.68222,0.2362,109.7 -69.682153,0.236188,109.4 -69.682114,0.236147,109.5 -69.682049,0.236123,109.7 -69.681856,0.236001,109.6 -69.681673,0.235921,109.6 -69.681603,0.235908,109.4 -69.681314,0.235781,109.3 -69.681232,0.235761,109.2 -69.681043,0.235634,109.2 -69.680966,0.235606,109.2 -69.680907,0.235599,108.9 -69.680852,0.235563,109.1 -69.680812,0.235565,109.3 -69.68051,0.235411,109.3 -69.680293,0.235276,109.1 -69.680168,0.235166,109.4 -69.680005,0.235061,109.6 -69.679959,0.235004,109.5 -69.679866,0.234924,109.3 -69.679815,0.234897,109.4 -69.679717,0.234804,109.1 -69.679559,0.234695,109.2 -69.679416,0.23456,109.3 -69.679326,0.234492,109.3 -69.679182,0.234326,109.4 -69.679083,0.234259,109.1 -69.678914,0.23404,109.1 -69.678901,0.233982,108.9 -69.678817,0.233845,109.1 -69.678814,0.233731,108.9 -69.67879,0.233692,108.8 -69.678777,0.233489,108.7 -69.678799,0.233357,109.2 -69.678796,0.233252,109.1 -69.678812,0.23319,109.3 -69.678797,0.233075,109.0 -69.67882,0.233003,108.8 -69.678825,0.232873,108.7 -69.67889,0.232824,108.4 -69.678932,0.232768,108.0 -69.67894,0.232714,107.9 -69.679053,0.232507,107.4 -69.679066,0.232443,107.0 -69.679122,0.232328,106.9 -69.679162,0.232208,106.3 -69.679207,0.231964,106.1 -69.679222,0.231796,105.7 -69.679201,0.231397,105.3 -69.679164,0.231306,105.3 -69.679111,0.230924,105.4 -69.679095,0.230863,105.2 -69.679079,0.230581,105.9 -69.679053,0.230373,105.7 -69.679055,0.230295,105.8 -69.679022,0.230085,106.2 -69.679,0.23002,106.3 -69.67898,0.22979,106.3 -69.678936,0.229654,106.1 -69.678887,0.229424,106.2 -69.678817,0.229211,106.4 -69.678714,0.229012,106.4 -69.678628,0.22888,106.7 -69.678575,0.228823,106.5 -69.678439,0.228635,106.8 -69.678332,0.228529,106.9 -69.678213,0.228442,107.2 -69.678062,0.228283,107.2 -69.677895,0.228141,107.5 -69.677831,0.228102,107.7 -69.677717,0.227995,107.3 -69.677658,0.227971,107.4 -69.677529,0.227865,107.7 -69.677288,0.227711,107.2 -69.677226,0.227702,107.3 -69.677161,0.227676,107.1 -69.677094,0.227663,106.7 -69.676774,0.227472,107.0 -69.676638,0.227414,107.2 -69.676567,0.227366,107.0 -69.676502,0.227346,107.4 -69.676319,0.227235,107.5 -69.676259,0.227209,107.2 -69.676208,0.227167,107.4 -69.676145,0.227147,107.3 -69.675955,0.227045,106.8 -69.675891,0.226992,107.1 -69.675712,0.226883,106.6 -69.67559,0.226781,106.4 -69.675228,0.226566,106.3 -69.675163,0.226548,106.0 -69.674991,0.226413,106.3 -69.674795,0.226296,106.2 -69.674742,0.226244,106.6 -69.674613,0.226178,106.4 -69.674541,0.226166,106.2 -69.6744,0.226053,105.8 -69.674342,0.225994,105.9 -69.67422,0.22591,106.3 -69.674155,0.225893,106.3 -69.674093,0.225852,106.1 -69.674031,0.225828,106.5 -69.673653,0.225591,106.7 -69.67353,0.225524,106.8 -69.673317,0.225431,106.6 -69.673252,0.225363,106.7 -69.673141,0.225276,106.5 -69.673006,0.225222,106.4 -69.672945,0.225177,106.8 -69.672643,0.224999,107.0 -69.672571,0.224988,106.7 -69.672498,0.224958,106.7 -69.672303,0.224853,106.9 -69.672174,0.224766,106.7 -69.671934,0.224658,106.6 -69.67181,0.22457,107.1 -69.671624,0.224487,106.5 -69.671434,0.224385,106.1 -69.670796,0.224006,106.5 -69.670498,0.223813,106.5 -69.670439,0.223786,106.4 -69.669948,0.223461,106.4 -69.669825,0.223389,106.2 -69.669625,0.223292,106.0 -69.669272,0.223147,106.2 -69.669058,0.223094,106.1 -69.668977,0.223087,105.7 -69.668841,0.223092,105.4 -69.668698,0.223117,105.2 -69.668482,0.22319,105.7 -69.66842,0.223229,105.7 -69.668345,0.223253,106.0 -69.66823,0.223324,106.0 -69.668159,0.223346,105.9 -69.668038,0.223411,105.4 -69.667564,0.223608,105.2 -69.667313,0.22375,105.2 -69.666339,0.224236,106.3 -69.666143,0.224317,105.8 -69.665801,0.224435,105.5 -69.665542,0.224547,105.4 -69.66533,0.22462,105.5 -69.665269,0.224657,105.6 -69.665193,0.224674,105.7 -69.665064,0.22474,105.3 -69.664944,0.224826,105.2 -69.664732,0.22492,105.4 -69.664415,0.22512,105.8 -69.664243,0.22526,106.0 -69.664098,0.225339,106.5 -69.664037,0.225384,106.3 -69.663986,0.22544,106.4 -69.663955,0.225508,106.5 -69.663909,0.225562,106.5 -69.663685,0.225781,106.5 -69.663237,0.226301,106.1 -69.663062,0.226542,106.4 -69.662982,0.226679,106.7 -69.662901,0.226775,106.6 -69.662863,0.226849,106.6 -69.662809,0.226909,106.9 -69.66279,0.227,106.9 -69.662688,0.227213,107.1 -69.662674,0.227281,107.3 -69.66255,0.227622,107.4 -69.662571,0.227714,107.2 -69.662503,0.227985,108.0 -69.662381,0.228198,107.9 -69.662332,0.22824,108.1 -69.662165,0.228323,107.9 -69.662126,0.228361,107.9 -69.662057,0.228407,108.0 -69.661873,0.228453,108.2 -69.661771,0.228465,108.5 -69.661636,0.228421,108.3 -69.661593,0.228431,108.4 -69.661482,0.228276,108.3 -69.661415,0.22824,108.4 -69.661282,0.228109,108.0 -69.661216,0.227999,108.1 -69.661121,0.227606,107.1 -69.661047,0.227379,107.2 -69.661017,0.22716,107.6 -69.661021,0.227048,108.0 -69.661058,0.226993,108.1 -69.661104,0.226894,108.1 -69.661341,0.226601,108.1 -69.661424,0.226515,108.5 -69.66148,0.226473,108.3 -69.661907,0.225989,108.4 -69.661981,0.225886,108.1 -69.662287,0.225402,107.6 -69.662403,0.225166,107.8 -69.662477,0.224985,107.8 -69.662531,0.224785,108.1 -69.66254,0.22471,107.6 -69.662541,0.224304,105.6 -69.662478,0.223976,105.6 -69.662364,0.223596,104.3 -69.662238,0.223291,103.4 -69.661843,0.222412,103.7 -69.661645,0.221871,103.8 -69.661422,0.22113,101.9 -69.66125,0.220353,99.4 -69.66113,0.21993,98.6 -69.661053,0.219721,98.4 -69.660922,0.219447,98.3 -69.66084,0.219314,98.5 -69.660703,0.219131,98.3 -69.6606,0.219037,98.7 -69.660419,0.218918,99.1 -69.660294,0.218858,99.9 -69.660169,0.218821,99.8 -69.660042,0.218808,100.0 -69.659852,0.218825,100.3 -69.659726,0.218856,100.8 -69.659664,0.218857,100.8 -69.65954,0.218887,101.6 -69.659354,0.21895,102.0 -69.659049,0.219089,101.8 -69.658749,0.219255,101.4 -69.658634,0.219336,101.0 -69.658412,0.219524,99.8 -69.65818,0.219689,99.9 -69.657516,0.220109,99.7 -69.657278,0.220277,99.0 -69.65671,0.220754,98.1 -69.656604,0.220859,98.5 -69.656329,0.221206,98.9 -69.65617,0.221457,98.5 -69.655888,0.22196,97.1 -69.655463,0.222643,96.3 -69.6551,0.223175,95.2 -69.654976,0.223336,95.0 -69.654744,0.223605,95.7 -69.654206,0.224173,96.4 -69.653611,0.224705,97.7 -69.653548,0.224727,97.6 -69.653389,0.224875,98.0 -69.653102,0.225089,98.3 -69.653054,0.225139,97.6 -69.65282,0.225331,97.3 -69.652497,0.225575,97.3 -69.651726,0.226071,96.5 -69.65142,0.226244,96.1 -69.651297,0.2263,96.0 -69.65104,0.226394,95.7 -69.650844,0.226455,95.6 -69.650647,0.226501,96.0 -69.650522,0.226521,96.1 -69.650336,0.226529,96.3 -69.6501,0.226496,97.1 -69.649984,0.226465,97.1 -69.649874,0.226423,97.4 -69.649783,0.226368,97.6 -69.649648,0.226252,98.0 -69.649544,0.226118,98.1 -69.649492,0.22602,98.7 -69.649406,0.225806,99.2 -69.649383,0.225639,99.1 -69.649397,0.225531,99.0 -69.649431,0.225429,99.2 -69.649481,0.225338,98.8 -69.649544,0.225259,98.4 -69.649666,0.225172,98.5 -69.649802,0.225125,98.4 -69.649897,0.22511,98.8 -69.650098,0.225115,98.5 -69.650254,0.225103,97.9 -69.650359,0.225083,98.1 -69.65046,0.225049,97.9 -69.650665,0.224941,98.3 -69.650766,0.224871,98.3 -69.650962,0.2247,97.9 -69.651106,0.224551,97.7 -69.65128,0.22432,97.1 -69.651395,0.224126,97.5 -69.651491,0.223923,97.5 -69.651539,0.22378,97.6 -69.651584,0.223559,97.9 -69.651595,0.223412,97.4 -69.651586,0.223262,97.6 -69.651553,0.223116,97.4 -69.651475,0.222903,97.0 -69.651409,0.222765,96.7 -69.651291,0.222567,97.0 -69.651199,0.222441,97.6 -69.650999,0.222205,97.6 -69.650541,0.221702,99.0 -69.650377,0.221542,98.9 -69.650197,0.221394,98.5 -69.64983,0.221124,98.8 -69.649569,0.220967,98.6 -69.649223,0.220799,98.6 -69.649012,0.220716,98.8 -69.648671,0.220558,99.2 -69.648477,0.220457,99.5 -69.648232,0.220308,98.8 -69.647996,0.220147,99.1 -69.647886,0.22006,98.9 -69.64707,0.219359,97.5 -69.646218,0.218667,97.6 -69.645906,0.218444,97.1 -69.645509,0.218205,97.3 -69.645304,0.218099,97.3 -69.644825,0.217878,97.2 -69.644638,0.217773,97.0 -69.644345,0.217577,96.8 -69.644082,0.217347,96.8 -69.643813,0.217027,97.5 -69.643573,0.216684,98.2 -69.643326,0.216175,98.9 -69.643183,0.21584,98.1 -69.642797,0.215039,97.0 -69.642452,0.214455,97.3 -69.642274,0.214207,97.1 -69.642059,0.213981,97.0 -69.641878,0.213833,96.8 -69.641616,0.213667,96.4 -69.641407,0.213563,96.2 -69.641335,0.213539,96.5 -69.641185,0.213511,96.7 -69.641035,0.21351,96.5 -69.640893,0.213546,96.8 -69.64076,0.213602,97.0 -69.640577,0.213722,96.9 -69.640355,0.213923,96.8 -69.640208,0.214096,96.8 -69.640089,0.214291,96.5 -69.640002,0.2145,96.4 -69.639953,0.214724,96.5 -69.639942,0.214878,96.6 -69.639966,0.215654,96.8 -69.639959,0.215798,96.7 -69.639911,0.216147,96.1 -69.639833,0.216565,95.9 -69.639747,0.217214,96.6 -69.63973,0.217436,96.4 -69.639689,0.218477,97.3 -69.639695,0.218775,97.1 -69.639726,0.219077,97.1 -69.639812,0.219589,96.5 -69.639887,0.219947,96.2 -69.639925,0.220296,96.8 -69.639913,0.220559,96.2 -69.63989,0.220684,96.4 -69.639853,0.220808,96.1 -69.639745,0.221045,96.0 -69.639679,0.22116,96.2 -69.639594,0.22126,96.3 -69.639349,0.221494,95.7 -69.63919,0.221632,96.2 -69.638685,0.222024,95.9 -69.638293,0.222348,96.5 -69.638193,0.222458,95.8 -69.63811,0.222583,95.7 -69.638048,0.222719,95.5 -69.638005,0.22286,95.9 -69.637984,0.22301,95.4 -69.63798,0.223236,95.8 -69.638012,0.223456,96.0 -69.638107,0.223739,96.5 -69.638228,0.224019,96.6 -69.638602,0.22476,97.1 -69.638772,0.225227,97.1 -69.638788,0.22529,97.4 -69.638806,0.225474,97.2 -69.638795,0.225592,97.2 -69.638753,0.225765,97.1 -69.638673,0.225927,97.1 -69.638562,0.226072,97.1 -69.638384,0.22625,97.0 -69.638064,0.226485,97.9 -69.637952,0.22655,98.2 -69.637715,0.226658,98.0 -69.637591,0.226699,98.2 -69.637467,0.226727,98.1 -69.637279,0.226748,98.4 -69.636958,0.226748,98.1 -69.635998,0.226657,98.2 -69.635664,0.226659,98.6 -69.635399,0.226685,98.4 -69.635267,0.226711,97.8 -69.635141,0.226753,97.5 -69.635026,0.226817,97.6 -69.634927,0.226896,97.1 -69.634848,0.226992,97.3 -69.634769,0.227153,96.7 -69.634728,0.227327,96.2 -69.634704,0.227511,96.1 -69.634695,0.227767,95.8 -69.634707,0.228034,96.0 -69.634794,0.228507,96.7 -69.634852,0.22896,96.7 -69.634851,0.229083,96.7 -69.634835,0.2292,96.6 -69.63478,0.229362,96.8 -69.634719,0.229463,96.2 -69.634642,0.229556,95.9 -69.634556,0.22964,95.9 -69.634454,0.229705,95.9 -69.634222,0.229808,96.2 -69.633774,0.229944,97.0 -69.633503,0.229991,96.7 -69.633075,0.230037,96.6 -69.632928,0.230062,96.6 -69.632634,0.230139,96.6 -69.63214,0.230344,96.6 -69.631604,0.230615,97.7 -69.631142,0.230833,97.7 -69.630739,0.230981,97.9 -69.630324,0.231067,97.5 -69.630045,0.231091,97.2 -69.629695,0.231085,97.4 -69.629199,0.23103,97.8 -69.62885,0.230967,98.1 -69.628645,0.230915,98.6 -69.628373,0.230823,98.8 -69.627981,0.230653,99.4 -69.627666,0.230488,98.9 -69.627424,0.230349,99.0 -69.627136,0.230129,99.8 -69.626768,0.229796,100.2 -69.626491,0.229476,100.2 -69.626276,0.229191,100.0 -69.626041,0.22883,98.5 -69.625824,0.228528,98.7 -69.625681,0.228351,99.1 -69.625382,0.228015,99.1 -69.625044,0.22771,99.3 -69.624089,0.226941,98.9 -69.623667,0.226539,99.0 -69.623365,0.226226,98.9 -69.623179,0.226005,98.4 -69.622917,0.225659,99.3 -69.622671,0.225303,99.0 -69.622231,0.224548,98.6 -69.621968,0.224029,97.8 -69.621745,0.223491,97.2 -69.621524,0.222788,96.6 -69.621455,0.222505,96.4 -69.621396,0.22215,96.6 -69.62138,0.221937,96.2 -69.621377,0.22165,96.3 -69.621415,0.220687,95.8 -69.621422,0.21994,95.8 -69.621411,0.219571,95.4 -69.621382,0.219353,95.4 -69.621331,0.219222,95.4 -69.621256,0.219111,95.0 -69.621163,0.21903,94.8 -69.621058,0.218977,95.0 -69.621003,0.218962,95.2 -69.620889,0.21895,95.4 -69.62065,0.21897,95.6 -69.620256,0.219065,96.1 -69.619913,0.219177,96.4 -69.61957,0.219323,97.0 -69.61925,0.219518,97.5 -69.619139,0.219616,97.0 -69.61904,0.219733,96.7 -69.618961,0.219862,97.0 -69.618486,0.220963,96.7 -69.618365,0.221224,96.4 -69.618232,0.221477,96.8 -69.618046,0.221781,96.9 -69.61783,0.222062,97.1 -69.617685,0.22222,97.2 -69.61733,0.222564,97.3 -69.616959,0.222891,97.0 -69.616468,0.223299,97.1 -69.615539,0.223984,96.9 -69.615309,0.224173,96.7 -69.61509,0.224381,97.0 -69.614793,0.224712,97.5 -69.614507,0.225057,97.6 -69.614285,0.225369,98.3 -69.613781,0.226168,98.6 -69.613297,0.22699,98.1 -69.613029,0.227413,98.5 -69.612571,0.228247,98.6 -69.611916,0.229313,99.8 -69.611528,0.23003,101.2 -69.610778,0.23168,100.4 -69.610133,0.232983,101.0 -69.60964,0.233873,101.2 -69.609451,0.234179,102.0 -69.609242,0.234466,102.2 -69.609109,0.234614,102.6 -69.608953,0.234729,102.7 -69.608559,0.234899,102.1 -69.608385,0.234936,102.0 -69.608211,0.234941,102.1 -69.608158,0.23493,102.2 -69.608057,0.234897,102.8 -69.607969,0.234843,103.3 -69.607865,0.234718,103.9 -69.607747,0.234531,104.5 -69.607643,0.234248,104.4 -69.60761,0.234131,104.2 -69.607518,0.233893,103.6 -69.607123,0.233053,102.9 -69.606877,0.232627,101.8 -69.606673,0.232335,101.1 -69.606349,0.231936,101.5 -69.606139,0.23172,100.3 -69.606026,0.231619,100.2 -69.605847,0.231486,99.8 -69.605659,0.231363,100.2 -69.604463,0.230678,101.4 -69.604164,0.230463,101.9 -69.603961,0.230299,102.0 -69.603882,0.230219,101.6 -69.603816,0.230126,102.0 -69.60376,0.229985,102.0 -69.603745,0.229887,101.9 -69.603747,0.229839,101.8 -69.603776,0.229707,101.8 -69.603815,0.229633,102.3 -69.603845,0.229601,102.3 -69.603996,0.229486,102.3 -69.60413,0.22941,102.7 -69.604276,0.229345,103.1 -69.604668,0.229144,102.5 -69.605039,0.228926,103.6 -69.6052,0.228816,103.2 -69.605349,0.22869,102.4 -69.605712,0.228296,101.9 -69.605919,0.228001,102.1 -69.606173,0.227541,102.8 -69.606388,0.227055,103.1 -69.606555,0.22654,101.8 -69.606635,0.226161,100.5 -69.606651,0.226007,100.5 -69.606656,0.225694,100.4 -69.606634,0.22546,100.0 -69.606607,0.225309,100.2 -69.606445,0.224713,99.3 -69.606373,0.224496,99.2 -69.606223,0.224141,99.0 -69.605711,0.223135,99.3 -69.605591,0.222872,99.7 -69.605477,0.222539,99.7 -69.605431,0.222265,99.6 -69.60543,0.222063,99.9 -69.605447,0.22193,100.2 -69.605501,0.221739,99.9 -69.605554,0.22162,100.3 -69.605655,0.221453,100.7 -69.606023,0.220918,101.0 -69.606274,0.220469,102.0 -69.606498,0.220104,102.2 -69.60663,0.21984,102.0 -69.60668,0.219697,101.0 -69.606736,0.219398,100.4 -69.606739,0.219245,100.2 -69.606689,0.219024,99.7 -69.606662,0.218955,99.6 -69.606553,0.21876,99.2 -69.606463,0.218643,98.9 -69.606149,0.218321,99.6 -69.60514,0.217168,101.5 -69.604736,0.216646,101.3 -69.604166,0.215793,100.3 -69.6039,0.21536,100.7 -69.603655,0.214918,101.3 -69.603566,0.214724,101.8 -69.603442,0.214384,102.8 -69.603293,0.213893,102.5 -69.603104,0.21311,102.2 -69.603051,0.212826,102.0 -69.602971,0.212253,102.0 -69.602923,0.211527,101.4 -69.602932,0.210425,101.3 -69.602904,0.209678,100.9 -69.602866,0.209159,101.1 -69.602733,0.207695,100.8 -69.602688,0.20733,100.4 -69.60264,0.207039,100.5 -69.602549,0.206752,100.5 -69.602479,0.206616,100.6 -69.60239,0.206498,100.7 -69.602285,0.2064,100.9 -69.602169,0.206328,101.1 -69.602049,0.206283,101.2 -69.601925,0.206262,101.2 -69.60174,0.206264,101.7 -69.601548,0.206288,102.1 -69.601,0.206394,103.8 -69.600585,0.206505,104.2 -69.600389,0.206579,103.6 -69.600202,0.206671,103.1 -69.600032,0.206797,103.0 -69.599893,0.206954,102.7 -69.599748,0.207198,102.4 -69.599616,0.207462,102.4 -69.599134,0.208505,103.0 -69.598744,0.209232,103.6 -69.598091,0.210319,103.9 -69.597834,0.210773,104.0 -69.597228,0.211699,103.5 -69.596422,0.21285,102.8 -69.596055,0.213412,103.0 -69.595691,0.213982,102.6 -69.595341,0.214559,102.3 -69.595175,0.214899,102.0 -69.594822,0.215728,102.1 -69.594662,0.216146,102.0 -69.594529,0.216586,102.1 -69.594452,0.216961,102.0 -69.594428,0.217272,101.5 -69.594447,0.217577,101.7 -69.594493,0.217807,102.3 -69.594678,0.218471,102.0 -69.594835,0.218963,102.5 -69.594891,0.219239,102.1 -69.594915,0.219517,102.4 -69.594917,0.219728,102.8 -69.594889,0.22,102.7 -69.594855,0.220133,102.8 -69.594611,0.220804,103.2 -69.594476,0.221222,102.5 -69.594262,0.222014,102.2 -69.593822,0.224007,102.0 -69.59364,0.224939,103.1 -69.593503,0.225505,102.8 -69.593365,0.225918,102.0 -69.593198,0.226318,101.9 -69.593073,0.22658,102.0 -69.592891,0.226876,102.5 -69.592629,0.227194,103.1 -69.592326,0.227469,103.6 -69.592157,0.227588,103.0 -69.591984,0.22769,102.6 -69.591867,0.227747,102.5 -69.591675,0.227812,102.3 -69.591547,0.22784,102.0 -69.591212,0.22788,102.6 -69.591008,0.227881,103.2 -69.590876,0.227869,103.2 -69.590618,0.227817,103.3 -69.590359,0.227736,103.1 -69.5899,0.227573,102.8 -69.589483,0.22745,103.8 -69.588999,0.227282,103.7 -69.588602,0.227106,103.0 -69.58842,0.227001,102.9 -69.588198,0.22684,103.2 -69.588058,0.226694,103.5 -69.588016,0.226637,103.5 -69.587848,0.226404,103.6 -69.587653,0.226091,103.4 -69.587512,0.225834,103.4 -69.587324,0.225432,102.5 -69.587198,0.225092,102.2 -69.587157,0.224956,101.7 -69.58694,0.224045,100.8 -69.586785,0.223635,100.1 -69.585843,0.221651,99.0 -69.585627,0.221258,99.3 -69.585399,0.220948,99.5 -69.585201,0.220717,100.0 -69.58493,0.220451,100.5 -69.584683,0.220268,100.6 -69.584481,0.220157,100.7 -69.584269,0.220068,100.9 -69.584123,0.220026,101.0 -69.583976,0.219999,101.0 -69.583826,0.219991,101.0 -69.583605,0.220009,101.0 -69.583319,0.220087,100.9 -69.58312,0.220184,100.8 -69.58274,0.220422,100.5 -69.582211,0.220821,100.4 -69.58193,0.221063,100.5 -69.581774,0.221225,100.4 -69.581577,0.221451,101.0 -69.581299,0.221794,101.9 -69.580813,0.222429,103.9 -69.580406,0.22304,105.2 -69.579836,0.224065,104.5 -69.579178,0.225428,102.7 -69.578667,0.226545,102.7 -69.578542,0.226797,102.1 -69.578439,0.226974,101.9 -69.577918,0.227733,102.1 -69.577291,0.228721,102.9 -69.576817,0.229445,103.1 -69.576607,0.229729,103.3 -69.576292,0.230117,103.8 -69.576051,0.230386,103.4 -69.575794,0.230637,103.1 -69.575585,0.230825,103.0 -69.575474,0.230908,102.5 -69.575244,0.23105,102.0 -69.575065,0.231126,101.9 -69.574875,0.231175,101.1 -69.574686,0.231197,101.0 -69.574503,0.231196,100.8 -69.574388,0.231173,100.8 -69.574277,0.231132,100.6 -69.574178,0.231074,100.2 -69.574048,0.230957,99.8 -69.573883,0.230782,99.7 -69.573769,0.230635,99.5 -69.57362,0.230415,99.3 -69.573373,0.229998,98.5 -69.573143,0.229541,98.1 -69.572669,0.228703,98.4 -69.572471,0.228315,98.3 -69.572228,0.227795,98.7 -69.57205,0.227325,98.9 -69.571868,0.226694,99.4 -69.571754,0.226189,99.4 -69.571455,0.224673,99.3 -69.571376,0.22438,99.4 -69.571195,0.223883,99.1 -69.571069,0.223605,98.9 -69.570995,0.223472,98.7 -69.570908,0.223348,98.7 -69.57071,0.223115,99.1 -69.570542,0.222961,99.0 -69.570419,0.22287,98.9 -69.570096,0.22267,99.0 -69.569901,0.222561,99.1 -69.569229,0.222246,99.5 -69.568219,0.221824,99.8 -69.567899,0.221672,99.7 -69.567456,0.221429,100.1 -69.567097,0.221206,100.2 -69.566814,0.220999,99.7 -69.566709,0.220913,99.9 -69.566469,0.22067,100.0 -69.566298,0.220458,100.0 -69.565177,0.218792,99.0 -69.565033,0.21862,98.9 -69.564922,0.218518,98.9 -69.564739,0.218384,98.7 -69.564607,0.21831,98.6 -69.564469,0.218251,98.8 -69.564252,0.21819,99.1 -69.563878,0.218138,99.3 -69.563506,0.218136,99.8 -69.563132,0.218177,99.6 -69.562213,0.218418,100.1 -69.560945,0.218847,99.7 -69.560598,0.218953,100.2 -69.559692,0.219201,100.2 -69.558248,0.219613,100.7 -69.557556,0.219833,101.5 -69.557074,0.219973,101.3 -69.556188,0.220263,101.3 -69.555704,0.220398,101.5 -69.555499,0.220442,101.2 -69.555296,0.220465,101.4 -69.554889,0.22045,101.5 -69.554628,0.22041,101.7 -69.554436,0.220358,101.0 -69.554254,0.220284,101.3 -69.554084,0.22019,101.6 -69.553926,0.220076,101.6 -69.553727,0.219893,101.0 -69.553602,0.219743,100.7 -69.553536,0.219635,100.7 -69.553486,0.219518,100.6 -69.553432,0.219334,100.8 -69.553413,0.219209,101.0 -69.553411,0.219017,101.1 -69.553458,0.218685,101.0 -69.553514,0.218414,101.0 -69.553657,0.217942,101.0 -69.553794,0.217617,100.7 -69.553955,0.217295,100.3 -69.554133,0.216979,100.3 -69.55432,0.21668,100.2 -69.554736,0.216092,100.1 -69.555612,0.214922,99.9 -69.555768,0.21467,99.7 -69.555899,0.214396,99.5 -69.555945,0.214251,99.5 -69.555979,0.214104,99.3 -69.556008,0.213878,99.5 -69.556006,0.213652,98.9 -69.555988,0.213356,99.4 -69.555805,0.211847,99.2 -69.555774,0.211347,99.1 -69.555726,0.210836,99.1 -69.555648,0.210468,99.2 -69.555562,0.210178,99.1 -69.555475,0.209968,99.1 -69.555393,0.209844,99.1 -69.555291,0.20974,99.1 -69.555174,0.209664,99.0 -69.55499,0.209595,99.1 -69.554864,0.209585,99.1 -69.554742,0.20961,98.8 -69.554632,0.20966,98.8 -69.554534,0.209729,99.1 -69.554181,0.210032,98.7 -69.554041,0.21019,98.7 -69.553748,0.210587,99.1 -69.553516,0.21084,99.2 -69.552787,0.211471,99.4 -69.552179,0.211933,99.6 -69.551946,0.212095,100.0 -69.551406,0.212437,100.2 -69.551222,0.212543,99.9 -69.550774,0.212762,99.5 -69.550182,0.213032,99.0 -69.549909,0.21313,98.9 -69.549566,0.213232,98.9 -69.548929,0.213383,97.6 -69.548498,0.213456,97.3 -69.54814,0.213486,96.8 -69.547708,0.213485,96.7 -69.546826,0.213453,96.5 -69.545792,0.21339,97.2 -69.545417,0.213382,97.7 -69.545041,0.213417,97.5 -69.544819,0.213461,97.3 -69.54446,0.213575,97.6 -69.544049,0.213738,98.1 -69.543712,0.213895,98.5 -69.543329,0.214107,98.2 -69.543017,0.214298,98.2 -69.542771,0.214474,98.1 -69.541988,0.215072,98.3 -69.541423,0.215567,97.6 -69.541028,0.215849,96.8 -69.540846,0.215949,97.2 -69.540592,0.216048,96.7 -69.540263,0.216135,96.5 -69.539929,0.216182,96.7 -69.539587,0.216187,96.8 -69.539111,0.216159,96.9 -69.538346,0.216072,96.9 -69.538064,0.216026,97.2 -69.536858,0.215869,97.8 -69.536217,0.21577,97.7 -69.535711,0.215711,98.2 -69.535361,0.215649,98.6 -69.53495,0.215543,97.8 -69.534757,0.215479,97.4 -69.534383,0.215312,97.6 -69.534083,0.215139,97.1 -69.533857,0.214975,96.9 -69.533593,0.214752,97.4 -69.533371,0.214492,97.1 -69.533255,0.214317,97.6 -69.533192,0.214199,97.3 -69.533053,0.213879,97.3 -69.532945,0.213469,97.9 -69.532914,0.213207,97.1 -69.532855,0.212501,96.9 -69.532816,0.212283,96.8 -69.532722,0.211999,96.6 -69.532643,0.211874,96.4 -69.532549,0.211765,96.5 -69.532436,0.211679,96.6 -69.532317,0.211605,96.5 -69.532122,0.211525,96.8 -69.531914,0.211477,97.1 -69.531695,0.211456,96.5 -69.531399,0.21147,96.2 -69.531177,0.21151,96.3 -69.530822,0.211628,96.4 -69.530694,0.2117,96.2 -69.530583,0.211796,96.6 -69.53049,0.211901,96.8 -69.530405,0.212016,96.9 -69.530298,0.212207,97.2 -69.530214,0.212411,97.1 -69.530168,0.212628,97.6 -69.530165,0.212703,97.5 -69.530193,0.213075,97.5 -69.530259,0.213369,98.0 -69.530382,0.213724,98.0 -69.530642,0.214342,98.7 -69.530821,0.214822,98.8 -69.530913,0.215164,98.5 -69.530934,0.215364,98.4 -69.530914,0.215624,98.1 -69.530847,0.21587,97.8 -69.530761,0.216035,98.5 -69.530649,0.21619,98.2 -69.530466,0.216382,97.8 -69.530311,0.216512,97.0 -69.530199,0.216585,96.9 -69.530021,0.216679,97.0 -69.529703,0.216814,96.9 -69.529573,0.21686,96.7 -69.529378,0.216909,96.8 -69.529178,0.216932,96.9 -69.528914,0.216925,97.6 -69.528715,0.216898,97.8 -69.528308,0.21681,97.8 -69.527968,0.21671,97.9 -69.527704,0.216619,98.2 -69.527312,0.216447,98.2 -69.527005,0.216282,97.5 -69.526577,0.216034,97.8 -69.526346,0.215875,97.5 -69.526122,0.215699,97.0 -69.525361,0.215023,97.2 -69.524906,0.21465,97.6 -69.524716,0.214526,97.6 -69.524582,0.214463,97.8 -69.524293,0.214386,97.7 -69.524075,0.214366,97.6 -69.523929,0.214363,97.8 -69.523779,0.214378,97.7 -69.523706,0.214397,97.8 -69.523569,0.214456,97.1 -69.523449,0.214533,97.3 -69.523244,0.214729,97.1 -69.523071,0.214964,97.3 -69.522996,0.21509,97.5 -69.522525,0.216063,98.1 -69.52238,0.216294,97.7 -69.522253,0.216449,98.3 -69.522065,0.216648,98.4 -69.52185,0.216813,98.5 -69.521733,0.216883,98.1 -69.521427,0.217032,97.7 -69.521043,0.21719,97.0 -69.520311,0.217461,97.0 -69.520037,0.217576,96.4 -69.51965,0.217794,96.0 -69.519228,0.21809,95.9 -69.518654,0.218518,96.1 -69.518416,0.21865,95.9 -69.518167,0.21875,96.1 -69.518039,0.218785,95.9 -69.517844,0.218818,96.1 -69.517646,0.218825,96.5 -69.51738,0.218797,97.0 -69.517111,0.218743,97.4 -69.516789,0.218643,97.2 -69.516612,0.218549,97.3 -69.516509,0.218471,97.2 -69.516363,0.218333,97.2 -69.516203,0.218124,96.9 -69.516087,0.217886,97.1 -69.516011,0.217629,96.8 -69.515978,0.217358,96.4 -69.515984,0.217159,96.5 -69.516001,0.217022,96.4 -69.516098,0.216539,96.6 -69.516275,0.215904,96.2 -69.516432,0.215421,95.9 -69.516488,0.215205,96.0 -69.516527,0.21491,95.5 -69.516514,0.214759,95.6 -69.516453,0.214548,95.6 -69.516421,0.214487,95.6 -69.516344,0.214382,95.9 -69.516255,0.214295,95.9 -69.516148,0.214218,96.0 -69.515973,0.214137,96.4 -69.515787,0.214098,96.4 -69.515587,0.214094,96.2 -69.515385,0.214117,96.1 -69.515184,0.214185,96.4 -69.514992,0.214295,96.1 -69.514765,0.214466,96.0 -69.514551,0.214669,95.7 -69.514402,0.214841,95.5 -69.514289,0.215033,95.8 -69.514236,0.215172,96.0 -69.514199,0.215313,96.4 -69.514162,0.215604,96.5 -69.514161,0.215678,96.3 -69.514184,0.216039,97.1 -69.514257,0.21648,96.3 -69.514297,0.217131,96.0 -69.514291,0.217334,96.7 -69.51426,0.217521,96.7 -69.514128,0.217955,96.5 -69.514079,0.218158,96.7 -69.513962,0.219149,96.2 -69.513862,0.219697,96.0 -69.513771,0.220034,96.1 -69.513656,0.22035,95.8 -69.513573,0.220529,96.2 -69.513501,0.220637,96.3 -69.513377,0.22078,96.1 -69.513226,0.220895,96.3 -69.513112,0.220956,97.0 -69.512941,0.221023,96.8 -69.512762,0.221051,97.1 -69.512581,0.221035,96.9 -69.512405,0.220997,96.6 -69.512237,0.220923,97.2 -69.512136,0.220852,96.8 -69.51205,0.220766,96.6 -69.511933,0.220614,96.3 -69.511737,0.220261,96.0 -69.51162,0.220007,96.2 -69.511521,0.219685,95.4 -69.511358,0.218709,96.2 -69.511259,0.217861,95.8 -69.511187,0.21743,96.0 -69.51113,0.217213,96.0 -69.51106,0.217007,95.8 -69.510937,0.216735,96.1 -69.510768,0.21648,96.1 -69.510672,0.216367,96.2 -69.510562,0.216258,96.4 -69.510322,0.216085,96.4 -69.510065,0.215932,96.9 -69.509097,0.215455,96.9 -69.508788,0.215277,97.4 -69.508609,0.215159,97.6 -69.508399,0.214983,97.0 -69.508275,0.21484,96.1 -69.508212,0.21473,96.2 -69.50817,0.214614,96.3 -69.508147,0.214489,96.9 -69.508142,0.214296,97.1 -69.508152,0.214165,97.2 -69.508201,0.213985,97.0 -69.508257,0.213872,97.6 -69.508325,0.213768,97.4 -69.508588,0.213486,96.3 -69.508842,0.213249,96.8 -69.509647,0.212551,97.8 -69.509802,0.212392,97.9 -69.509984,0.212156,97.0 -69.51006,0.212018,96.9 -69.510137,0.211807,97.3 -69.510174,0.211591,97.2 -69.510184,0.211368,97.4 -69.510177,0.211073,97.4 -69.510132,0.210779,97.3 -69.510067,0.210559,97.1 -69.510008,0.210418,97.6 -69.509969,0.210349,97.3 -69.509843,0.210163,97.3 -69.50969,0.209996,97.2 -69.509522,0.209843,97.5 -69.509334,0.209729,97.4 -69.509128,0.20966,97.6 -69.508981,0.209637,97.5 -69.50891,0.209633,97.6 -69.508768,0.209646,97.7 -69.508631,0.209677,97.9 -69.508497,0.209727,97.9 -69.508302,0.209828,97.7 -69.508059,0.209986,98.2 -69.507827,0.210153,97.9 -69.50713,0.210694,98.5 -69.506836,0.210905,99.1 -69.506476,0.211122,99.1 -69.506103,0.211304,99.2 -69.505837,0.211408,99.4 -69.505431,0.21155,99.3 -69.505157,0.211613,99.3 -69.504739,0.211745,98.9 -69.50377,0.212078,98.9 -69.503565,0.212159,98.5 -69.5033,0.212282,98.2 -69.502528,0.212668,97.6 -69.502223,0.212869,97.2 -69.501889,0.213165,97.4 -69.50173,0.213322,96.9 -69.501581,0.213492,97.2 -69.501411,0.213739,97.2 -69.501343,0.213874,97.1 -69.501264,0.214089,97.4 -69.501182,0.21446,97.7 -69.501157,0.214689,97.5 -69.501112,0.215352,97.0 -69.50107,0.215701,96.8 -69.501021,0.215893,97.0 -69.500947,0.216066,96.8 -69.500842,0.216226,96.6 -69.500721,0.216369,96.3 -69.500625,0.216448,96.1 -69.500413,0.21659,95.6 -69.5003,0.216646,95.1 -69.499932,0.216776,94.9 -69.499744,0.216808,95.1 -69.499557,0.216802,95.1 -69.499434,0.21678,94.8 -69.499317,0.216736,95.1 -69.499212,0.21667,94.8 -69.499118,0.216589,94.9 -69.498983,0.216447,94.4 -69.498595,0.21597,94.3 -69.498226,0.215549,94.0 -69.497911,0.215243,93.8 -69.49773,0.215106,93.0 -69.497414,0.214897,92.5 -69.497081,0.214713,92.3 -69.496431,0.21439,91.3 -69.496103,0.214242,90.6 -69.495559,0.214034,91.5 -69.495375,0.213939,91.4 -69.495267,0.21387,91.7 -69.495157,0.213781,91.2 -69.494917,0.213541,91.5 -69.49483,0.213436,90.8 -69.494644,0.21316,90.3 -69.494535,0.212912,90.4 -69.494477,0.21272,90.7 -69.494448,0.212456,90.6 -69.494463,0.212261,90.5 -69.494575,0.211728,89.8 -69.494769,0.211117,89.4 -69.494893,0.210611,89.0 -69.494905,0.210462,88.6 -69.494896,0.210239,89.2 -69.494837,0.21002,89.7 -69.494784,0.209885,89.0 -69.49468,0.209683,88.5 -69.494517,0.209434,89.1 -69.494316,0.209211,89.1 -69.494154,0.209059,88.7 -69.493877,0.208816,89.2 -69.493542,0.208541,88.7 -69.493438,0.208442,88.6 -69.493252,0.208235,88.6 -69.493132,0.20807,88.6 -69.493029,0.207898,88.3 -69.492902,0.20766,89.0 -69.492779,0.20734,88.9 -69.492692,0.207004,89.0 -69.492562,0.206302,88.3 -69.492468,0.205869,88.6 -69.492403,0.205648,88.2 -69.49235,0.205512,88.4 -69.49228,0.205374,88.1 -69.492154,0.205182,88.6 -69.492056,0.205067,88.6 -69.491845,0.204856,88.8 -69.491786,0.204809,89.2 -69.491523,0.204654,89.3 -69.491313,0.204562,89.5 -69.49109,0.2045,89.4 -69.490939,0.204477,89.3 -69.490785,0.204467,89.0 -69.490477,0.204479,88.2 -69.4901,0.204529,87.9 -69.489881,0.204571,88.2 -69.489308,0.204718,88.0 -69.488961,0.204786,88.0 -69.48876,0.204796,88.5 -69.488627,0.204791,88.5 -69.488496,0.204773,87.8 -69.488276,0.204723,87.7 -69.488233,0.20469,87.9 -69.488174,0.204673,87.9 -69.487948,0.204562,87.5 -69.487839,0.204488,87.1 -69.487741,0.204404,88.1 -69.487654,0.204313,88.1 -69.48753,0.204158,88.2 -69.487137,0.203588,89.1 -69.487001,0.203422,89.5 -69.486893,0.203325,89.6 -69.486709,0.203215,90.0 -69.486576,0.203178,89.8 -69.486445,0.203168,89.9 -69.486382,0.203176,89.7 -69.486265,0.203212,89.6 -69.486163,0.203269,89.4 -69.486077,0.203343,89.2 -69.485981,0.203462,89.3 -69.485921,0.203573,87.0 -69.485873,0.203718,88.6 -69.485854,0.203835,88.0 -69.485865,0.203928,88.7 -69.4859,0.20407,88.8 -69.486047,0.204418,88.4 -69.48629,0.204939,88.3 -69.4864,0.205264,87.8 -69.486435,0.205464,87.8 -69.486455,0.205734,87.7 -69.486441,0.206004,87.4 -69.486305,0.206675,87.5 -69.486227,0.206941,87.1 -69.486177,0.207063,86.9 -69.486084,0.207235,87.1 -69.486006,0.207337,87.2 -69.485917,0.207431,87.3 -69.485769,0.207551,87.6 -69.485601,0.207635,87.7 -69.485425,0.207692,87.4 -69.48524,0.207717,87.5 -69.485051,0.207715,87.8 -69.484798,0.207662,87.5 -69.484677,0.207615,87.6 -69.484502,0.207526,87.4 -69.484286,0.207369,87.8 -69.483982,0.207098,88.1 -69.483883,0.206997,88.2 -69.483213,0.206229,89.9 -69.482916,0.205905,89.8 -69.482757,0.20575,89.5 -69.482581,0.205607,89.6 -69.482319,0.205459,89.8 -69.482108,0.205375,89.6 -69.481961,0.205334,89.9 -69.481741,0.205325,88.8 -69.481457,0.205374,89.1 -69.48118,0.205478,88.4 -69.480992,0.205594,87.8 -69.480881,0.205692,88.5 -69.480744,0.205863,88.5 -69.480673,0.205994,89.0 -69.480614,0.206128,89.1 -69.480506,0.20641,88.9 -69.480366,0.20707,88.7 -69.480247,0.207489,88.3 -69.480168,0.207686,88.5 -69.480072,0.207863,87.5 -69.479953,0.208014,87.8 -69.479806,0.208131,87.3 -69.479635,0.208217,87.4 -69.479458,0.208269,87.6 -69.479284,0.208276,87.5 -69.479112,0.208231,88.1 -69.479009,0.208167,88.2 -69.478923,0.208079,88.0 -69.478811,0.207922,87.9 -69.478727,0.207748,87.3 -69.478685,0.207624,87.0 -69.478635,0.207366,87.6 -69.478631,0.207235,87.3 -69.478642,0.207103,88.0 -69.4787,0.206765,88.9 -69.478846,0.20613,89.4 -69.478932,0.205614,89.3 -69.478948,0.20531,89.8 -69.478933,0.20516,89.8 -69.478867,0.204953,89.9 -69.478797,0.204827,89.9 -69.478703,0.204725,89.9 -69.478539,0.204619,89.9 -69.478359,0.204555,89.5 -69.478233,0.204536,89.7 -69.47797,0.204537,89.7 -69.477763,0.204566,89.5 -69.477415,0.204646,89.0 -69.477202,0.204715,88.5 -69.477061,0.204777,88.2 -69.476927,0.204854,88.0 -69.476308,0.205288,87.7 -69.475495,0.205893,87.2 -69.474825,0.206446,87.5 -69.474623,0.20665,87.0 -69.4744,0.206851,87.7 -69.474236,0.20702,89.5 -69.47407,0.207265,89.3 -69.473973,0.207474,89.8 -69.473916,0.207694,90.1 -69.473897,0.207843,90.8 -69.473897,0.207921,91.1 -69.473946,0.208299,90.2 -69.474015,0.208516,89.8 -69.474082,0.208653,89.8 -69.474164,0.208785,89.9 -69.474362,0.209014,89.9 -69.475232,0.209826,90.6 -69.475379,0.209981,90.7 -69.475508,0.210139,90.2 -69.475722,0.210496,90.9 -69.475798,0.210823,91.9 -69.475816,0.211021,92.0 -69.475815,0.211218,92.4 -69.475783,0.211415,92.9 -69.475736,0.211613,93.0 -69.475613,0.211925,93.1 -69.475518,0.2121,92.9 -69.475329,0.21237,93.3 -69.475194,0.212514,93.3 -69.475046,0.212646,93.9 -69.474884,0.212765,94.4 -69.474709,0.212866,94.8 -69.474459,0.212992,94.2 -69.473996,0.213194,94.3 -69.473793,0.213272,94.5 -69.473589,0.21333,94.2 -69.473387,0.213363,94.0 -69.473187,0.213374,94.0 -69.472981,0.213364,94.0 -69.47278,0.213332,94.3 -69.472521,0.21326,94.8 -69.471921,0.213037,94.9 -69.471647,0.21295,94.8 -69.471075,0.212809,94.6 -69.47092,0.212785,94.2 -69.470768,0.212779,94.5 -69.470616,0.212804,94.2 -69.470478,0.21285,94.2 -69.470362,0.212923,94.2 -69.470314,0.212967,94.2 -69.470235,0.213062,94.4 -69.470182,0.213158,94.5 -69.470142,0.213328,94.0 -69.470133,0.213478,92.0 -69.47015,0.213554,92.0 -69.470172,0.213579,92.0 -69.470203,0.213596,94.0 -69.470239,0.213598,93.0 -69.47027,0.213581,93.0 -69.470384,0.21342,96.0 -69.470393,0.213453,87.0 -69.470378,0.213469,92.0 -69.470316,0.213479,95.5 -69.470285,0.213502,96.4 -69.470251,0.213537,95.0 -69.470217,0.213608,96.0 -69.470204,0.213701,96.0 -69.47023,0.213839,96.0 -69.470249,0.213905,96.1 -69.470412,0.214231,96.2 -69.47051,0.214361,96.1 -69.470633,0.214481,96.0 -69.470886,0.214686,95.7 -69.471405,0.21502,96.4 -69.4721,0.215405,97.2 -69.472427,0.215569,96.0 -69.472544,0.215647,97.6 -69.472482,0.215613,97.4 -69.47282,0.215775,96.0 -69.472962,0.215903,97.6 -69.473296,0.21616,97.8 -69.473673,0.216407,97.8 -69.473857,0.216539,98.0 -69.474154,0.216792,97.8 -69.474526,0.217156,98.2 -69.474558,0.217208,97.8 -69.474654,0.217312,97.9 -69.474923,0.217661,97.9 -69.474949,0.217718,98.0 -69.475142,0.218027,98.5 -69.475329,0.218459,98.0 -69.475413,0.218822,98.3 -69.475425,0.218945,98.7 -69.475417,0.219131,98.5 -69.475398,0.219182,98.7 -69.475351,0.219222,98.2 -69.475328,0.219269,98.4 -69.475241,0.219358,98.0 -69.47517,0.219461,97.7 -69.475076,0.219543,97.6 -69.475009,0.219556,97.5 -69.474792,0.219681,97.5 -69.474736,0.2197,97.4 -69.474616,0.219766,97.8 -69.474429,0.219834,98.3 -69.474031,0.219941,97.8 -69.473963,0.219943,98.0 -69.473897,0.219958,97.8 -69.473685,0.220029,98.0 -69.473466,0.220067,98.0 -69.472972,0.220095,97.8 -69.472757,0.220144,98.0 -69.472689,0.220149,97.9 -69.472613,0.220178,97.7 -69.472489,0.220203,98.0 -69.472267,0.220209,97.7 -69.472121,0.220239,98.0 -69.472071,0.220231,98.1 -69.471917,0.22025,98.3 -69.471709,0.220255,98.0 -69.471648,0.220244,97.9 -69.470971,0.220243,98.5 -69.470828,0.220225,98.4 -69.470691,0.220252,98.2 -69.47037,0.220236,98.4 -69.470244,0.220257,98.4 -69.46993,0.220276,98.0 -69.46985,0.22029,98.6 -69.469789,0.220285,98.5 -69.469711,0.22031,98.2 -69.469476,0.220329,98.7 -69.469416,0.220353,98.6 -69.469336,0.220365,98.4 -69.46863,0.220359,98.6 -69.468565,0.22037,98.6 -69.468379,0.220334,98.8 -69.468013,0.220372,98.4 -69.467973,0.22034,98.5 -69.467904,0.220335,98.4 -69.467818,0.220348,98.6 -69.467742,0.220346,98.5 -69.467528,0.220306,98.4 -69.467296,0.220279,98.5 -69.466554,0.220282,98.5 -69.466509,0.220336,98.6 -69.465473,0.220447,98.9 -69.465171,0.220488,98.7 -69.465108,0.220483,98.6 -69.464944,0.220538,98.7 -69.464684,0.220603,98.7 -69.464552,0.220659,98.7 -69.464406,0.220686,98.6 -69.464324,0.220688,98.5 -69.464253,0.220713,98.7 -69.464098,0.220732,98.7 -69.463761,0.220801,98.7 -69.46345,0.220833,98.6 -69.462883,0.220858,98.8 -69.462761,0.220835,98.4 -69.462645,0.220799,98.8 -69.462526,0.220793,98.7 -69.46231,0.220763,98.7 -69.460804,0.220041,99.2 -69.460745,0.220003,98.7 -69.460554,0.21984,98.9 -69.460372,0.219764,99.0 -69.460202,0.21962,99.3 -69.459959,0.219437,99.2 -69.458952,0.218084,99.1 -69.458701,0.217645,98.7 -69.458592,0.217433,98.9 -69.458591,0.217395,99.0 -69.458572,0.217348,99.3 -69.458528,0.217286,99.2 -69.458459,0.217158,98.8 -69.458336,0.216973,99.0 -69.458173,0.216789,99.0 -69.458064,0.216705,99.1 -69.457844,0.216589,99.0 -69.457695,0.216524,98.6 -69.457625,0.216506,99.0 -69.457247,0.216328,98.6 -69.457106,0.21625,98.8 -69.456974,0.216163,98.8 -69.456811,0.216082,98.7 -69.456585,0.215894,99.0 -69.456441,0.215753,99.1 -69.456278,0.215556,98.6 -69.456184,0.21541,98.8 -69.456161,0.215322,98.8 -69.456153,0.215242,98.7 -69.456127,0.215175,98.7 -69.456125,0.215084,98.8 -69.456074,0.214863,99.1 -69.456075,0.214597,99.0 -69.456107,0.2145,99.0 -69.45624,0.214199,98.9 -69.456363,0.213954,99.3 -69.456475,0.213775,99.3 -69.457171,0.212803,99.2 -69.457203,0.212743,99.1 -69.457359,0.212389,99.3 -69.457391,0.212242,99.4 -69.457417,0.211948,99.4 -69.457466,0.211805,99.2 -69.457479,0.211537,99.2 -69.457457,0.211337,99.2 -69.457468,0.211257,99.2 -69.457446,0.211191,99.3 -69.457452,0.211037,99.3 -69.457439,0.210965,99.2 -69.456887,0.209687,98.7 -69.456813,0.209571,98.9 -69.456601,0.209405,98.8 -69.456496,0.209287,98.5 -69.456307,0.209105,98.9 -69.456056,0.209011,98.7 -69.455042,0.209372,98.6 -69.454963,0.209473,98.7 -69.454895,0.209502,98.6 -69.454818,0.209578,98.6 -69.454758,0.20962,98.7 -69.454659,0.209736,98.7 -69.454608,0.209779,98.9 -69.454499,0.210547,98.6 -69.454493,0.21064,98.6 -69.454554,0.210756,98.5 -69.454529,0.210816,98.5 -69.454532,0.210919,98.4 -69.454451,0.211246,98.4 -69.454389,0.211416,98.5 -69.454372,0.21151,98.7 -69.454308,0.211695,98.6 -69.453128,0.211647,99.3 -69.453108,0.211568,98.5 -69.453032,0.211532,98.0 -69.452749,0.211249,95.9 -69.452639,0.211083,94.6 -69.452549,0.210903,94.8 -69.452469,0.210652,95.1 -69.452436,0.210457,95.0 -69.45244,0.210196,94.0 -69.45247,0.210003,93.3 -69.452524,0.209818,93.5 -69.452599,0.209627,92.8 -69.452689,0.209442,92.8 -69.452985,0.208963,90.5 -69.453068,0.208864,90.8 -69.453095,0.208782,91.7 -69.45315,0.208738,92.6 -69.453398,0.208386,92.6 -69.453476,0.208255,92.8 -69.453546,0.208111,92.9 -69.453596,0.207953,93.4 -69.453568,0.207728,93.8 -69.45358,0.20755,93.8 -69.453533,0.207418,94.4 -69.453499,0.207359,94.5 -69.453424,0.207249,94.6 -69.453279,0.20712,94.7 -69.453176,0.207052,94.8 -69.452998,0.206989,94.9 -69.452872,0.206974,95.1 -69.452674,0.20698,94.9 -69.452462,0.207013,94.0 -69.452245,0.207071,93.6 -69.452171,0.207098,93.4 -69.451967,0.207202,93.9 -69.451728,0.207398,92.9 -69.451575,0.207577,92.8 -69.451496,0.207707,92.4 -69.451288,0.20809,91.6 -69.45114,0.208423,91.6 -69.450955,0.208801,91.5 -69.450822,0.209037,91.5 -69.450668,0.209269,90.9 -69.450505,0.209477,90.9 -69.450413,0.209575,91.3 -69.450312,0.209662,91.4 -69.450152,0.209781,91.2 -69.449801,0.209972,91.4 -69.449488,0.210109,91.6 -69.449101,0.21025,91.4 -69.448838,0.210332,91.6 -69.448312,0.210459,91.9 -69.448179,0.210475,92.1 -69.447981,0.21048,92.2 -69.44778,0.21047,92.3 -69.447654,0.210445,92.3 -69.44747,0.210386,92.5 -69.447296,0.210298,92.4 -69.447139,0.210183,92.2 -69.447,0.210045,92.3 -69.446848,0.209834,91.9 -69.446785,0.209716,92.0 -69.446718,0.20953,91.9 -69.446697,0.209404,91.5 -69.446691,0.209274,91.3 -69.446698,0.209143,91.1 -69.44672,0.209014,90.9 -69.446756,0.208889,91.1 -69.446834,0.208707,91.4 -69.447161,0.208079,92.6 -69.447246,0.207873,92.5 -69.447334,0.207582,92.2 -69.447368,0.207354,92.4 -69.447364,0.207123,92.2 -69.447328,0.206895,91.9 -69.447259,0.206676,91.6 -69.447196,0.206536,91.9 -69.447072,0.206341,91.9 -69.446969,0.206229,92.0 -69.446789,0.206092,91.9 -69.446585,0.20599,91.7 -69.446298,0.205891,91.2 -69.445997,0.205823,90.9 -69.445768,0.205785,90.8 -69.445462,0.205765,90.6 -69.445231,0.205771,90.9 -69.445001,0.205802,91.1 -69.444775,0.20586,90.8 -69.444557,0.205941,90.7 -69.444353,0.206052,90.7 -69.444108,0.20624,90.7 -69.443942,0.206404,90.9 -69.443801,0.206589,91.3 -69.443725,0.206725,91.6 -69.443644,0.206946,91.4 -69.443598,0.207171,91.5 -69.44359,0.207474,90.9 -69.44361,0.207703,90.4 -69.443671,0.208003,90.4 -69.443717,0.20815,90.2 -69.443803,0.208365,90.1 -69.443912,0.20857,90.4 -69.444044,0.208761,90.5 -69.444232,0.208992,90.2 -69.444398,0.209219,90.6 -69.444544,0.20945,90.5 -69.444728,0.209815,90.4 -69.444769,0.209942,90.2 -69.444795,0.210071,90.0 -69.444807,0.210201,90.6 -69.4448,0.210395,90.2 -69.444784,0.210523,90.3 -69.444745,0.210711,90.6 -69.444658,0.210955,90.4 -69.444572,0.211134,90.8 -69.443969,0.211989,90.4 -69.443774,0.212291,90.6 -69.443518,0.212716,91.0 -69.44307,0.213522,91.3 -69.442877,0.213806,90.8 -69.442607,0.214115,91.0 -69.442509,0.214211,91.1 -69.44235,0.214345,91.3 -69.442126,0.214493,90.9 -69.441939,0.214578,90.7 -69.44181,0.214625,90.6 -69.441613,0.214678,91.0 -69.441415,0.214705,91.2 -69.441217,0.214703,90.9 -69.441015,0.214679,91.1 -69.440746,0.214632,90.9 -69.440415,0.214547,91.2 -69.439968,0.214376,91.0 -69.439762,0.214311,90.8 -69.439546,0.214268,91.0 -69.439325,0.214258,91.3 -69.439105,0.214295,91.5 -69.4389,0.214372,91.0 -69.438524,0.214569,90.4 -69.438105,0.214826,90.0 -69.437799,0.214992,90.0 -69.437674,0.215035,89.5 -69.437485,0.215055,89.6 -69.4373,0.215032,89.9 -69.437183,0.214993,89.9 -69.436959,0.214888,90.1 -69.436813,0.214779,90.2 -69.436687,0.214645,90.0 -69.436586,0.214488,90.6 -69.436539,0.214367,90.8 -69.43651,0.214236,91.1 -69.436493,0.214033,91.0 -69.436494,0.213894,91.4 -69.436518,0.213688,91.4 -69.436568,0.213489,91.4</coordinates>
                </LineString>
                <LineString id="8">
                    <extrude>0</extrude>
                    <altitudeMode>clampToGround</altitudeMode>
                    <coordinates>-69.392545,0.208743,109.4 -69.392376,0.209122,96.7 -69.392277,0.209284,95.6 -69.392221,0.209408,95.4 -69.392173,0.209449,94.5 -69.392151,0.209499,93.6 -69.392034,0.209632,92.6 -69.39186,0.209797,91.3 -69.391653,0.209936,91.7 -69.391538,0.20999,91.7 -69.391422,0.210023,91.2 -69.391363,0.210059,91.7 -69.391294,0.210047,90.7 -69.39122,0.210079,92.4 -69.391157,0.210083,92.4 -69.390972,0.210057,92.3 -69.390862,0.210022,92.4 -69.390759,0.209962,92.6 -69.390666,0.209881,92.8 -69.390533,0.209687,93.6 -69.390388,0.209354,94.4 -69.390097,0.208413,95.8 -69.390023,0.208112,94.9 -69.389926,0.207376,95.6 -69.389873,0.207162,95.8 -69.389805,0.207046,96.3 -69.389685,0.206918,95.0 -69.38961,0.206883,94.3 -69.389498,0.206883,93.4 -69.389344,0.206924,92.5 -69.389138,0.206955,91.8 -69.389017,0.207004,91.7 -69.388947,0.207049,91.4 -69.388886,0.207111,91.6 -69.388839,0.207178,91.3 -69.388769,0.207336,91.4 -69.388641,0.207674,90.6 -69.388549,0.207851,90.4 -69.388455,0.207954,90.6 -69.388344,0.208023,90.7 -69.387904,0.208182,91.8 -69.387668,0.208292,91.3 -69.387179,0.208614,91.7 -69.386545,0.2091,92.0 -69.385536,0.209951,91.9 -69.384519,0.210672,92.8 -69.384147,0.21088,93.4 -69.383839,0.211014,93.1 -69.383649,0.211085,93.0 -69.383325,0.21118,92.9 -69.383133,0.211224,92.9 -69.382808,0.211264,92.3 -69.38261,0.21126,92.1 -69.382278,0.211226,92.4 -69.382017,0.211175,92.5 -69.381762,0.211099,92.3 -69.381521,0.210989,92.3 -69.381173,0.210777,92.0 -69.380891,0.210575,92.1 -69.380624,0.21035,92.2 -69.380215,0.20995,92.6 -69.379635,0.209325,92.9 -69.37942,0.209051,92.8 -69.379264,0.208817,92.9 -69.379027,0.208395,93.3 -69.378888,0.20808,93.3 -69.3788,0.207817,93.4 -69.378751,0.207615,93.3 -69.378689,0.207207,93.9 -69.378658,0.206507,93.6 -69.378613,0.206005,93.3 -69.378494,0.205372,93.9 -69.378393,0.204961,93.8 -69.378161,0.204224,93.5 -69.378012,0.203679,93.7 -69.377869,0.203206,93.2 -69.377436,0.202001,93.8 -69.377313,0.201736,93.6 -69.377194,0.201544,93.6 -69.377051,0.201368,93.4 -69.376878,0.201228,93.2 -69.376752,0.201159,92.8 -69.376619,0.201121,92.7 -69.376414,0.2011,92.8 -69.376207,0.201112,92.4 -69.376001,0.201165,92.7 -69.37581,0.201258,92.4 -69.375582,0.201425,92.7 -69.375422,0.201563,92.6 -69.375319,0.201666,92.7 -69.375185,0.201838,92.3 -69.375077,0.202032,92.1 -69.375023,0.202171,92.1 -69.374976,0.202391,91.9 -69.374941,0.202608,91.7 -69.374831,0.203095,91.8 -69.374784,0.203374,91.7 -69.374721,0.204014,91.0 -69.374694,0.204151,91.2 -69.374629,0.204344,91.0 -69.374541,0.204526,91.0 -69.374469,0.204637,90.8 -69.374343,0.204785,90.9 -69.374246,0.204863,91.1 -69.374083,0.204944,91.3 -69.373966,0.204971,91.3 -69.373845,0.204982,91.5 -69.373656,0.204981,91.6 -69.373337,0.204941,92.3 -69.372939,0.204846,92.6 -69.372252,0.20472,92.1 -69.371558,0.204623,91.7 -69.371311,0.204548,91.5 -69.371085,0.204436,91.4 -69.370811,0.204263,91.6 -69.370662,0.204141,91.6 -69.370575,0.204047,91.6 -69.370541,0.203997,91.7 -69.370499,0.203896,91.5 -69.370425,0.203504,91.3 -69.370316,0.203106,91.9 -69.370281,0.202916,91.9 -69.370269,0.202786,92.2 -69.370275,0.202594,92.5 -69.370318,0.202346,92.6 -69.370428,0.202037,92.9 -69.370733,0.201504,93.1 -69.370833,0.201311,93.2 -69.371265,0.200328,93.6 -69.371573,0.199473,93.2 -69.371817,0.198899,92.8 -69.371945,0.198572,93.2 -69.372032,0.198287,93.4 -69.372132,0.197859,94.7 -69.372219,0.197351,95.8 -69.372256,0.196982,96.6 -69.372254,0.196756,96.7 -69.372239,0.196531,96.0 -69.372244,0.19637,96.4 -69.372221,0.196307,96.5 -69.372211,0.196234,97.7 -69.372144,0.195084,98.6 -69.372076,0.194385,97.9 -69.371897,0.193127,97.3 -69.371787,0.192427,98.3 -69.371721,0.192075,99.2 -69.371686,0.191935,99.3 -69.371432,0.191167,99.6 -69.371276,0.190931,97.3 -69.371023,0.190479,97.0 -69.370907,0.190292,97.2 -69.370738,0.190055,97.3 -69.370562,0.189841,96.8 -69.370217,0.189378,96.1 -69.369935,0.189051,95.9 -69.369852,0.188969,95.7 -69.369708,0.188875,95.4 -69.369554,0.188828,95.2 -69.369399,0.188814,94.8 -69.369042,0.188873,94.6 -69.368837,0.188924,94.8 -69.36863,0.188949,94.8 -69.368476,0.188936,94.8 -69.368281,0.18888,94.3 -69.368137,0.188825,94.1 -69.367763,0.188637,93.7 -69.367639,0.188546,93.5 -69.367362,0.188251,93.4 -69.36728,0.188196,93.3 -69.367146,0.18813,92.8 -69.366841,0.188055,92.0 -69.366489,0.188037,92.7 -69.36637,0.188008,93.1 -69.365924,0.187944,93.2 -69.365548,0.187856,93.8 -69.365298,0.187775,94.5 -69.365006,0.187659,92.8 -69.364604,0.187449,93.0 -69.364029,0.187212,94.3 -69.363859,0.187112,95.1 -69.363695,0.186991,96.3 -69.363445,0.186921,96.9 -69.363376,0.186883,97.0 -69.363254,0.186851,97.3 -69.363149,0.186794,97.2 -69.363018,0.186738,97.8 -69.362948,0.186694,97.5 -69.362886,0.186673,98.4 -69.362635,0.186527,99.3 -69.362262,0.186334,101.1 -69.362174,0.186299,101.5 -69.361943,0.186168,102.1 -69.361631,0.185921,102.5 -69.36157,0.185862,102.1 -69.361516,0.185845,102.0 -69.361139,0.185559,98.0 -69.360612,0.185187,96.0 -69.360252,0.18495,95.5 -69.358982,0.183968,94.9 -69.358693,0.183761,94.7 -69.358569,0.183687,94.4 -69.358099,0.183464,94.5 -69.357293,0.183154,95.0 -69.356069,0.18277,96.1 -69.355743,0.182645,96.1 -69.355359,0.182472,95.9 -69.354992,0.182277,95.9 -69.354655,0.182054,95.2 -69.354331,0.181808,94.8 -69.353965,0.181498,94.2 -69.353702,0.181262,94.0 -69.353135,0.180725,93.7 -69.352911,0.18054,93.7 -69.352791,0.180459,93.4 -69.352594,0.180353,93.9 -69.352312,0.180248,94.0 -69.352164,0.180213,94.2 -69.352014,0.180192,94.0 -69.351711,0.180179,94.7 -69.351491,0.180183,94.8 -69.351135,0.180215,95.1 -69.350714,0.180277,95.0 -69.349481,0.180607,95.6 -69.349203,0.180668,95.1 -69.348857,0.180724,95.2 -69.348151,0.180798,95.1 -69.347248,0.180835,94.3 -69.346967,0.180858,93.9 -69.345921,0.180998,93.2 -69.345435,0.181044,92.9 -69.344956,0.181063,93.4 -69.344616,0.181039,93.2 -69.344484,0.181014,93.2 -69.344356,0.180973,93.0 -69.344238,0.18092,93.0 -69.34413,0.180853,92.8 -69.344034,0.180771,92.8 -69.343953,0.180677,92.7 -69.343888,0.180572,92.5 -69.343829,0.180398,92.3 -69.343782,0.180161,91.5 -69.343761,0.17991,91.4 -69.343766,0.179781,91.2 -69.343833,0.179247,92.1 -69.343855,0.178957,92.1 -69.343863,0.178665,91.9 -69.343846,0.17844,91.6 -69.343798,0.17814,92.0 -69.343751,0.177918,91.8 -69.343585,0.177354,92.1 -69.343469,0.177009,92.3 -69.343059,0.175941,92.0 -69.34279,0.175142,92.2 -69.342676,0.174667,92.2 -69.34262,0.174393,92.4 -69.342575,0.17405,92.0 -69.34255,0.173632,92.4 -69.342543,0.173137,92.4 -69.342525,0.172713,92.2 -69.342483,0.172345,92.0 -69.342456,0.172195,91.9 -69.342397,0.171973,92.1 -69.342316,0.171755,92.0 -69.342253,0.171615,92.0 -69.342176,0.171482,92.2 -69.342039,0.171301,92.1 -69.341825,0.171081,92.4 -69.341606,0.170888,92.5 -69.34143,0.170751,92.2 -69.341246,0.170629,92.5 -69.341051,0.170522,92.4 -69.340848,0.170431,92.4 -69.340557,0.170339,91.9 -69.340332,0.170291,92.0 -69.339806,0.170235,91.8 -69.339509,0.170227,91.9 -69.339282,0.170245,91.6 -69.339054,0.170283,91.5 -69.338827,0.170343,91.3 -69.338679,0.170395,91.7 -69.338535,0.170459,91.5 -69.33833,0.170575,91.7 -69.337951,0.170834,91.5 -69.337719,0.171024,91.8 -69.337555,0.171175,92.2 -69.336877,0.171824,92.7 -69.336659,0.172004,93.1 -69.336483,0.172118,92.9 -69.336302,0.172217,92.4 -69.336178,0.172273,92.4 -69.33599,0.172336,92.1 -69.3358,0.172368,92.1 -69.335671,0.172371,92.0 -69.335544,0.172359,91.9 -69.335356,0.172315,91.9 -69.334987,0.172172,91.7 -69.33481,0.172079,91.9 -69.334647,0.171967,91.8 -69.334144,0.171495,91.4 -69.333907,0.171235,90.7 -69.333536,0.170797,91.0 -69.333237,0.17048,90.7 -69.332974,0.170227,90.5 -69.332807,0.170084,90.3 -69.332557,0.169921,90.9 -69.332347,0.169832,90.9 -69.332125,0.169783,90.7 -69.331832,0.169786,90.9 -69.331264,0.169872,91.1 -69.330987,0.169929,91.1 -69.33071,0.170003,91.1 -69.330174,0.170199,91.1 -69.329517,0.170484,91.5 -69.329255,0.170588,91.1 -69.328992,0.170673,91.0 -69.327903,0.170974,91.4 -69.327561,0.171103,91.2 -69.327296,0.171231,91.6 -69.326738,0.171545,92.3 -69.326425,0.171692,92.4 -69.326296,0.171735,92.4 -69.326099,0.17176,92.6 -69.325905,0.171751,92.3 -69.325776,0.171723,92.4 -69.325582,0.171665,92.0 -69.325257,0.171544,91.9 -69.324595,0.171269,91.5 -69.323295,0.170799,91.8 -69.321387,0.170223,91.2 -69.320702,0.170048,91.9 -69.319875,0.169852,91.7 -69.319611,0.169771,92.1 -69.319297,0.169631,91.8 -69.319059,0.169498,92.2 -69.318847,0.169333,92.8 -69.318755,0.169233,92.8 -69.31864,0.169071,93.1 -69.318474,0.168775,93.2 -69.318372,0.16852,93.4 -69.318182,0.167894,92.9 -69.317838,0.166469,91.7 -69.317794,0.166325,91.6 -69.317709,0.166112,91.5 -69.317638,0.165975,91.4 -69.317418,0.165657,91.5 -69.317309,0.165541,91.5 -69.317124,0.165389,92.0 -69.316991,0.165309,91.7 -69.316774,0.165216,91.7 -69.316552,0.165162,92.1 -69.316322,0.165136,91.7 -69.315935,0.165118,91.8 -69.315706,0.165127,91.4 -69.315477,0.16516,91.4 -69.31525,0.165215,91.5 -69.315023,0.165296,91.4 -69.314804,0.165397,91.6 -69.314599,0.165521,91.9 -69.314466,0.165614,91.7 -69.313976,0.165997,91.0 -69.313425,0.166495,90.9 -69.312778,0.16719,91.6 -69.312524,0.167444,91.3 -69.312365,0.167588,91.3 -69.31214,0.167759,91.2 -69.311903,0.167903,91.2 -69.311778,0.167958,91.3 -69.311649,0.167997,91.6 -69.311516,0.16802,91.4 -69.311381,0.168029,91.0 -69.311179,0.168018,90.9 -69.310917,0.167968,90.3 -69.310731,0.167907,90.5 -69.310612,0.167854,90.6 -69.310446,0.167753,90.6 -69.310299,0.167625,90.5 -69.310164,0.16748,90.2 -69.310046,0.16732,90.2 -69.309977,0.167207,90.1 -69.309836,0.166901,90.2 -69.309774,0.166709,90.4 -69.309728,0.166509,90.4 -69.309686,0.166235,90.2 -69.309601,0.165308,91.0 -69.309519,0.164224,91.1 -69.30946,0.163928,91.1 -69.309392,0.163711,91.0 -69.309334,0.163573,91.0 -69.309226,0.163369,90.7 -69.3087,0.162502,90.5 -69.308539,0.162257,90.5 -69.308364,0.161945,90.4 -69.308259,0.161689,90.6 -69.308191,0.161424,90.4 -69.308172,0.161224,90.4 -69.308169,0.161019,90.0 -69.30819,0.160746,90.0 -69.308252,0.160403,90.1 -69.308308,0.160205,89.8 -69.30836,0.160079,89.9 -69.308424,0.159959,89.8 -69.308536,0.15979,89.8 -69.308622,0.159687,89.6 -69.308766,0.159544,89.6 -69.309135,0.159223,89.4 -69.30942,0.159012,89.2 -69.310549,0.158238,88.5 -69.310668,0.158147,88.7 -69.310778,0.158044,88.8 -69.310875,0.157928,88.9 -69.310984,0.157734,88.9 -69.31103,0.157595,88.8 -69.311055,0.157451,88.7 -69.311052,0.157235,89.0 -69.311014,0.15702,89.0 -69.310972,0.156878,88.8 -69.310885,0.156676,89.0 -69.310814,0.156547,89.1 -69.310649,0.156303,89.4 -69.3104,0.156028,89.8 -69.310001,0.155698,90.1 -69.309732,0.155373,90.1 -69.30958,0.15521,90.2 -69.309466,0.155113,90.5 -69.309343,0.155028,90.5 -69.309143,0.154924,91.1 -69.308926,0.154852,91.1 -69.308776,0.154824,91.1 -69.30855,0.154809,91.3 -69.308325,0.154813,91.6 -69.3081,0.154844,91.6 -69.307879,0.154901,91.6 -69.307665,0.154984,91.7 -69.307529,0.155056,92.0 -69.307339,0.155181,92.2 -69.307161,0.155325,92.3 -69.30694,0.155531,92.3 -69.306736,0.155759,92.6 -69.306508,0.15607,92.2 -69.306031,0.156903,91.4 -69.30573,0.157478,91.0 -69.305225,0.158521,91.2 -69.30496,0.159113,90.8 -69.304745,0.159646,90.3 -69.304649,0.159915,90.3 -69.30441,0.160667,90.7 -69.304319,0.161014,91.0 -69.304232,0.161439,91.2 -69.304067,0.162365,90.7 -69.303966,0.162785,90.6 -69.303866,0.163131,90.3 -69.303804,0.163338,90.0 -69.303594,0.163948,90.2 -69.30337,0.164543,90.2 -69.303226,0.164861,90.2 -69.303087,0.165105,89.9 -69.302931,0.165338,90.5 -69.302805,0.165502,90.7 -69.302668,0.165652,91.2 -69.302516,0.165788,91.2 -69.302355,0.165912,91.4 -69.302182,0.166024,91.7 -69.302005,0.16612,91.8 -69.30182,0.166205,91.7 -69.301626,0.166276,91.9 -69.301428,0.166335,91.5 -69.301224,0.16638,91.4 -69.301016,0.166408,91.3 -69.300808,0.166416,91.3 -69.300602,0.166402,91.2 -69.3004,0.166367,90.9 -69.300137,0.166286,90.7 -69.299943,0.166207,90.5 -69.299501,0.16598,89.6 -69.299143,0.165755,89.3 -69.29881,0.165492,88.9 -69.29851,0.165198,88.8 -69.298329,0.164984,89.0 -69.298086,0.164644,88.9 -69.297776,0.164169,88.9 -69.297481,0.163682,88.6 -69.297207,0.163181,88.6 -69.296988,0.16273,87.9 -69.296858,0.162401,88.0 -69.296742,0.161995,88.3 -69.296641,0.16151,88.3 -69.296613,0.16123,88.1 -69.296604,0.160877,88.0 -69.29664,0.160453,87.6 -69.296706,0.160105,87.6 -69.29683,0.1597,87.8 -69.297093,0.15895,87.8 -69.297135,0.158727,87.9 -69.297138,0.158575,87.6 -69.297115,0.15843,87.9 -69.297071,0.158297,87.9 -69.297008,0.15818,87.6 -69.296925,0.15808,87.7 -69.296827,0.157998,87.4 -69.296717,0.157933,87.6 -69.296597,0.157885,87.5 -69.296336,0.157816,87.4 -69.295919,0.157737,87.5 -69.295631,0.157707,87.8 -69.295482,0.157711,87.9 -69.295334,0.157729,88.0 -69.295121,0.157796,88.3 -69.294988,0.157864,88.2 -69.29481,0.157995,88.1 -69.294534,0.158242,88.3 -69.294113,0.158644,89.0 -69.29395,0.158777,89.1 -69.293603,0.159016,89.3 -69.293299,0.159182,89.2 -69.293046,0.159266,89.8 -69.29278,0.159327,89.8 -69.291812,0.159469,89.1 -69.2916,0.159508,89.2 -69.291391,0.159578,89.1 -69.291195,0.159684,89.2 -69.291075,0.159773,89.4 -69.290912,0.15993,89.1 -69.290818,0.160048,88.9 -69.290739,0.160177,88.5 -69.290675,0.160314,88.5 -69.290608,0.160528,88.1 -69.290585,0.160676,87.8 -69.290586,0.1609,87.6 -69.290652,0.161189,87.4 -69.290767,0.16147,87.6 -69.290879,0.161675,87.8 -69.291004,0.16187,87.8 -69.291188,0.162119,88.0 -69.291449,0.162404,88.1 -69.291741,0.162657,87.8 -69.29206,0.162875,88.0 -69.292642,0.163214,88.1 -69.292972,0.163386,87.9 -69.29324,0.163508,88.1 -69.294034,0.163833,87.7 -69.294476,0.164048,87.6 -69.294597,0.164118,87.7 -69.294707,0.164199,87.8 -69.294856,0.164337,88.3 -69.294942,0.164439,88.2 -69.295047,0.164604,88.2 -69.295095,0.164722,88.2 -69.295137,0.164907,88.2 -69.29515,0.165032,88.1 -69.295147,0.165156,87.7 -69.295121,0.165343,87.8 -69.295067,0.165523,87.9 -69.294986,0.165694,88.1 -69.294837,0.165899,88.2 -69.294563,0.166203,88.8 -69.294312,0.166451,88.9 -69.294093,0.166632,89.3 -69.29392,0.166758,89.0 -69.293618,0.166941,88.9 -69.29336,0.167049,88.7 -69.293229,0.167089,88.9 -69.293027,0.167128,89.1 -69.292539,0.167168,89.1 -69.292041,0.167174,89.1 -69.291326,0.16716,89.2 -69.291045,0.167138,89.2 -69.290485,0.16705,89.0 -69.289925,0.166943,88.8 -69.289513,0.166843,88.2 -69.28925,0.166754,88.4 -69.288872,0.166569,88.4 -69.288624,0.16643,88.6 -69.288259,0.166205,88.3 -69.28772,0.165851,87.9 -69.287469,0.165701,88.1 -69.287007,0.165468,87.9 -69.286868,0.165412,87.7 -69.286724,0.165368,87.6 -69.286575,0.165341,87.8 -69.28635,0.165326,87.8 -69.286055,0.165331,88.0 -69.285911,0.165355,88.1 -69.285774,0.165401,88.2 -69.285649,0.165469,88.5 -69.285486,0.165604,88.8 -69.285367,0.165773,88.5 -69.285285,0.165959,88.3 -69.285207,0.166308,88.1 -69.285178,0.1666,88.1 -69.285199,0.166903,87.7 -69.285246,0.167129,86.6 -69.285309,0.167349,86.7 -69.285391,0.167568,86.5 -69.285457,0.167709,86.4 -69.285653,0.16804,86.5 -69.285791,0.168227,86.8 -69.285979,0.168457,87.0 -69.286457,0.168999,87.2 -69.2871,0.169669,88.3 -69.287289,0.16988,88.2 -69.287373,0.169991,88.3 -69.287486,0.170167,88.6 -69.287617,0.170407,88.6 -69.287724,0.17066,88.6 -69.287794,0.170858,88.7 -69.287855,0.171121,88.4 -69.287884,0.171325,88.2 -69.287903,0.171599,88.2 -69.287894,0.171801,87.9 -69.287852,0.172067,88.2 -69.287802,0.172262,88.5 -69.287697,0.172507,88.9 -69.287587,0.172671,89.0 -69.287236,0.173103,89.3 -69.287097,0.173258,89.9 -69.286947,0.173396,90.0 -69.28678,0.173502,89.7 -69.286659,0.173556,89.8 -69.286535,0.173594,89.5 -69.286408,0.173616,89.5 -69.286215,0.173619,89.4 -69.285953,0.173585,88.6 -69.285558,0.173488,88.1 -69.285299,0.173393,87.9 -69.284916,0.173212,87.8 -69.284611,0.17303,88.0 -69.284437,0.172908,88.0 -69.284217,0.172734,87.9 -69.283959,0.172497,87.7 -69.283681,0.172186,87.7 -69.283294,0.171684,87.8 -69.283106,0.171388,87.5 -69.283007,0.171206,87.6 -69.282922,0.171018,87.7 -69.282771,0.170626,88.0 -69.282338,0.169261,87.6 -69.282211,0.168924,87.5 -69.282118,0.168722,87.4 -69.282009,0.168525,87.4 -69.281927,0.168398,87.5 -69.281782,0.168222,87.6 -69.281668,0.168119,87.4 -69.281543,0.16803,87.3 -69.281411,0.167953,87.4 -69.281202,0.167869,87.6 -69.280762,0.167771,87.7 -69.280468,0.167738,88.2 -69.280245,0.167729,88.3 -69.280094,0.167735,88.3 -69.279868,0.167766,88.2 -69.279717,0.167801,88.0 -69.279573,0.167854,88.0 -69.279368,0.167962,88.1 -69.279239,0.168049,88.0 -69.279118,0.168145,88.1 -69.278379,0.168875,88.2 -69.278216,0.16901,88.3 -69.277985,0.169164,88.2 -69.277805,0.16926,88.0 -69.27768,0.169304,88.3 -69.277553,0.169335,88.3 -69.277359,0.169345,87.6 -69.277229,0.16933,87.6 -69.276908,0.169265,87.5 -69.276185,0.169049,86.8 -69.275978,0.168996,87.2 -69.275759,0.16896,87.4 -69.27561,0.168955,87.8 -69.275385,0.16898,88.2 -69.275169,0.169041,88.1 -69.275031,0.169102,88.2 -69.2749,0.169178,88.2 -69.274671,0.169371,88.3 -69.274527,0.169546,88.0 -69.274399,0.169732,88.1 -69.274145,0.170184,87.9 -69.273969,0.170596,87.7 -69.273839,0.171022,87.5 -69.273777,0.171323,87.4 -69.27375,0.171553,87.4 -69.273743,0.171708,87.7 -69.273754,0.172305,87.8 -69.273781,0.172804,88.1 -69.273756,0.173432,88.2 -69.27372,0.173779,87.8 -69.273672,0.174125,87.9 -69.273605,0.174392,87.9 -69.273558,0.174519,88.0 -69.273472,0.174704,87.7 -69.273405,0.17482,87.7 -69.273291,0.174986,87.7 -69.273165,0.175137,87.7 -69.273023,0.175273,87.8 -69.272813,0.175427,88.1 -69.272639,0.175516,87.9 -69.272332,0.175644,87.8 -69.271947,0.175766,88.0 -69.271554,0.17585,88.4 -69.271285,0.175868,88.3 -69.271015,0.175852,88.1 -69.27011,0.175737,87.9 -69.268995,0.175559,88.5 -69.268701,0.175542,88.8 -69.268475,0.175553,88.7 -69.268246,0.175582,88.5 -69.268097,0.175611,88.8 -69.266993,0.175944,89.6 -69.265918,0.176242,89.0 -69.265712,0.176319,88.4 -69.265509,0.176415,88.6 -69.264505,0.176972,88.2 -69.263946,0.17727,87.9 -69.263639,0.177462,88.1 -69.263463,0.1776,88.1 -69.263297,0.177748,88.3 -69.262844,0.178204,88.6 -69.262387,0.178633,88.2 -69.262237,0.178791,88.4 -69.262097,0.178966,88.3 -69.261973,0.179151,88.1 -69.261826,0.179414,87.8 -69.261319,0.180435,87.5 -69.261147,0.180744,87.7 -69.261036,0.180921,87.9 -69.260954,0.181032,87.6 -69.260817,0.181182,87.7 -69.260716,0.18127,87.7 -69.260552,0.181379,88.0 -69.260436,0.181434,87.9 -69.260314,0.181475,88.2 -69.260189,0.1815,88.7 -69.259999,0.18151,89.2 -69.259871,0.1815,89.3 -69.259684,0.181462,89.3 -69.259371,0.181359,89.0 -69.259071,0.181216,88.6 -69.258777,0.181037,88.1 -69.258545,0.180881,88.3 -69.258211,0.180624,88.1 -69.257611,0.180124,88.6 -69.25738,0.179952,88.5 -69.257124,0.1798,88.6 -69.255946,0.179264,87.9 -69.255675,0.179158,88.4 -69.255256,0.179035,88.1 -69.254963,0.178981,88.5 -69.254812,0.178969,88.7 -69.254587,0.178968,89.0 -69.254211,0.179,88.7 -69.253987,0.179043,88.6 -69.25384,0.179086,88.8 -69.253489,0.179234,88.7 -69.253293,0.17934,88.6 -69.253106,0.179456,88.5 -69.252752,0.179717,88.9 -69.252587,0.179874,88.6 -69.252394,0.180108,88.8 -69.251986,0.180709,88.4 -69.251763,0.181068,88.7 -69.25168,0.181178,88.7 -69.25154,0.181325,88.7 -69.251385,0.181449,88.4 -69.251273,0.181513,88.2 -69.251155,0.181549,88.6 -69.251035,0.181561,88.6 -69.250649,0.181522,88.0 -69.250521,0.181499,87.9 -69.250343,0.181427,87.9 -69.250237,0.181356,87.6 -69.250189,0.181313,87.5 -69.250106,0.181218,87.4 -69.25004,0.181112,87.5 -69.249993,0.180994,87.3 -69.249952,0.180802,87.2 -69.249926,0.180599,87.0 -69.249908,0.180324,86.7 -69.249911,0.180046,86.5 -69.249996,0.178996,86.5 -69.249995,0.178773,86.1 -69.249977,0.178624,86.1 -69.249945,0.178478,86.2 -69.249864,0.178266,86.3 -69.249792,0.178132,86.5 -69.249656,0.177949,86.5 -69.249548,0.17785,86.4 -69.249428,0.177766,86.5 -69.249301,0.177697,86.8 -69.249167,0.17764,86.6 -69.248695,0.177488,86.5 -69.247268,0.177115,87.7 -69.246866,0.176993,87.7 -69.246142,0.176753,87.7 -69.24586,0.17668,87.9 -69.245422,0.176622,88.4 -69.245057,0.176603,88.8 -69.244762,0.176615,88.6 -69.244462,0.176662,88.5 -69.244096,0.176773,87.9 -69.243885,0.176863,88.0 -69.243551,0.177032,87.4 -69.243233,0.177213,87.6 -69.242687,0.177577,88.0 -69.24165,0.178355,88.4 -69.240554,0.179006,89.7 -69.2396,0.179631,90.3 -69.239304,0.179856,89.8 -69.238971,0.180147,89.6 -69.238763,0.180376,89.3 -69.238595,0.180626,89.2 -69.238424,0.180971,89.2 -69.238231,0.181454,89.7 -69.238094,0.181874,90.1 -69.238028,0.182165,90.2 -69.237942,0.182667,90.0 -69.237827,0.18322,90.0 -69.237757,0.183489,90.0 -69.23769,0.183689,89.9 -69.237636,0.183812,90.0 -69.237536,0.183977,89.1 -69.237451,0.184074,88.9 -69.237299,0.184196,89.3 -69.23719,0.184253,89.0 -69.237011,0.184304,89.1 -69.236889,0.184319,89.0 -69.236766,0.184311,88.4 -69.236451,0.184261,89.3 -69.236262,0.184209,89.1 -69.236078,0.184134,89.2 -69.235902,0.184038,89.1 -69.23556,0.183817,89.8 -69.235399,0.183689,89.9 -69.235091,0.183417,89.7 -69.234859,0.183169,89.8 -69.234179,0.182189,89.4 -69.233995,0.181891,89.6 -69.233864,0.18165,89.9 -69.23369,0.181272,89.8 -69.233512,0.180822,89.5 -69.233349,0.180357,89.8 -69.233234,0.179946,89.7 -69.233085,0.179539,89.9 -69.232934,0.179069,90.5 -69.232734,0.178315,90.4 -69.232685,0.178177,90.1 -69.232544,0.177847,89.9 -69.232431,0.177446,89.5 -69.232389,0.177179,89.9 -69.23238,0.17691,89.6 -69.232383,0.176631,89.2 -69.23241,0.17599,88.8 -69.232493,0.174925,89.0 -69.232596,0.173865,89.3 -69.2326,0.173723,89.0 -69.232583,0.173643,89.6 -69.232621,0.173513,90.0 -69.232657,0.173305,89.9 -69.232767,0.172899,88.9 -69.23291,0.172428,87.7 -69.233296,0.171269,87.9 -69.233463,0.170709,87.8 -69.233515,0.170491,87.6 -69.233549,0.170109,87.7 -69.233529,0.169879,88.0 -69.233512,0.169802,88.2 -69.233433,0.169588,88.6 -69.233318,0.169393,88.8 -69.233227,0.169272,89.0 -69.233126,0.169161,88.8 -69.232959,0.169005,89.0 -69.232778,0.168865,89.0 -69.232646,0.168781,88.9 -69.232301,0.168609,88.6 -69.232019,0.1685,88.3 -69.231529,0.168331,88.3 -69.23095,0.16818,88.7 -69.230362,0.168074,90.4 -69.229649,0.167927,90.8 -69.228316,0.167629,93.0 -69.227552,0.167489,93.8 -69.227219,0.167397,92.6 -69.226961,0.167294,91.6 -69.226716,0.16717,90.5 -69.226442,0.166978,89.7 -69.226293,0.166843,89.2 -69.226169,0.166689,88.8 -69.226101,0.166579,88.7 -69.226015,0.166401,88.5 -69.225944,0.166213,88.4 -69.225878,0.165949,87.8 -69.22584,0.165749,87.5 -69.225815,0.165548,87.4 -69.225805,0.165277,87.6 -69.225815,0.165072,87.4 -69.225881,0.164593,87.7 -69.226009,0.164109,87.4 -69.226282,0.163291,88.4 -69.226351,0.162999,88.6 -69.226372,0.162847,88.2 -69.226383,0.162614,88.0 -69.226367,0.16238,88.1 -69.226335,0.162228,88.1 -69.226285,0.162083,87.9 -69.226172,0.161885,88.1 -69.226077,0.161767,88.0 -69.225963,0.16167,88.0 -69.2259,0.161629,88.0 -69.225698,0.161544,87.9 -69.225554,0.161516,87.7 -69.225409,0.161516,87.6 -69.225134,0.161582,87.8 -69.22494,0.161675,87.8 -69.224822,0.161759,87.8 -69.224713,0.161856,87.7 -69.224513,0.162078,87.7 -69.224337,0.162327,87.4 -69.224116,0.162737,87.0 -69.223434,0.16421,86.8 -69.223224,0.164588,86.8 -69.222488,0.165653,86.9 -69.222261,0.166034,87.3 -69.222125,0.166306,87.4 -69.221981,0.16666,87.7 -69.221854,0.16709,88.2 -69.221791,0.167379,88.0 -69.221713,0.167964,88.0 -69.221705,0.168341,87.9 -69.221716,0.168928,87.0 -69.221742,0.169365,86.4 -69.221793,0.169943,86.0 -69.22181,0.170302,86.0 -69.221878,0.171029,85.8 -69.22188,0.171313,86.2 -69.221861,0.171588,86.4 -69.221817,0.171782,86.4 -69.221765,0.171901,86.3 -69.221668,0.172073,86.6 -69.221517,0.172295,86.3 -69.221394,0.172452,86.7 -69.221261,0.172598,86.6 -69.22111,0.172727,86.7 -69.220946,0.172835,86.9 -69.220828,0.17289,87.0 -69.220639,0.172949,87.6 -69.220443,0.172981,87.6 -69.220241,0.173,87.6 -69.220035,0.173005,87.6 -69.219829,0.172996,87.6 -69.219479,0.172956,87.0 -69.219203,0.172902,87.0 -69.218657,0.172739,86.6 -69.218119,0.172557,87.0 -69.217529,0.172314,87.4 -69.216447,0.171905,88.6 -69.216179,0.171789,88.5 -69.215857,0.171628,88.9 -69.215428,0.171388,88.7 -69.215017,0.171115,88.5 -69.214617,0.170809,88.1 -69.214248,0.170479,87.9 -69.214006,0.170229,88.1 -69.213755,0.1699,88.2 -69.213544,0.169549,88.5 -69.213437,0.169297,88.5 -69.213358,0.169033,88.6 -69.213301,0.168699,88.1 -69.213283,0.168498,88.3 -69.213278,0.167946,88.3 -69.213316,0.167242,87.9 -69.213362,0.166897,88.0 -69.21345,0.166562,88.2 -69.213573,0.16624,88.6 -69.213733,0.165935,88.7 -69.213999,0.165526,88.9 -69.214124,0.165359,88.9 -69.214343,0.165095,89.1 -69.214584,0.16485,89.4 -69.214853,0.164621,89.9 -69.215807,0.163881,91.1 -69.216043,0.163737,90.6 -69.216294,0.163611,90.6 -69.216885,0.163347,90.7 -69.217406,0.163081,90.9 -69.217781,0.162839,90.6 -69.218192,0.162514,91.1 -69.218409,0.162306,91.3 -69.21851,0.162193,91.3 -69.218649,0.162012,91.1 -69.218734,0.161882,91.1 -69.218877,0.161608,90.6 -69.218955,0.161389,90.3 -69.219003,0.161162,89.7 -69.219022,0.160931,89.9 -69.219016,0.160778,89.4 -69.218982,0.16055,88.8 -69.218922,0.16033,88.6 -69.218816,0.160047,88.1 -69.218714,0.159841,88.3 -69.218631,0.159711,88.5 -69.218486,0.159529,88.6 -69.218375,0.159421,88.5 -69.218254,0.159327,88.4 -69.218064,0.1592,88.0 -69.217868,0.159084,87.3 -69.217395,0.158858,87.1 -69.216775,0.158618,87.1 -69.216069,0.158396,87.2 -69.215089,0.158134,87.3 -69.214805,0.15807,87.5 -69.214521,0.158021,88.2 -69.213813,0.157923,88.8 -69.213245,0.157863,87.8 -69.212951,0.157858,87.0 -69.212078,0.157909,87.3 -69.211808,0.157893,87.4 -69.211612,0.157853,87.4 -69.211427,0.15778,87.4 -69.211314,0.157715,87.3 -69.211161,0.157594,87.7 -69.211029,0.15745,87.8 -69.210906,0.157295,87.9 -69.210803,0.157125,87.6 -69.210721,0.15694,87.5 -69.210623,0.156682,87.6 -69.210572,0.156484,87.3 -69.210563,0.156417,87.3 -69.210553,0.156284,87.3 -69.210583,0.1558,87.5 -69.210653,0.155384,87.9 -69.21069,0.155249,87.9 -69.210734,0.155115,87.8 -69.210815,0.154921,87.8 -69.210942,0.154673,88.0 -69.211201,0.154246,88.1 -69.211367,0.15401,87.9 -69.211591,0.153738,88.9 -69.212004,0.15334,89.3 -69.212158,0.153178,89.5 -69.212252,0.153059,89.6 -69.212335,0.152932,89.7 -69.21244,0.152731,89.4 -69.212495,0.152586,89.4 -69.212538,0.152439,89.5 -69.212574,0.152215,89.3 -69.212582,0.152063,89.4 -69.212572,0.15184,89.6 -69.212542,0.151545,89.2 -69.212461,0.15111,88.8 -69.212344,0.15068,88.2 -69.212066,0.14985,88.1 -69.211968,0.149441,87.7 -69.211903,0.148958,87.6 -69.211868,0.148395,87.4 -69.211874,0.147972,87.7 -69.211909,0.147553,87.6 -69.211966,0.147284,87.3 -69.212043,0.147023,87.0 -69.212527,0.145773,87.3 -69.212571,0.145637,87.2 -69.212621,0.145421,87.3 -69.212645,0.145273,86.9 -69.212652,0.145125,86.9 -69.21263,0.144897,86.7 -69.212593,0.144751,86.8 -69.21254,0.144609,86.9 -69.212473,0.144473,87.1 -69.21239,0.144344,87.2 -69.21225,0.144166,87.2 -69.212096,0.143998,87.0 -69.21167,0.14359,86.7 -69.211061,0.142977,86.8 -69.210772,0.142738,86.9 -69.210646,0.142652,87.0 -69.210369,0.142512,87.1 -69.210222,0.14246,87.1 -69.210072,0.142421,87.1 -69.209842,0.142387,87.0 -69.209012,0.14238,86.8 -69.208728,0.14236,86.1 -69.208378,0.142316,86.1 -69.207957,0.142233,86.1 -69.207821,0.142196,86.2 -69.207563,0.142102,86.6 -69.207262,0.141937,86.4 -69.207083,0.141824,86.5 -69.206549,0.141456,86.8 -69.206152,0.141148,86.7 -69.20576,0.140819,85.5 -69.205577,0.140696,85.9 -69.205375,0.140604,85.8 -69.205231,0.140568,86.3 -69.205082,0.140545,86.5 -69.204859,0.140551,86.6 -69.204787,0.140562,86.7 -69.204645,0.140604,87.1 -69.204593,0.140641,85.8 -69.204524,0.140665,85.9 -69.204344,0.140789,86.7 -69.203593,0.14154,86.6 -69.203149,0.142023,86.8 -69.202949,0.142224,86.7 -69.202631,0.142514,86.7 -69.202186,0.142871,86.5 -69.201957,0.143034,86.3 -69.20184,0.143105,86.6 -69.201287,0.143398,87.2 -69.200836,0.143604,88.0 -69.200444,0.143753,88.2 -69.200113,0.143834,88.5 -69.199775,0.143873,88.6 -69.199508,0.143867,87.7 -69.198948,0.143821,88.0 -69.198591,0.14378,88.1 -69.19824,0.143722,88.3 -69.197401,0.143544,87.9 -69.197127,0.143474,88.2 -69.196925,0.143412,88.4 -69.196729,0.143339,88.1 -69.195952,0.142984,87.8 -69.195746,0.142906,87.9 -69.195602,0.142863,87.8 -69.195381,0.142819,88.0 -69.195152,0.1428,88.1 -69.194416,0.142817,88.3 -69.194194,0.142844,88.2 -69.194047,0.142876,87.8 -69.193831,0.142943,87.3 -69.193484,0.14309,87.4 -69.193348,0.14316,87.0 -69.193152,0.143281,86.8 -69.192966,0.143416,86.8 -69.192733,0.143606,86.7 -69.192397,0.143905,87.0 -69.192184,0.14412,87.1 -69.19119,0.145207,86.9 -69.190676,0.145831,87.4 -69.190506,0.146072,88.0 -69.19035,0.14633,87.8 -69.19025,0.146532,87.9 -69.190025,0.147089,87.7 -69.189779,0.147779,87.8 -69.189646,0.148196,87.4 -69.18944,0.148902,87.5 -69.189277,0.14938,87.7 -69.189097,0.149763,87.7 -69.188985,0.149936,88.4 -69.188529,0.150464,88.6 -69.188231,0.150764,88.9 -69.188014,0.15093,89.1 -69.18778,0.151066,88.6 -69.187464,0.151216,89.1 -69.186666,0.151547,89.4 -69.186266,0.15169,89.6 -69.186129,0.151711,89.6 -69.186056,0.151746,89.2 -69.18592,0.151787,90.0 -69.184928,0.152053,90.7 -69.184569,0.152166,90.0 -69.184293,0.152273,90.7 -69.184084,0.152366,90.4 -69.183952,0.152435,90.2 -69.183759,0.152563,90.6 -69.183586,0.152704,90.2 -69.183425,0.152867,89.0 -69.183295,0.153046,87.9 -69.18326,0.153112,88.2 -69.18315,0.153395,87.1 -69.18307,0.153683,86.8 -69.183015,0.15398,86.2 -69.182996,0.154283,86.5 -69.183005,0.154437,86.5 -69.183062,0.154739,86.2 -69.183156,0.155031,85.8 -69.183253,0.155244,85.7 -69.183327,0.15538,85.7 -69.183461,0.15557,85.4 -69.183621,0.155738,85.3 -69.183869,0.155923,85.2 -69.184389,0.156219,85.6 -69.184864,0.15643,85.6 -69.185071,0.156507,85.7 -69.185359,0.15659,86.0 -69.186229,0.156766,86.9 -69.186499,0.156839,86.8 -69.186688,0.156914,86.7 -69.186872,0.157008,86.6 -69.187203,0.157243,86.4 -69.187338,0.157385,86.5 -69.187439,0.157545,86.4 -69.187488,0.157657,86.3 -69.187532,0.157894,85.8 -69.18753,0.158016,85.6 -69.187499,0.158196,85.6 -69.187432,0.158367,85.5 -69.187333,0.158524,85.6 -69.187214,0.158672,85.9 -69.187028,0.158853,85.9 -69.186867,0.158965,86.2 -69.186751,0.159027,86.5 -69.186565,0.159096,86.4 -69.186299,0.159155,86.7 -69.186022,0.159191,86.8 -69.185745,0.159203,86.8 -69.185401,0.159183,87.0 -69.185132,0.159143,86.9 -69.184791,0.15906,86.9 -69.184517,0.158982,87.1 -69.184122,0.158837,86.8 -69.183745,0.158654,86.4 -69.183324,0.158396,85.9 -69.182964,0.15816,85.9 -69.182631,0.157898,85.5 -69.182035,0.157377,85.7 -69.181917,0.157287,85.8 -69.181728,0.157165,85.8 -69.181393,0.156991,85.6 -69.181042,0.156847,85.3 -69.180609,0.15671,86.1 -69.180253,0.156612,87.0 -69.178722,0.156268,88.5 -69.177631,0.15597,88.1 -69.177285,0.155895,88.8 -69.176925,0.155852,89.6 -69.176629,0.155866,89.4 -69.17648,0.155899,89.3 -69.176335,0.155945,89.1 -69.176198,0.156009,89.1 -69.176072,0.156083,89.0 -69.175858,0.156272,88.4 -69.175738,0.156443,88.3 -69.175653,0.156635,88.1 -69.175582,0.156909,87.6 -69.175548,0.157202,87.7 -69.17555,0.157351,88.2 -69.175583,0.157566,88.5 -69.175676,0.157912,88.3 -69.175882,0.1586,88.7 -69.175916,0.158868,88.6 -69.175913,0.159064,88.9 -69.175895,0.15919,89.0 -69.175835,0.159362,89.2 -69.175744,0.159503,88.9 -69.175713,0.159546,88.8 -69.175636,0.159618,88.7 -69.175495,0.159707,89.2 -69.175389,0.159744,89.1 -69.175276,0.159767,88.8 -69.175161,0.159775,88.7 -69.175046,0.159763,88.6 -69.174931,0.159733,88.4 -69.174821,0.159689,88.6 -69.174445,0.159459,88.9 -69.173896,0.159024,89.7 -69.173476,0.15863,90.1 -69.173146,0.158261,90.0 -69.172954,0.157972,90.1 -69.172666,0.157478,90.0 -69.172398,0.157049,90.1 -69.172222,0.156739,89.9 -69.17186,0.156039,89.3 -69.171291,0.154885,90.6 -69.171101,0.154425,90.0 -69.170954,0.154103,89.7 -69.170629,0.153446,90.8 -69.170389,0.153075,90.4 -69.170248,0.152898,89.8 -69.170144,0.152791,89.7 -69.169915,0.152602,89.9 -69.16966,0.152448,90.3 -69.169252,0.152281,89.2 -69.169037,0.152218,89.3 -69.16889,0.152189,88.6 -69.168667,0.152165,88.4 -69.168444,0.152166,88.2 -69.168146,0.15221,88.1 -69.16724,0.152453,88.4 -69.166972,0.15248,88.3 -69.166776,0.152478,89.0 -69.166646,0.15246,89.1 -69.166523,0.15243,89.0 -69.166349,0.152352,89.5 -69.1662,0.15224,89.5 -69.166114,0.152151,89.7 -69.166008,0.152004,89.6 -69.165933,0.151839,89.3 -69.165907,0.151718,89.5 -69.165907,0.151595,89.4 -69.165927,0.151471,89.1 -69.165964,0.151346,89.0 -69.166183,0.150852,89.0 -69.166284,0.150674,89.2 -69.166492,0.150397,89.3 -69.166685,0.15019,89.6 -69.166839,0.150051,89.5 -69.167174,0.149802,88.8 -69.167709,0.149453,88.1 -69.16813,0.149207,87.5 -69.168817,0.148872,87.9 -69.169131,0.148695,88.8 -69.16937,0.14852,89.0 -69.169479,0.148417,88.8 -69.169573,0.148306,88.2 -69.16965,0.148185,88.4 -69.169708,0.148062,87.9 -69.169752,0.147868,87.6 -69.169756,0.14774,87.2 -69.16974,0.147614,87.1 -69.169684,0.147431,87.1 -69.169623,0.147316,87.2 -69.16951,0.147169,87.1 -69.169269,0.146934,86.7 -69.1691,0.146807,86.4 -69.168914,0.146702,86.4 -69.168714,0.146622,86.5 -69.168504,0.146568,86.5 -69.168077,0.146523,86.5 -69.167855,0.146514,86.6 -69.167705,0.146525,86.4 -69.167558,0.146551,86.5 -69.167415,0.146593,86.7 -69.167277,0.146648,86.9 -69.167152,0.14672,86.7 -69.16704,0.146807,87.0 -69.166941,0.146905,86.8 -69.166466,0.147418,86.6 -69.16615,0.1478,86.5 -69.165718,0.148357,86.8 -69.16554,0.148572,86.4 -69.165309,0.148837,86.6 -69.165113,0.149031,86.6 -69.164848,0.149249,86.5 -69.164508,0.149489,86.7 -69.164274,0.149621,86.9 -69.163966,0.149758,86.9 -69.163715,0.149856,87.0 -69.163524,0.149913,86.9 -69.163329,0.149954,86.8 -69.163131,0.149979,86.5 -69.162517,0.149998,86.5 -69.161533,0.149986,86.5 -69.161036,0.149994,86.7 -69.160459,0.15004,87.1 -69.160243,0.150076,86.8 -69.159957,0.150142,86.9 -69.15961,0.150262,87.4 -69.159083,0.150499,87.3 -69.158891,0.150606,87.4 -69.158706,0.150728,86.9 -69.158587,0.150819,87.1 -69.158422,0.15097,87.3 -69.158267,0.151135,87.5 -69.158122,0.151311,87.9 -69.158033,0.151436,88.0 -69.157876,0.151698,88.5 -69.157775,0.151898,87.7 -69.157658,0.152173,87.4 -69.157143,0.153496,87.7 -69.15699,0.153812,87.9 -69.156781,0.154175,87.5 -69.156619,0.154384,87.2 -69.156477,0.154518,86.9 -69.156317,0.154631,86.7 -69.156145,0.154735,86.2 -69.155849,0.154889,86.6 -69.155598,0.154974,86.2 -69.155402,0.155023,86.3 -69.155206,0.155054,86.1 -69.155014,0.155068,86.4 -69.154822,0.15505,86.3 -69.154634,0.155003,85.9 -69.154457,0.154925,85.8 -69.154348,0.154857,85.8 -69.154197,0.154736,85.7 -69.154069,0.154592,85.9 -69.153993,0.154488,86.0 -69.153865,0.154256,86.1 -69.153737,0.153947,85.8 -69.153672,0.153755,85.6 -69.1536,0.153489,85.9 -69.153569,0.153284,85.5 -69.153472,0.152292,86.3 -69.15348,0.152013,86.5 -69.153529,0.151672,86.5 -69.153601,0.151408,86.2 -69.153817,0.150817,86.5 -69.154008,0.150357,86.5 -69.154217,0.1499,86.7 -69.154501,0.149237,86.8 -69.15505,0.148231,86.5 -69.155108,0.148091,86.5 -69.155171,0.147873,86.4 -69.155196,0.147723,86.5 -69.155205,0.147497,86.2 -69.155195,0.147349,86.3 -69.155168,0.147205,86.1 -69.155125,0.147061,86.3 -69.155037,0.146858,86.5 -69.154962,0.146731,86.5 -69.154823,0.146556,86.4 -69.154719,0.146452,86.3 -69.15454,0.146315,86.2 -69.154349,0.146203,86.4 -69.154021,0.146042,86.4 -69.153816,0.14596,86.2 -69.1536,0.145899,86.3 -69.153449,0.145873,86.0 -69.153224,0.145853,86.8 -69.152997,0.145864,87.1 -69.152773,0.1459,87.0 -69.152626,0.145941,86.7 -69.15234,0.146046,86.5 -69.152201,0.146105,86.4 -69.151932,0.146246,86.2 -69.15174,0.146365,86.2 -69.151441,0.146597,86.7 -69.151178,0.146864,86.5 -69.15103,0.147032,86.5 -69.150938,0.147152,86.3 -69.150858,0.147279,86.2 -69.150755,0.147484,86.2 -69.150682,0.147703,86.6 -69.150626,0.147998,86.4 -69.150596,0.14822,86.2 -69.150548,0.149019,85.9 -69.150549,0.149386,85.6 -69.150594,0.150046,85.6 -69.150595,0.150623,86.3 -69.150548,0.151407,86.7 -69.150539,0.151696,86.9 -69.150553,0.152481,86.8 -69.150546,0.152688,86.9 -69.150518,0.153032,86.9 -69.150432,0.15358,86.5 -69.150335,0.15399,86.4 -69.150213,0.154389,86.7 -69.150087,0.154715,86.6 -69.149819,0.155295,86.6 -69.149664,0.155705,86.6 -69.14961,0.155916,86.8 -69.149596,0.156064,86.7 -69.149598,0.156208,86.4 -69.149638,0.15642,86.3 -69.149689,0.156553,86.4 -69.149756,0.156675,86.3 -69.149885,0.15683,85.9 -69.150042,0.156962,85.8 -69.15022,0.157076,85.4 -69.150415,0.157175,84.4 -69.150683,0.15729,84.3 -69.15131,0.157502,83.8 -69.15179,0.157653,83.8 -69.152069,0.157725,83.7 -69.152526,0.157894,84.2 -69.152644,0.157955,84.3 -69.152752,0.158029,84.3 -69.152852,0.158115,84.7 -69.153122,0.158403,85.1 -69.153186,0.158509,85.3 -69.153225,0.158631,84.7 -69.153241,0.158757,84.2 -69.153239,0.158819,84.3 -69.153203,0.159001,84.4 -69.15315,0.159113,84.0 -69.153081,0.159213,84.2 -69.152945,0.159356,84.0 -69.152566,0.159647,84.7 -69.152449,0.159722,84.6 -69.152081,0.159924,85.1 -69.151754,0.160062,86.0 -69.151565,0.160169,86.3 -69.151453,0.160264,86.3 -69.151355,0.160368,86.1 -69.15128,0.160484,86.2 -69.151192,0.16067,86.0 -69.151154,0.160801,85.5 -69.151125,0.161008,85.1 -69.151114,0.161222,85.3 -69.151122,0.161367,85.4 -69.151181,0.161732,85.2 -69.151329,0.162457,84.7 -69.151413,0.162816,84.7 -69.151439,0.16309,84.7 -69.151433,0.163223,84.7 -69.151412,0.163355,84.6 -69.151356,0.163545,84.6 -69.151239,0.163789,84.6 -69.151163,0.163896,84.7 -69.15103,0.164033,84.4 -69.150871,0.164132,84.5 -69.150695,0.164182,84.6 -69.150514,0.164187,85.0 -69.150453,0.164179,84.9 -69.150336,0.164143,85.2 -69.150171,0.164056,85.1 -69.149953,0.163902,85.6 -69.149348,0.163424,87.0 -69.149052,0.163206,87.7 -69.148926,0.163127,88.3 -69.148529,0.162913,89.2 -69.148326,0.162818,89.3 -69.148115,0.162736,89.4 -69.147755,0.16262,89.3 -69.147312,0.16253,89.5 -69.147086,0.162501,89.7 -69.146783,0.162491,89.8 -69.146478,0.162507,89.3 -69.146251,0.162535,88.9 -69.145256,0.162724,89.5 -69.144751,0.162797,89.9 -69.144471,0.162819,89.7 -69.144202,0.162792,89.3 -69.143954,0.162719,89.1 -69.143781,0.16263,89.1 -69.14362,0.162516,88.9 -69.143479,0.16238,88.9 -69.143397,0.162274,89.0 -69.143213,0.161987,89.1 -69.143152,0.16186,88.7 -69.143081,0.161667,89.3 -69.143037,0.161468,89.3 -69.143025,0.161336,89.1 -69.143032,0.161068,89.0 -69.143076,0.160794,89.3 -69.143143,0.160522,89.8 -69.143247,0.160256,89.4 -69.143371,0.160006,90.1 -69.143904,0.159144,90.7 -69.144025,0.158863,90.8 -69.144066,0.158717,90.9 -69.144091,0.158569,90.6 -69.144101,0.158421,90.2 -69.14408,0.158204,90.1 -69.14405,0.15807,88.7 -69.143965,0.157873,87.9 -69.143855,0.157691,87.8 -69.143767,0.157582,87.4 -69.143666,0.157489,87.4 -69.14326,0.157221,88.0 -69.143009,0.157085,87.4 -69.142617,0.156914,87.4 -69.142413,0.156852,87.9 -69.14227,0.156823,88.1 -69.142125,0.156804,88.3 -69.141908,0.156793,88.4 -69.141687,0.156807,88.4 -69.141389,0.156852,88.0 -69.141172,0.156906,88.3 -69.14096,0.156983,88.2 -69.140755,0.157086,88.0 -69.140624,0.157168,88.0 -69.140436,0.157308,88.0 -69.140164,0.157577,88.0 -69.139965,0.157809,88.3 -69.139705,0.158179,87.7 -69.13948,0.158581,87.7 -69.139332,0.158932,87.6 -69.139268,0.159153,87.7 -69.139238,0.159304,87.8 -69.139206,0.15961,88.1 -69.139202,0.160068,88.3 -69.13923,0.160442,88.7 -69.139301,0.160947,88.7 -69.13935,0.161437,89.3 -69.139386,0.162142,89.2 -69.139395,0.16264,89.3 -69.139373,0.163279,89.5 -69.139341,0.163546,89.3 -69.139309,0.163676,89.4 -69.139239,0.163863,89.4 -69.139117,0.164097,89.3 -69.139042,0.164205,89.3 -69.138918,0.164357,89.5 -69.138777,0.164496,88.9 -69.138624,0.164613,88.9 -69.138456,0.16471,88.8 -69.138334,0.164759,88.5 -69.138142,0.164816,88.4 -69.137945,0.164855,87.7 -69.137811,0.164868,87.7 -69.137609,0.164863,87.5 -69.137347,0.164815,86.6 -69.137099,0.164718,86.9 -69.136804,0.164551,86.7 -69.136524,0.164377,87.3 -69.136337,0.164223,87.3 -69.136027,0.163901,87.2 -69.135901,0.163797,87.3 -69.135758,0.163719,87.5 -69.135606,0.163685,87.6 -69.135502,0.163681,87.4 -69.135352,0.163709,87.7 -69.135221,0.163772,87.5 -69.135106,0.16386,87.5 -69.135042,0.163929,87.4 -69.134973,0.164058,87.4 -69.134905,0.164246,87.4 -69.134883,0.164343,87.3 -69.134858,0.164651,87.3 -69.134869,0.164858,87.4 -69.134907,0.165012,87.5 -69.134971,0.165159,87.4 -69.13503,0.165252,87.5 -69.13546,0.165824,89.0 -69.135618,0.166103,89.7 -69.135714,0.166339,90.0 -69.135741,0.166461,90.1 -69.135757,0.166642,89.7 -69.135747,0.16682,89.4 -69.135696,0.167128,89.0 -69.135539,0.167703,87.9 -69.135433,0.168025,88.6 -69.135355,0.168214,88.6 -69.135262,0.168395,88.6 -69.135082,0.168693,88.2 -69.134965,0.168863,88.4 -69.134836,0.169026,88.6 -69.13465,0.169227,88.4 -69.134449,0.169415,88.2 -69.134118,0.169659,88.4 -69.13394,0.169762,88.4 -69.133692,0.169878,88.6 -69.133564,0.169923,88.4 -69.133369,0.169971,88.3 -69.133172,0.169998,88.0 -69.133039,0.170002,87.9 -69.132839,0.169986,87.4 -69.132647,0.169949,87.6 -69.132466,0.169884,87.9 -69.132242,0.169754,87.9 -69.132054,0.16958,87.8 -69.131973,0.169478,87.9 -69.131864,0.169315,87.6 -69.131698,0.169019,88.1 -69.131523,0.168642,88.1 -69.131194,0.167753,88.9 -69.131019,0.167196,88.8 -69.130949,0.166907,88.7 -69.130695,0.165686,90.0 -69.130639,0.165331,90.1 -69.130585,0.164618,90.3 -69.130564,0.16419,90.3 -69.130547,0.162761,89.7 -69.130566,0.162197,89.3 -69.130561,0.161834,89.3 -69.130544,0.161683,89.6 -69.130497,0.161461,89.8 -69.130452,0.161315,89.4 -69.130366,0.161108,89.3 -69.130293,0.160973,89.3 -69.130205,0.160853,89.5 -69.130102,0.160745,89.8 -69.129929,0.160616,89.1 -69.129804,0.160551,89.1 -69.1296,0.160484,89.3 -69.129389,0.160452,89.6 -69.129174,0.160444,89.5 -69.128954,0.160463,89.3 -69.128808,0.160488,89.0 -69.128444,0.160598,88.9 -69.128304,0.16066,88.9 -69.128103,0.160767,88.6 -69.127776,0.160968,88.5 -69.127535,0.161165,88.6 -69.127367,0.161329,88.8 -69.127115,0.161621,88.9 -69.126463,0.162417,88.2 -69.126317,0.16257,87.4 -69.126161,0.162711,87.8 -69.126049,0.162792,87.7 -69.12593,0.162851,87.6 -69.125807,0.16289,88.0 -69.125612,0.162919,88.0 -69.125483,0.162921,88.2 -69.125297,0.162892,88.3 -69.12518,0.16285,88.2 -69.125069,0.162793,88.2 -69.124905,0.162689,88.3 -69.124531,0.162382,88.3 -69.124056,0.16194,88.3 -69.123753,0.161629,88.3 -69.123557,0.161413,87.9 -69.12338,0.161193,88.3 -69.123267,0.161018,88.5 -69.123167,0.160838,88.8 -69.123112,0.160715,89.0 -69.122999,0.160394,89.9 -69.12292,0.159996,89.7 -69.122897,0.159792,90.4 -69.122882,0.159512,90.7 -69.122895,0.159036,90.1 -69.122928,0.158766,89.5 -69.122964,0.158559,89.8 -69.123069,0.158161,89.3 -69.123248,0.15763,89.1 -69.123326,0.157432,88.4 -69.123471,0.157106,88.7 -69.123602,0.156857,88.8 -69.123822,0.156498,89.0 -69.124135,0.156025,89.5 -69.12482,0.155036,89.3 -69.12501,0.154733,88.4 -69.125246,0.154271,88.1 -69.125424,0.153786,88.5 -69.125482,0.153575,88.2 -69.125508,0.153429,88.0 -69.125525,0.153202,88.5 -69.125516,0.15298,88.3 -69.125485,0.152752,89.1 -69.125361,0.152107,88.8 -69.125334,0.151827,88.9 -69.125331,0.151622,88.8 -69.125342,0.15142,89.1 -69.125372,0.151218,89.1 -69.125442,0.150956,89.2 -69.12555,0.150716,88.7 -69.125617,0.150604,88.6 -69.125695,0.150499,88.8 -69.126013,0.150142,87.6 -69.126208,0.149944,87.6 -69.12636,0.149804,87.6 -69.12685,0.149417,87.6 -69.127886,0.148669,89.7 -69.128054,0.14853,89.9 -69.128275,0.148323,89.6 -69.128427,0.148151,89.8 -69.128512,0.148027,89.9 -69.128622,0.14783,90.5 -69.128675,0.147691,90.5 -69.128723,0.14748,90.3 -69.128728,0.14726,90.6 -69.1287,0.147046,90.8 -69.128653,0.146831,91.5 -69.128603,0.146699,91.2 -69.128449,0.146381,90.8 -69.128375,0.146256,90.3 -69.12819,0.146031,90.4 -69.12808,0.145935,90.3 -69.127957,0.14585,90.2 -69.127826,0.145776,90.0 -69.127688,0.145717,89.8 -69.127266,0.145599,89.5 -69.12705,0.145548,89.8 -69.126828,0.145511,89.5 -69.126531,0.145482,89.5 -69.126302,0.145474,89.3 -69.126075,0.145482,89.6 -69.125625,0.145536,89.3 -69.125404,0.145584,89.0 -69.12511,0.145665,88.8 -69.124892,0.145742,88.7 -69.124617,0.145864,88.5 -69.124347,0.146009,89.3 -69.12409,0.146175,89.5 -69.123496,0.146597,89.2 -69.123213,0.146835,89.4 -69.123005,0.14705,89.0 -69.122816,0.14728,89.1 -69.121183,0.149619,89.4 -69.120965,0.149885,89.1 -69.120822,0.150036,89.0 -69.12057,0.150262,88.8 -69.120349,0.150414,88.2 -69.120052,0.15058,87.3 -69.119619,0.150773,86.8 -69.119426,0.150829,86.7 -69.119295,0.150856,86.7 -69.119095,0.150877,86.6 -69.118897,0.15088,87.1 -69.118698,0.150864,87.0 -69.118381,0.150792,86.4 -69.118194,0.150724,86.5 -69.117953,0.150606,87.0 -69.11772,0.150462,87.3 -69.117384,0.150219,87.0 -69.117013,0.149904,87.2 -69.116722,0.14961,87.3 -69.116476,0.149279,87.6 -69.116232,0.148866,87.8 -69.11595,0.1483,88.2 -69.115693,0.14771,88.4 -69.115594,0.147515,88.3 -69.11544,0.14726,88.5 -69.115302,0.147076,88.2 -69.115139,0.146924,88.6 -69.114953,0.146808,88.4 -69.114687,0.146724,87.9 -69.114478,0.146687,87.8 -69.113919,0.14664,87.8 -69.113432,0.146579,87.2 -69.113301,0.146549,86.9 -69.113178,0.146506,86.6 -69.11306,0.146451,86.5 -69.112952,0.146385,86.2 -69.112807,0.146268,86.2 -69.11268,0.14612,86.1 -69.11258,0.14596,86.0 -69.112509,0.145793,86.6 -69.112479,0.145674,86.4 -69.112459,0.145491,86.8 -69.112462,0.145299,87.0 -69.112492,0.145104,86.8 -69.11259,0.14471,87.0 -69.112688,0.14445,87.0 -69.112835,0.144125,87.4 -69.113104,0.143621,88.1 -69.113196,0.143416,87.9 -69.113258,0.143197,87.9 -69.113286,0.142971,88.1 -69.113283,0.142818,88.1 -69.113247,0.142599,88.1 -69.113201,0.142459,88.2 -69.113138,0.142331,88.0 -69.113057,0.142217,88.4 -69.112907,0.142086,88.2 -69.112797,0.142018,88.4 -69.112684,0.141975,88.3 -69.112625,0.141963,88.5 -69.112223,0.141914,88.4 -69.111938,0.141914,88.4 -69.111722,0.141936,88.2 -69.111577,0.141962,88.0 -69.111361,0.142019,88.1 -69.11101,0.142152,88.0 -69.110674,0.142303,87.0 -69.109597,0.142857,86.0 -69.109343,0.143008,86.2 -69.109103,0.143174,86.3 -69.108526,0.143611,85.9 -69.108296,0.14377,85.9 -69.107936,0.143977,86.6 -69.107752,0.144062,86.3 -69.107625,0.144108,86.4 -69.107231,0.144193,86.8 -69.106964,0.144216,87.4 -69.106768,0.144203,87.4 -69.106575,0.144166,87.3 -69.106205,0.144032,87.1 -69.105857,0.143828,87.3 -69.105511,0.1436,87.9 -69.105348,0.143475,88.1 -69.105152,0.143288,88.3 -69.105025,0.143131,88.5 -69.104952,0.143018,88.7 -69.104863,0.142838,88.8 -69.104794,0.142653,89.3 -69.104736,0.142456,89.1 -69.104695,0.142254,89.0 -69.104675,0.142046,89.1 -69.104673,0.141841,88.8 -69.104688,0.141638,88.6 -69.104774,0.140996,87.8 -69.104847,0.140729,88.2 -69.104954,0.140479,88.2 -69.105094,0.140247,87.5 -69.105344,0.139927,86.8 -69.105572,0.13967,87.0 -69.105868,0.139374,87.0 -69.106232,0.139045,86.6 -69.106381,0.138887,86.6 -69.106513,0.138707,86.6 -69.106616,0.138504,86.4 -69.106643,0.138433,86.6 -69.106673,0.13829,87.1 -69.10668,0.138151,87.2 -69.106674,0.138083,87.4 -69.106645,0.137956,87.4 -69.106563,0.137786,87.5 -69.106486,0.137687,87.4 -69.106394,0.137606,87.6 -69.106343,0.137574,87.8 -69.106175,0.137515,87.5 -69.106117,0.137504,87.3 -69.106,0.1375,87.2 -69.105877,0.137511,87.4 -69.10562,0.137572,87.3 -69.105424,0.137649,87.2 -69.10523,0.137753,86.9 -69.104985,0.13792,86.6 -69.104806,0.138061,86.6 -69.104485,0.138381,86.5 -69.104011,0.138943,86.8 -69.103712,0.139343,87.0 -69.103136,0.140239,87.4 -69.103015,0.14041,87.3 -69.102883,0.140567,87.2 -69.102684,0.140753,87.0 -69.102468,0.140924,87.0 -69.102354,0.140988,86.9 -69.102235,0.141037,86.7 -69.102108,0.14107,87.3 -69.101979,0.14108,86.9 -69.101782,0.141063,86.7 -69.101598,0.141012,86.1 -69.101418,0.140941,86.1 -69.101254,0.140839,86.2 -69.101115,0.140706,87.0 -69.101038,0.140601,87.0 -69.100939,0.140429,87.3 -69.100854,0.140246,86.9 -69.100784,0.140055,87.5 -69.100732,0.139855,87.6 -69.100702,0.13965,87.6 -69.100697,0.139442,87.8 -69.100726,0.139162,88.1 -69.10077,0.138957,87.4 -69.100832,0.138758,88.0 -69.100978,0.138445,87.9 -69.101157,0.138153,88.5 -69.101367,0.137883,87.9 -69.10169,0.13752,88.1 -69.101938,0.137269,87.9 -69.102295,0.136934,87.3 -69.10272,0.136565,87.2 -69.103395,0.13605,86.2 -69.104154,0.13552,87.0 -69.104765,0.13504,86.9 -69.104926,0.1349,87.4 -69.105027,0.134799,87.9 -69.105223,0.134574,87.6 -69.105306,0.134449,87.7 -69.105379,0.134315,87.7 -69.105435,0.134174,87.6 -69.105476,0.134029,87.6 -69.105498,0.133883,87.1 -69.105504,0.133656,87.7 -69.105481,0.13351,87.9 -69.105446,0.133367,87.5 -69.10539,0.133228,87.4 -69.105317,0.133106,87.5 -69.105185,0.132933,87.6 -69.104983,0.132723,87.3 -69.104813,0.132583,87.4 -69.104689,0.132505,87.8 -69.104555,0.132438,87.6 -69.104146,0.132274,87.6 -69.103939,0.132208,87.2 -69.103795,0.132178,87.2 -69.103572,0.13216,87.3 -69.103269,0.132185,87.2 -69.103124,0.132219,87.0 -69.102838,0.132307,87.0 -69.10223,0.132552,86.9 -69.101581,0.132851,86.6 -69.100197,0.133521,88.1 -69.098488,0.134326,88.7 -69.098054,0.134588,88.5 -69.097709,0.134822,88.5 -69.096748,0.135531,88.6 -69.09646,0.135721,88.2 -69.096158,0.135888,88.2 -69.095905,0.136,88.1 -69.095778,0.136044,88.2 -69.095585,0.136091,88.5 -69.095389,0.136119,88.6 -69.095194,0.13612,89.0 -69.095,0.136103,88.8 -69.094804,0.136068,89.1 -69.094355,0.135934,88.3 -69.094165,0.13586,88.2 -69.093982,0.135771,88.1 -69.093691,0.135588,88.6 -69.09353,0.135457,88.5 -69.093373,0.135317,88.6 -69.092573,0.134521,89.5 -69.092148,0.134153,90.2 -69.091969,0.134032,90.2 -69.091789,0.133931,90.8 -69.091628,0.133852,90.6 -69.091485,0.133795,90.9 -69.090727,0.134854,91.7 -69.090715,0.134952,91.9 -69.090693,0.134995,91.8 -69.090658,0.135184,91.8 -69.090699,0.135328,91.9 -69.090708,0.135412,91.9 -69.092658,0.137804,91.5 -69.092681,0.137855,91.9 -69.092746,0.138521,91.9 -69.092735,0.138412,91.5 -69.092796,0.138261,91.2 -69.091204,0.139206,91.5 -69.091033,0.139221,91.4 -69.09085,0.139217,91.2 -69.09018,0.139064,91.6 -69.090103,0.139038,92.4 -69.090002,0.138978,91.9 -69.089933,0.138954,91.5 -69.089211,0.138106,91.6 -69.089191,0.138052,91.3 -69.089128,0.13795,91.4 -69.089109,0.137893,90.9 -69.088997,0.137718,91.1 -69.088997,0.137678,91.3 -69.088965,0.137609,90.6 -69.088935,0.13746,91.0 -69.088576,0.136271,91.3 -69.088057,0.134965,91.3 -69.08802,0.134904,91.5 -69.088013,0.134825,91.4 -69.087958,0.134764,91.8 -69.087871,0.134743,91.8 -69.086271,0.134527,91.8 -69.086195,0.134553,92.0 -69.086056,0.134706,92.1 -69.085992,0.134754,91.5 -69.085918,0.134846,92.0 -69.085847,0.13484,91.4 -69.084987,0.135943,92.1 -69.08496,0.135994,92.3 -69.084939,0.136077,91.9 -69.0849,0.13615,91.7 -69.084678,0.137852,91.9 -69.084716,0.137961,91.8 -69.084729,0.138056,91.2 -69.08471,0.138119,91.7 -69.084755,0.138344,91.6 -69.085491,0.140005,92.3 -69.08555,0.140085,92.3 -69.085623,0.140211,91.9 -69.085726,0.14034,91.7 -69.085793,0.140465,91.3 -69.085804,0.140511,92.4 -69.085886,0.140649,91.3 -69.086029,0.140972,91.8 -69.086067,0.141009,91.5 -69.086217,0.141233,91.9 -69.086249,0.141324,91.2 -69.08701,0.142447,91.5 -69.087033,0.142504,91.4 -69.087069,0.142547,90.6 -69.087155,0.142703,91.2 -69.087227,0.142852,91.2 -69.087278,0.14302,91.8 -69.087335,0.143091,91.9 -69.087487,0.143489,91.6 -69.087667,0.143855,91.7 -69.087848,0.144258,91.3 -69.08821,0.145253,91.7 -69.086997,0.146626,92.4 -69.086701,0.146807,92.7 -69.086527,0.146901,92.0 -69.086453,0.146906,91.6 -69.08488,0.146462,91.8 -69.084862,0.14641,91.3 -69.084756,0.146324,91.5 -69.084605,0.146256,91.9 -69.083714,0.145099,91.5 -69.083602,0.144907,92.0 -69.083585,0.144859,92.0 -69.083469,0.144685,92.0 -69.083304,0.144309,92.4 -69.082877,0.143468,92.0 -69.082672,0.143094,92.0 -69.082474,0.142654,92.1 -69.082475,0.142551,92.2 -69.08238,0.141808,92.5 -69.082344,0.14174,92.5 -69.082168,0.14117,92.3 -69.08207,0.141063,92.1 -69.081976,0.140861,92.2 -69.081941,0.140818,92.3 -69.081762,0.140677,92.2 -69.08031,0.140806,92.4 -69.080237,0.140836,92.2 -69.080173,0.140843,92.1 -69.080057,0.140885,92.0 -69.080014,0.140921,92.0 -69.079959,0.140939,92.1 -69.079726,0.141075,92.1 -69.079315,0.141669,92.1 -69.079208,0.141808,92.1 -69.079167,0.14188,92.2 -69.079214,0.143738,91.9 -69.079268,0.143979,91.8 -69.079337,0.144142,92.0 -69.079425,0.144397,91.9 -69.079458,0.14453,91.7 -69.079466,0.144621,91.8 -69.079577,0.144843,91.4 -69.079645,0.144953,91.6 -69.079703,0.145,91.5 -69.079979,0.145411,91.7 -69.080005,0.145492,92.0 -69.080183,0.145862,91.7 -69.080227,0.145912,91.7 -69.080276,0.145943,91.7 -69.080332,0.146057,91.6 -69.080556,0.147686,92.1 -69.080498,0.14789,91.8 -69.080386,0.148014,91.8 -69.080243,0.148121,91.7 -69.078666,0.148809,91.6 -69.078517,0.148863,92.3 -69.07829,0.148885,92.3 -69.077104,0.148412,91.6 -69.077028,0.148395,91.8 -69.075848,0.147156,92.1 -69.075772,0.147029,92.2 -69.075658,0.146897,92.3 -69.075607,0.146782,92.0 -69.075228,0.145494,92.0 -69.075172,0.145359,91.9 -69.075152,0.145286,91.7 -69.075035,0.145102,91.9 -69.07501,0.145026,91.9 -69.074909,0.144867,91.9 -69.074884,0.144768,92.0 -69.07471,0.144251,91.6 -69.074656,0.143986,91.8 -69.074553,0.143823,91.6 -69.074475,0.143755,91.9 -69.074358,0.143569,91.7 -69.074238,0.143308,92.1 -69.074243,0.143241,92.3 -69.074065,0.142842,92.4 -69.07327,0.141316,92.3 -69.073238,0.141286,92.2 -69.073188,0.141285,92.2 -69.073154,0.141268,92.0 -69.073111,0.141322,92.0 -69.072789,0.141084,92.1 -69.072018,0.141688,91.9 -69.071938,0.141692,91.9 -69.070572,0.143208,91.1 -69.070547,0.143274,90.8 -69.070549,0.14335,90.2 -69.070532,0.143509,89.9 -69.070534,0.143797,88.5 -69.070585,0.144875,86.9 -69.070575,0.145937,86.8 -69.070546,0.146358,87.4 -69.070502,0.146705,87.6 -69.070427,0.147042,87.8 -69.07036,0.147234,87.8 -69.070204,0.147527,87.9 -69.070132,0.147638,87.9 -69.070007,0.147792,87.5 -69.069912,0.147884,87.5 -69.06981,0.147969,87.4 -69.069647,0.14808,87.4 -69.069467,0.148154,87.0 -69.069345,0.14818,87.0 -69.069152,0.14819,86.5 -69.068961,0.148177,86.5 -69.068638,0.148126,86.0 -69.06845,0.148076,85.9 -69.06827,0.148002,85.9 -69.068098,0.147908,86.3 -69.067869,0.147764,86.1 -69.067651,0.147604,86.3 -69.067338,0.147338,86.5 -69.06714,0.147144,86.7 -69.06705,0.147043,86.8 -69.066846,0.146768,86.9 -69.066594,0.146346,86.8 -69.066467,0.146098,86.5 -69.066353,0.145847,86.4 -69.066199,0.145457,86.1 -69.066083,0.14506,86.0 -69.065986,0.144584,85.7 -69.065941,0.144238,86.1 -69.065902,0.143743,86.2 -69.065827,0.143024,85.8 -69.065753,0.142655,85.9 -69.065679,0.14244,85.5 -69.065557,0.14226,85.5 -69.06546,0.142156,85.3 -69.065292,0.142024,85.3 -69.065167,0.141957,85.3 -69.065035,0.141908,85.3 -69.064898,0.141878,85.3 -69.064689,0.141872,85.4 -69.064483,0.141905,85.2 -69.06421,0.141991,85.2 -69.063875,0.142139,85.2 -69.063617,0.142282,85.1 -69.06332,0.142505,84.7 -69.063042,0.142755,84.6 -69.062637,0.143173,84.3 -69.062398,0.143444,84.3 -69.061984,0.14395,84.8 -69.061796,0.144164,85.2 -69.061598,0.144356,85.5 -69.061439,0.144481,85.4 -69.061266,0.14459,85.4 -69.061025,0.144717,85.1 -69.060774,0.144807,85.1 -69.060514,0.144882,85.0 -69.06038,0.144906,85.2 -69.060186,0.144913,85.4 -69.060056,0.1449,85.5 -69.059867,0.14485,85.9 -69.05975,0.144797,85.8 -69.059642,0.144725,85.9 -69.05943,0.144559,86.4 -69.059281,0.144421,86.3 -69.059148,0.14427,86.3 -69.058944,0.143995,86.1 -69.058674,0.143594,86.3 -69.058434,0.143172,85.7 -69.058105,0.142474,85.6 -69.058029,0.14228,85.8 -69.057895,0.141879,85.9 -69.057785,0.141608,85.9 -69.057638,0.141344,86.0 -69.057347,0.140907,85.7 -69.057246,0.140793,85.7 -69.05713,0.140698,86.0 -69.056947,0.140586,85.0 -69.056679,0.140465,85.6 -69.056466,0.140403,85.6 -69.056248,0.140385,85.5 -69.056032,0.140405,85.9 -69.055822,0.140463,86.0 -69.05569,0.140524,86.3 -69.055563,0.140599,86.3 -69.055399,0.140741,86.0 -69.055308,0.140849,86.2 -69.05519,0.141029,86.3 -69.055027,0.141356,86.6 -69.054955,0.141558,87.2 -69.054893,0.14177,86.6 -69.054837,0.142068,86.9 -69.054831,0.142145,87.0 -69.054825,0.142372,85.8 -69.054839,0.142523,85.9 -69.054886,0.142824,85.8 -69.054972,0.143194,86.2 -69.055067,0.143487,86.1 -69.055163,0.143698,86.6 -69.055236,0.143832,86.6 -69.055397,0.14409,86.9 -69.055691,0.144517,86.9 -69.055908,0.144884,87.3 -69.056032,0.145133,87.2 -69.056105,0.145327,87.5 -69.056158,0.145525,87.4 -69.056184,0.145725,87.4 -69.056184,0.145924,87.5 -69.056152,0.14612,87.5 -69.056114,0.146245,87.6 -69.056001,0.146483,87.5 -69.055861,0.146713,87.6 -69.055745,0.146876,87.3 -69.055613,0.147024,86.7 -69.055469,0.147155,86.6 -69.055363,0.147231,86.5 -69.055193,0.147325,86.6 -69.055015,0.147402,86.4 -69.054889,0.147444,86.3 -69.054689,0.147493,85.9 -69.054142,0.147599,85.8 -69.053217,0.147735,86.9 -69.052931,0.147794,86.8 -69.052502,0.147911,86.6 -69.052091,0.148078,86.8 -69.051833,0.148219,86.3 -69.051708,0.1483,86.0 -69.051588,0.148393,85.3 -69.051306,0.148651,84.7 -69.050514,0.149496,84.6 -69.050362,0.149642,84.8 -69.050201,0.149777,85.1 -69.049869,0.150004,85.8 -69.049691,0.150095,86.0 -69.049445,0.1502,86.7 -69.049188,0.150295,86.9 -69.048997,0.150352,87.7 -69.048869,0.150376,88.1 -69.048671,0.150391,88.1 -69.048476,0.150379,88.6 -69.048346,0.150358,88.8 -69.048153,0.150307,89.0 -69.047902,0.150213,89.5 -69.04772,0.150125,89.6 -69.047322,0.149862,88.9 -69.047159,0.149737,89.1 -69.04702,0.149591,88.5 -69.046867,0.149373,87.9 -69.046733,0.149139,87.4 -69.046562,0.148767,87.6 -69.046365,0.148181,86.8 -69.046039,0.146793,87.3 -69.045967,0.14658,87.5 -69.045878,0.14637,87.4 -69.045808,0.146235,87.2 -69.045673,0.14605,87.0 -69.045571,0.145937,86.9 -69.045457,0.145838,87.1 -69.045328,0.145758,87.0 -69.045193,0.145698,87.2 -69.045054,0.145653,87.0 -69.044844,0.145617,86.8 -69.044484,0.1456,86.3 -69.044196,0.145599,85.8 -69.043898,0.14562,86.0 -69.0436,0.145678,86.1 -69.04316,0.1458,85.7 -69.042871,0.14591,86.2 -69.042326,0.146143,85.4 -69.041439,0.146414,85.1 -69.040687,0.146609,85.4 -69.040409,0.146719,85.8 -69.040214,0.14683,85.6 -69.039971,0.147014,85.2 -69.039764,0.147234,85.1 -69.039589,0.147477,85.1 -69.03943,0.147734,85.1 -69.039298,0.148008,85.1 -69.039081,0.148639,85.6 -69.038975,0.148903,86.0 -69.038872,0.149091,86.0 -69.038759,0.149267,85.9 -69.038622,0.149417,85.7 -69.038462,0.149534,85.2 -69.038284,0.149615,85.2 -69.038163,0.149639,85.4 -69.037985,0.149628,85.6 -69.037867,0.149595,85.9 -69.037757,0.149539,85.8 -69.037596,0.14943,85.8 -69.037011,0.148941,85.9 -69.036442,0.148492,85.3 -69.035373,0.14751,85.3 -69.035175,0.147304,85.0 -69.034948,0.147031,84.5 -69.034693,0.146684,84.7 -69.034503,0.146381,84.8 -69.034332,0.146065,84.6 -69.034122,0.145608,84.7 -69.03399,0.14527,85.9 -69.033881,0.145067,85.0 -69.033809,0.144863,85.6 -69.033642,0.144458,85.6 -69.033444,0.144066,85.2 -69.033259,0.143747,85.6 -69.033044,0.14344,86.5 -69.032949,0.143322,86.2 -69.032792,0.143152,86.5 -69.032621,0.142997,85.9 -69.032329,0.142758,86.5 -69.031808,0.142357,85.2 -69.031087,0.141763,85.1 -69.030676,0.141372,84.8 -69.03023,0.140902,84.0 -69.029974,0.140646,84.2 -69.029714,0.140393,85.0 -69.029549,0.140248,85.4 -69.029211,0.139975,85.0 -69.028978,0.139801,84.9 -69.028669,0.1396,84.7 -69.028347,0.139419,84.8 -69.028082,0.13929,84.5 -69.02781,0.139183,84.6 -69.027397,0.13904,85.0 -69.026849,0.138875,85.3 -69.026018,0.138665,84.8 -69.025385,0.138539,84.5 -69.024885,0.138456,83.5 -69.024673,0.138411,84.0 -69.024399,0.138337,84.1 -69.024136,0.138238,84.5 -69.023888,0.138107,84.1 -69.023714,0.137995,83.9 -69.023554,0.137867,84.2 -69.023414,0.137724,83.9 -69.023371,0.137671,84.4 -69.023228,0.137448,84.4 -69.023101,0.137195,84.9 -69.023009,0.136934,85.0 -69.022959,0.136662,85.4 -69.022941,0.136387,85.4 -69.022949,0.135739,86.1 -69.022996,0.135015,86.7 -69.023004,0.134795,86.8 -69.022997,0.13472,86.0 -69.02302,0.134282,87.2 -69.023009,0.133984,87.1 -69.022977,0.133759,87.5 -69.022911,0.13354,87.7 -69.022811,0.133335,87.7 -69.022726,0.133212,87.3 -69.022574,0.133052,87.8 -69.022395,0.132939,87.6 -69.022199,0.132872,87.8 -69.021931,0.132854,87.4 -69.021716,0.132864,87.3 -69.021571,0.132893,87.6 -69.021503,0.132917,87.5 -69.021373,0.132984,87.1 -69.021213,0.133114,86.6 -69.021116,0.133217,86.5 -69.021029,0.133329,86.1 -69.02092,0.133519,85.9 -69.020807,0.133799,86.2 -69.020646,0.13429,85.8 -69.020489,0.134849,85.5 -69.020289,0.135451,85.3 -69.020247,0.135517,84.6 -69.020107,0.135835,85.7 -69.019971,0.136081,86.2 -69.019773,0.136355,86.5 -69.019548,0.136621,86.3 -69.01876,0.137444,87.3 -69.018399,0.137895,86.3 -69.018236,0.138131,86.6 -69.018124,0.13832,86.4 -69.01803,0.138523,85.8 -69.017977,0.138666,86.0 -69.017936,0.138812,85.8 -69.017898,0.13904,86.1 -69.017886,0.139271,85.6 -69.017893,0.139428,85.6 -69.017913,0.139585,86.0 -69.018097,0.140304,86.2 -69.01819,0.140581,85.6 -69.01833,0.140926,86.3 -69.018794,0.141896,86.2 -69.018888,0.142155,85.8 -69.018923,0.142285,85.6 -69.018936,0.142548,86.3 -69.018921,0.142679,86.3 -69.018892,0.142805,86.0 -69.018841,0.142939,85.3 -69.01872,0.143148,85.5 -69.018636,0.143249,85.6 -69.018444,0.143423,85.5 -69.018338,0.143499,85.9 -69.01811,0.143632,86.0 -69.017927,0.143699,86.1 -69.017664,0.14375,86.8 -69.017461,0.143765,86.8 -69.017258,0.143753,87.2 -69.017061,0.143712,87.2 -69.016812,0.14361,87.1 -69.016627,0.143518,87.3 -69.016401,0.143367,86.9 -69.016241,0.143235,86.9 -69.016094,0.143089,87.0 -69.015918,0.142875,86.8 -69.015728,0.142582,87.0 -69.015873,0.142795,86.9 -69.015491,0.142077,86.7 -69.0153,0.141537,87.1 -69.015021,0.140418,87.5 -69.014966,0.140143,88.0 -69.014936,0.139935,87.9 -69.014911,0.139654,87.9 -69.0149,0.13923,87.6 -69.014911,0.138808,87.9 -69.014941,0.138385,88.1 -69.014985,0.138107,88.2 -69.015072,0.137778,87.6 -69.015216,0.137389,87.4 -69.015443,0.136874,88.4 -69.015609,0.136564,89.0 -69.015753,0.136325,89.5 -69.016125,0.1358,88.5 -69.016387,0.135469,88.4 -69.016778,0.135054,88.0 -69.01719,0.13466,87.1 -69.01739,0.134433,87.8 -69.017521,0.134244,87.7 -69.017588,0.13411,88.1 -69.017654,0.133892,88.1 -69.017676,0.133668,88.3 -69.017676,0.133515,88.3 -69.01762,0.133161,88.0 -69.017573,0.13295,87.6 -69.017466,0.132673,87.7 -69.017364,0.132469,87.4 -69.017223,0.132286,88.0 -69.016992,0.132082,87.0 -69.016666,0.131876,87.1 -69.016459,0.131779,86.7 -69.016089,0.131653,86.9 -69.01551,0.131497,86.6 -69.015214,0.131441,86.4 -69.014918,0.1314,86.9 -69.014192,0.131343,86.9 -69.013613,0.131274,88.1 -69.013262,0.131217,88.2 -69.013004,0.131152,88.7 -69.012685,0.131036,88.8 -69.012494,0.130952,88.7 -69.012312,0.130845,88.9 -69.012142,0.130729,88.5 -69.011875,0.130525,87.1 -69.011195,0.129921,88.1 -69.010913,0.129632,88.4 -69.01059,0.129264,88.7 -69.010375,0.129067,88.5 -69.010196,0.128932,89.1 -69.00939,0.128475,88.5 -69.009151,0.128327,88.6 -69.00885,0.128164,87.6 -69.008569,0.127994,87.2 -69.008161,0.127705,87.6 -69.007957,0.12753,87.5 -69.007862,0.127432,87.4 -69.007714,0.127212,87.5 -69.007634,0.127032,87.6 -69.007597,0.126907,87.6 -69.007574,0.126714,87.4 -69.007573,0.126583,87.6 -69.007591,0.126454,87.3 -69.007622,0.126335,86.8 -69.00767,0.126208,86.6 -69.007759,0.126033,86.3 -69.007835,0.125924,86.5 -69.007923,0.125825,86.4 -69.008072,0.125692,86.4 -69.008291,0.125527,86.4 -69.008464,0.125413,85.8 -69.008883,0.125163,86.2 -69.009702,0.12476,86.1 -69.009892,0.124645,85.8 -69.01007,0.124516,85.9 -69.010241,0.12437,85.8 -69.010449,0.124151,85.3 -69.01059,0.123966,85.6 -69.010665,0.123829,86.1 -69.010724,0.123686,86.0 -69.010761,0.123539,86.4 -69.010774,0.123318,86.5 -69.010752,0.123102,86.4 -69.010696,0.122822,86.4 -69.010641,0.122611,86.5 -69.010568,0.122399,86.6 -69.01038,0.121996,86.3 -69.010254,0.1218,87.0 -69.010012,0.121512,87.3 -69.009695,0.121207,87.3 -69.009414,0.120974,88.0 -69.009299,0.12089,87.8 -69.008867,0.12061,88.5 -69.008605,0.120476,88.4 -69.008273,0.120327,88.7 -69.007927,0.120201,89.0 -69.00779,0.120181,88.9 -69.007638,0.120145,88.9 -69.007189,0.120095,89.1 -69.006696,0.120073,89.6 -69.006557,0.120077,89.6 -69.006354,0.120105,89.6 -69.00621,0.120114,89.4 -69.005777,0.120195,89.6 -69.00543,0.120304,89.4 -69.005076,0.120456,89.6 -69.004876,0.120563,89.4 -69.004586,0.120792,89.5 -69.00443,0.120945,88.7 -69.004332,0.121056,88.8 -69.004197,0.121225,88.4 -69.004032,0.121466,88.3 -69.003827,0.121859,87.7 -69.003722,0.122136,87.7 -69.003625,0.122493,87.0 -69.003462,0.123326,88.5 -69.003409,0.123748,88.6 -69.003342,0.124104,88.1 -69.003294,0.124464,89.1 -69.003286,0.124537,89.2 -69.003289,0.125077,89.5 -69.003234,0.125507,89.9 -69.003177,0.126069,89.3 -69.003121,0.126342,89.7 -69.002973,0.1268,89.7 -69.002828,0.127117,89.7 -69.002469,0.127621,89.7 -69.002343,0.127772,89.4 -69.00225,0.127863,89.4 -69.001985,0.128074,89.5 -69.001759,0.128184,89.2 -69.001375,0.128292,89.6 -69.001114,0.12833,89.4 -69.000982,0.128335,89.0 -69.000853,0.128321,89.5 -69.000665,0.128277,89.4 -69.000543,0.128228,89.1 -69.000421,0.12816,89.5 -69.000266,0.128044,89.0 -69.000132,0.127898,88.8 -68.999936,0.127624,88.4 -68.999713,0.127203,88.5 -68.999555,0.126808,88.3 -68.999391,0.126266,87.4 -68.999274,0.125924,87.4 -68.999217,0.125787,87.4 -68.998953,0.125355,87.0 -68.998758,0.12513,87.0 -68.998598,0.124985,86.9 -68.998424,0.124846,86.5 -68.998184,0.124695,86.9 -68.997984,0.124596,86.6 -68.997706,0.124493,87.1 -68.99749,0.124436,86.7 -68.997337,0.124407,87.1 -68.99718,0.124397,86.8 -68.996873,0.124418,86.1 -68.996571,0.124453,86.6 -68.996216,0.124522,86.5 -68.995735,0.12464,86.4 -68.994992,0.124883,86.7 -68.994857,0.124917,87.2 -68.994794,0.124949,86.2 -68.994207,0.125159,85.4 -68.993418,0.125459,85.0 -68.992426,0.125779,84.4 -68.991957,0.125909,83.9 -68.991618,0.125982,84.0 -68.991136,0.126064,84.3 -68.990865,0.126099,83.8 -68.990321,0.126135,83.9 -68.990046,0.126143,84.1 -68.989496,0.126117,84.3 -68.989085,0.12608,84.6 -68.988196,0.125951,83.2 -68.98764,0.125888,82.3 -68.987423,0.125878,82.8 -68.987058,0.125895,83.4 -68.986702,0.125946,83.4 -68.986204,0.126073,83.4 -68.985855,0.126189,83.8 -68.985536,0.126321,84.9 -68.98548,0.126353,84.4 -68.985107,0.126435,85.8 -68.985063,0.126479,85.5 -68.984818,0.126573,84.9 -68.984549,0.126646,85.2 -68.984281,0.126683,84.7 -68.984012,0.12669,84.6 -68.983809,0.126672,84.0 -68.983547,0.126622,83.6 -68.983357,0.126558,84.1 -68.983234,0.126501,83.9 -68.983008,0.126359,84.1 -68.982586,0.125999,84.0 -68.982269,0.125629,84.7 -68.982011,0.125284,84.4 -68.981979,0.125221,84.8 -68.981851,0.125031,84.4 -68.981695,0.124867,84.0 -68.981518,0.124728,84.1 -68.981388,0.124653,84.4 -68.981254,0.124597,84.7 -68.98105,0.124539,85.1 -68.98084,0.124499,85.5 -68.980563,0.12449,85.8 -68.980286,0.124514,85.8 -68.980001,0.124572,85.5 -68.979858,0.124614,85.2 -68.979589,0.124739,85.4 -68.979399,0.124866,85.4 -68.979284,0.124966,85.1 -68.979124,0.125133,84.8 -68.978601,0.125768,84.9 -68.978112,0.126386,84.2 -68.977816,0.126693,84.2 -68.977588,0.126867,84.8 -68.977233,0.127081,85.4 -68.976985,0.127193,85.9 -68.976599,0.127315,84.8 -68.976398,0.12734,84.9 -68.976196,0.127342,84.7 -68.97579,0.127286,84.8 -68.975525,0.127221,84.8 -68.974805,0.126975,84.7 -68.974613,0.126894,84.7 -68.973842,0.126528,84.0 -68.973644,0.126444,84.2 -68.973303,0.126326,84.0 -68.973158,0.126295,84.1 -68.973009,0.126278,84.4 -68.97286,0.126281,84.3 -68.972717,0.126303,84.2 -68.972648,0.126323,84.2 -68.972458,0.126407,83.9 -68.972289,0.12653,83.7 -68.972152,0.126685,83.5 -68.972055,0.126864,83.5 -68.971988,0.127061,83.4 -68.971958,0.127203,83.2 -68.971948,0.127345,82.9 -68.971977,0.127555,82.9 -68.972024,0.127684,82.7 -68.97213,0.127854,82.6 -68.972218,0.127957,82.6 -68.972759,0.128498,83.0 -68.973017,0.128732,82.6 -68.973369,0.12908,82.8 -68.973706,0.129441,82.3 -68.973913,0.129716,82.2 -68.974084,0.130016,82.2 -68.974167,0.130205,82.0 -68.974211,0.130334,82.1 -68.974254,0.130532,82.2 -68.974269,0.130665,82.3 -68.974272,0.130799,82.3 -68.974257,0.131,82.3 -68.974224,0.1312,82.3 -68.97415,0.131459,82.4 -68.974066,0.131644,82.4 -68.973965,0.131819,82.5 -68.973845,0.131984,82.6 -68.97366,0.132184,82.6 -68.973501,0.132311,82.6 -68.973387,0.13238,82.7 -68.973205,0.132464,82.6 -68.973014,0.132524,82.7 -68.972818,0.132562,82.7 -68.972685,0.132571,82.7 -68.972553,0.132563,82.5 -68.972287,0.132516,82.6 -68.97209,0.132459,82.6 -68.971824,0.13236,82.5 -68.971576,0.132236,82.8 -68.971343,0.132086,82.9 -68.971134,0.131908,82.8 -68.970943,0.131707,82.9 -68.970746,0.131424,83.3 -68.970598,0.131112,82.8 -68.970372,0.130504,83.8 -68.970246,0.130091,83.8 -68.970183,0.129813,83.8 -68.969928,0.128458,84.3 -68.969821,0.128106,84.6 -68.969765,0.12797,84.3 -68.969697,0.12784,84.5 -68.969622,0.127711,84.5 -68.969489,0.127529,83.9 -68.969388,0.127421,83.6 -68.968837,0.126962,84.1 -68.968174,0.12644,83.9 -68.968018,0.126302,83.9 -68.967879,0.12615,83.7 -68.967714,0.125931,83.7 -68.967581,0.125696,83.6 -68.967308,0.125054,84.0 -68.967205,0.124719,83.7 -68.967144,0.124374,83.2 -68.967133,0.124028,83.4 -68.967162,0.123534,83.9 -68.967215,0.123043,83.4 -68.967305,0.122486,84.1 -68.967358,0.122057,84.4 -68.967365,0.121906,84.3 -68.96735,0.12161,84.5 -68.967331,0.121464,84.8 -68.96728,0.121249,84.6 -68.967231,0.121109,84.7 -68.967131,0.120909,84.6 -68.967047,0.120785,84.5 -68.966902,0.120614,84.5 -68.966737,0.120464,84.2 -68.966553,0.120335,83.8 -68.966356,0.120231,83.6 -68.966217,0.120177,83.4 -68.965998,0.120117,82.9 -68.965848,0.120093,83.2 -68.964567,0.119949,84.0 -68.964296,0.119888,83.7 -68.964104,0.119815,83.9 -68.963938,0.119705,83.9 -68.963791,0.119569,83.7 -68.96343,0.119142,84.1 -68.963327,0.119039,84.2 -68.963215,0.11895,83.8 -68.963096,0.118888,83.3 -68.962912,0.118851,83.6 -68.962798,0.118864,84.0 -68.962696,0.118904,83.9 -68.962443,0.11903,84.7 -68.962279,0.119093,84.3 -68.961763,0.119249,85.3 -68.96164,0.119266,85.0 -68.961516,0.119268,84.7 -68.961334,0.119243,83.8 -68.96122,0.119205,83.5 -68.961112,0.119152,83.4 -68.960919,0.119005,82.9 -68.960842,0.118915,83.2 -68.960772,0.118812,83.1 -68.960605,0.118526,82.6 -68.960337,0.117969,82.6 -68.960207,0.117738,83.3 -68.960089,0.11759,83.4 -68.959907,0.117418,83.7 -68.9597,0.117271,84.1 -68.959528,0.117171,83.4 -68.959346,0.117089,83.9 -68.959035,0.116993,82.6 -68.958828,0.116949,82.7 -68.95847,0.116912,82.1 -68.958174,0.116914,82.7 -68.957949,0.116936,82.7 -68.957726,0.116977,82.8 -68.957505,0.117034,83.4 -68.957146,0.117158,83.3 -68.956666,0.117382,82.8 -68.9556,0.117932,83.4 -68.954381,0.11861,83.7 -68.953893,0.118897,83.7 -68.953469,0.119169,83.5 -68.953003,0.119498,83.3 -68.952526,0.119804,82.8 -68.951431,0.120445,82.9 -68.950902,0.120798,83.1 -68.950555,0.121052,83.0 -68.950107,0.121403,82.3 -68.949641,0.121729,82.7 -68.949336,0.121902,82.5 -68.949081,0.122011,82.7 -68.948951,0.122043,82.6 -68.948754,0.122059,82.8 -68.948558,0.122039,82.7 -68.948429,0.122012,83.6 -68.948246,0.121941,83.8 -68.948133,0.121872,83.8 -68.948034,0.121789,83.9 -68.947906,0.12164,83.5 -68.947769,0.121418,83.8 -68.947715,0.121294,84.0 -68.947674,0.121167,83.8 -68.947637,0.120969,83.5 -68.947635,0.1207,83.3 -68.947656,0.120569,83.1 -68.947724,0.120305,82.6 -68.947793,0.120103,82.8 -68.947901,0.119838,82.6 -68.948118,0.119385,82.7 -68.948223,0.1191,83.1 -68.948297,0.118805,83.4 -68.948424,0.117852,83.5 -68.948553,0.117005,83.1 -68.948645,0.116295,83.1 -68.948714,0.11551,83.4 -68.948756,0.114725,83.0 -68.948763,0.114506,83.0 -68.948758,0.114146,82.5 -68.948713,0.113496,82.8 -68.94864,0.113065,83.3 -68.948529,0.112646,83.3 -68.948405,0.1123,83.4 -68.948303,0.112099,83.5 -68.948185,0.111907,84.0 -68.94805,0.111722,83.8 -68.947946,0.111608,83.8 -68.947831,0.111508,83.5 -68.947703,0.111421,84.1 -68.947431,0.111285,83.4 -68.947211,0.111217,83.5 -68.946981,0.111165,84.0 -68.946678,0.111148,84.9 -68.946517,0.111166,84.9 -68.946289,0.111208,85.2 -68.946076,0.111289,85.3 -68.945992,0.111306,85.1 -68.94592,0.111334,85.3 -68.945658,0.111485,85.7 -68.9455,0.111636,86.4 -68.945382,0.111723,86.1 -68.945262,0.111834,86.8 -68.945222,0.111904,87.0 -68.945158,0.111968,86.8 -68.945012,0.112189,86.8 -68.944974,0.112274,87.1 -68.944909,0.112366,87.3 -68.944656,0.112984,87.8 -68.944643,0.113054,87.6 -68.944602,0.113131,87.8 -68.944627,0.113161,86.7 -68.944529,0.113556,83.2 -68.944469,0.113842,83.9 -68.944362,0.114663,84.6 -68.94436,0.114745,85.0 -68.944381,0.114709,84.0 -68.944409,0.114796,87.0 -68.944411,0.11485,86.6 -68.944312,0.116302,87.2 -68.944312,0.116439,87.5 -68.944292,0.116558,87.8 -68.944298,0.116698,88.1 -68.944272,0.116811,87.7 -68.944344,0.118476,88.5 -68.944324,0.118705,87.0 -68.944327,0.118853,86.3 -68.944315,0.119064,86.1 -68.94432,0.119204,86.1 -68.944271,0.119687,84.3 -68.944252,0.119978,84.2 -68.944219,0.12025,85.0 -68.944184,0.120451,83.8 -68.944089,0.12077,83.1 -68.944007,0.120959,83.1 -68.943907,0.121132,83.3 -68.943831,0.121243,82.8 -68.943707,0.121396,82.2 -68.943569,0.12153,82.1 -68.943412,0.121657,82.1 -68.943186,0.1218,82.1 -68.942883,0.121946,81.8 -68.94257,0.122059,81.5 -68.942415,0.122129,81.3 -68.942163,0.122204,81.5 -68.941828,0.122277,81.5 -68.940911,0.122345,82.0 -68.940494,0.122318,82.5 -68.940214,0.122272,83.1 -68.939875,0.122183,83.3 -68.939678,0.122106,82.9 -68.939423,0.121988,82.5 -68.939066,0.121769,82.6 -68.938837,0.121607,82.7 -68.93856,0.121394,82.8 -68.938189,0.121074,83.0 -68.937997,0.120878,83.1 -68.937825,0.120666,83.1 -68.937749,0.120553,83.2 -68.937686,0.120435,83.2 -68.937632,0.120311,83.7 -68.937486,0.119857,83.8 -68.937435,0.119587,84.0 -68.937485,0.119659,81.0 -68.937411,0.119315,83.7 -68.937409,0.119042,83.4 -68.937425,0.118838,83.3 -68.937496,0.118429,83.4 -68.937822,0.117198,83.0 -68.937875,0.116912,82.9 -68.937909,0.116618,83.8 -68.937914,0.116469,84.1 -68.937896,0.11624,84.5 -68.937852,0.116012,84.0 -68.937806,0.115866,84.1 -68.937741,0.115726,83.8 -68.937619,0.115533,84.5 -68.937428,0.115299,83.3 -68.937316,0.115192,83.1 -68.937195,0.115097,83.4 -68.936998,0.114977,82.8 -68.936716,0.11485,82.8 -68.936573,0.114805,82.9 -68.935975,0.11469,82.9 -68.935752,0.114664,82.9 -68.935453,0.114646,83.5 -68.935089,0.114645,84.1 -68.934426,0.114688,84.2 -68.934002,0.114677,83.7 -68.933731,0.114618,83.8 -68.93347,0.114523,83.8 -68.933241,0.114383,83.3 -68.933046,0.114204,83.6 -68.933291,0.114391,83.5 -68.932958,0.114104,84.0 -68.932757,0.113833,83.7 -68.932646,0.113658,83.5 -68.932585,0.113533,84.0 -68.932522,0.113344,83.1 -68.932502,0.113145,83.4 -68.93251,0.112943,83.3 -68.932547,0.112744,83.8 -68.932617,0.112556,84.2 -68.932709,0.112379,84.3 -68.932781,0.112269,84.6 -68.932907,0.112123,84.8 -68.933056,0.111994,84.2 -68.933163,0.111915,84.1 -68.933746,0.111539,83.6 -68.934334,0.111145,83.0 -68.934622,0.110938,83.3 -68.934905,0.110717,83.4 -68.93518,0.11048,83.6 -68.935334,0.110321,83.3 -68.935477,0.110147,83.8 -68.935645,0.109893,84.0 -68.935707,0.109758,83.7 -68.935784,0.109539,84.0 -68.935817,0.109392,84.1 -68.93584,0.109168,83.6 -68.935839,0.108867,83.8 -68.935776,0.108282,83.6 -68.935712,0.107934,83.5 -68.935678,0.107797,83.7 -68.935614,0.107597,83.3 -68.935524,0.107389,83.3 -68.935372,0.107128,83.7 -68.935233,0.106945,83.4 -68.935075,0.106785,83.7 -68.934899,0.106635,83.8 -68.934538,0.106375,84.2 -68.934088,0.106121,84.6 -68.933886,0.10604,84.0 -68.933816,0.106014,84.3 -68.933454,0.105924,83.7 -68.933156,0.105874,83.7 -68.932938,0.105849,83.6 -68.932637,0.105844,83.6 -68.93241,0.105867,83.1 -68.932111,0.10593,83.2 -68.931896,0.106004,82.4 -68.931691,0.1061,82.9 -68.931558,0.106175,82.7 -68.93137,0.106303,82.8 -68.93114,0.106492,82.9 -68.930833,0.106806,83.0 -68.931016,0.106621,82.0 -68.930487,0.107282,82.9 -68.930285,0.107685,83.4 -68.930025,0.108284,83.8 -68.929874,0.108606,84.2 -68.929704,0.10892,84.2 -68.929479,0.10928,84.1 -68.929234,0.109621,83.6 -68.929013,0.10989,83.8 -68.928721,0.110189,84.1 -68.928452,0.110398,84.1 -68.928334,0.110462,83.8 -68.928018,0.110586,83.6 -68.927886,0.110623,83.5 -68.927622,0.110667,83.9 -68.927421,0.110677,83.7 -68.927225,0.110662,83.9 -68.927033,0.110614,84.0 -68.92685,0.110539,84.1 -68.926731,0.110475,84.1 -68.926514,0.110317,84.2 -68.926415,0.110228,83.8 -68.926278,0.110082,83.6 -68.925929,0.109568,83.6 -68.925819,0.109386,83.4 -68.925677,0.109068,83.3 -68.925612,0.108866,83.6 -68.925528,0.108518,84.0 -68.925436,0.108028,84.1 -68.925474,0.107975,83.7 -68.92541,0.107884,84.0 -68.925155,0.106619,84.4 -68.925067,0.106344,83.5 -68.925,0.106208,83.4 -68.924841,0.105948,83.7 -68.924701,0.105771,83.6 -68.924488,0.105554,83.6 -68.924319,0.105408,83.4 -68.924079,0.105227,83.9 -68.923951,0.105149,83.5 -68.923671,0.105025,83.3 -68.923526,0.104983,83.4 -68.923374,0.104959,83.3 -68.923297,0.104956,83.3 -68.923068,0.104967,82.7 -68.922839,0.104999,82.7 -68.922619,0.105056,83.0 -68.922479,0.105111,83.1 -68.922276,0.105217,83.2 -68.922026,0.105374,83.1 -68.921845,0.105506,82.6 -68.921786,0.105552,83.4 -68.921624,0.105711,83.2 -68.921524,0.105829,83.4 -68.921434,0.105954,83.6 -68.921239,0.106283,84.0 -68.921113,0.106551,84.3 -68.921027,0.106759,84.4 -68.920956,0.106969,84.1 -68.920897,0.107193,84.1 -68.920866,0.107424,83.5 -68.920854,0.107739,83.9 -68.920871,0.107972,83.9 -68.920916,0.108346,83.6 -68.921028,0.108919,83.1 -68.922099,0.112212,83.0 -68.922122,0.112485,83.3 -68.922116,0.112621,83.4 -68.922086,0.112347,83.3 -68.9221,0.112752,83.4 -68.922054,0.112942,83.1 -68.921958,0.113185,83.5 -68.921671,0.113629,83.7 -68.921501,0.113834,83.8 -68.921407,0.113931,83.7 -68.921104,0.114208,83.6 -68.920941,0.11433,83.3 -68.920768,0.114433,83.5 -68.920531,0.114557,83.2 -68.920153,0.114711,83.7 -68.919956,0.11477,83.7 -68.919756,0.114806,83.6 -68.919487,0.114815,83.7 -68.919353,0.114806,83.7 -68.91922,0.114787,83.6 -68.918815,0.114698,83.5 -68.918343,0.114571,83.0 -68.918552,0.114626,83.2 -68.917751,0.114367,83.5 -68.917433,0.11422,83.7 -68.916874,0.113916,83.9 -68.916453,0.11365,83.7 -68.916048,0.113358,83.4 -68.915604,0.113004,83.7 -68.904468,0.102201,83.0 -68.903615,0.102211,83.0 -68.903059,0.102175,83.0 -68.90264,0.102122,83.1 -68.902297,0.102064,82.7 -68.902091,0.102024,82.5 -68.901755,0.101938,82.1 -68.901836,0.101984,82.0 -68.901191,0.101695,82.5 -68.900008,0.101078,81.1 -68.899746,0.100969,80.6 -68.899474,0.100872,80.9 -68.899123,0.100781,81.1 -68.898904,0.10075,80.8 -68.898756,0.100744,81.3 -68.89847,0.100764,80.8 -68.898187,0.100828,81.1 -68.897979,0.100905,81.0 -68.897788,0.100999,80.6 -68.897414,0.101207,80.6 -68.897396,0.101097,80.7 -68.897327,0.101141,80.8 -68.897238,0.101336,80.6 -68.897016,0.101533,80.7 -68.896861,0.101697,81.1 -68.896577,0.102028,81.1 -68.896357,0.102302,81.0 -68.89585,0.102977,80.3 -68.895758,0.103081,80.5 -68.895599,0.10321,81.6 -68.895429,0.103307,81.3 -68.895175,0.103382,81.9 -68.894929,0.10337,81.8 -68.894813,0.103344,80.6 -68.894694,0.103302,81.7 -68.894651,0.103264,81.0 -68.894534,0.103211,80.9 -68.894425,0.103135,81.0 -68.894326,0.103052,81.5 -68.894136,0.102864,81.5 -68.894025,0.102698,81.3 -68.89399,0.102627,81.7 -68.8939,0.102368,80.7 -68.89387,0.102228,81.0 -68.893833,0.101951,81.5 -68.893818,0.101677,81.3 -68.893821,0.101473,80.9 -68.893849,0.101264,81.7 -68.893902,0.101001,81.3 -68.893968,0.100737,81.5 -68.894076,0.100405,81.5 -68.894133,0.100265,81.1 -68.894191,0.100072,81.7 -68.89442,0.099466,82.5 -68.89461,0.098921,83.1 -68.89469,0.098662,83.8 -68.894741,0.098542,83.0 -68.894787,0.098395,83.7 -68.89471,0.098624,82.0 -68.894866,0.098126,84.5 -68.894917,0.097989,84.4 -68.894969,0.097791,84.2 -68.89506,0.097517,84.9 -68.895088,0.097383,85.7 -68.89546,0.096348,84.1 -68.8957,0.095857,84.9 -68.89583,0.095629,85.1 -68.896063,0.095286,84.7 -68.896542,0.094693,84.5 -68.896996,0.094069,84.0 -68.897177,0.09385,84.8 -68.897426,0.093492,84.8 -68.897537,0.093306,84.2 -68.897605,0.093171,84.0 -68.897692,0.092956,83.7 -68.897747,0.092737,84.4 -68.897762,0.092584,83.7 -68.897749,0.092364,83.5 -68.897702,0.092146,83.8 -68.897625,0.091939,83.5 -68.897401,0.091491,84.2 -68.897254,0.091234,84.2 -68.897125,0.091043,84.7 -68.896938,0.090816,85.2 -68.896788,0.090657,85.2 -68.896949,0.090842,81.0 -68.896214,0.090217,85.2 -68.89591,0.090032,85.0 -68.895579,0.089872,85.2 -68.895171,0.089728,85.4 -68.894956,0.089674,85.8 -68.89445,0.089585,85.6 -68.893681,0.089511,84.6 -68.893404,0.089495,85.0 -68.893202,0.089495,84.2 -68.893066,0.08948,84.8 -68.892719,0.089465,84.4 -68.892683,0.089479,84.5 -68.885982,0.086351,84.5 -68.885853,0.086012,84.5 -68.885723,0.085761,84.3 -68.8858,0.085866,84.7 -68.885546,0.085532,85.2 -68.885433,0.085435,85.0 -68.885306,0.085352,84.5 -68.885177,0.085293,85.5 -68.884971,0.085242,85.1 -68.884771,0.085231,85.2 -68.884479,0.085263,84.9 -68.884335,0.085289,85.6 -68.883993,0.085391,85.0 -68.883656,0.085546,85.9 -68.883466,0.085682,86.0 -68.883318,0.085841,85.2 -68.883219,0.085964,85.4 -68.883058,0.08622,85.6 -68.882995,0.086359,85.3 -68.882839,0.086782,85.7 -68.882733,0.087135,85.6 -68.882809,0.0869,84.0 -68.882596,0.087696,85.7 -68.882479,0.088627,85.5 -68.882454,0.08911,85.0 -68.882417,0.089528,85.5 -68.882401,0.090087,85.3 -68.882415,0.090572,85.9 -68.882404,0.090842,86.0 -68.882299,0.091449,86.0 -68.882341,0.091235,84.0 -68.882182,0.091842,86.4 -68.882112,0.09203,86.2 -68.881991,0.092256,86.0 -68.881703,0.09261,85.6 -68.881403,0.092864,86.0 -68.881236,0.092971,86.2 -68.881008,0.093096,85.7 -68.880822,0.093175,86.3 -68.88071,0.093234,85.7 -68.880382,0.093322,85.7 -68.880135,0.093368,85.2 -68.879994,0.093375,85.6 -68.879806,0.093363,85.4 -68.8796,0.093329,85.8 -68.879132,0.093075,85.0 -68.878906,0.09294,84.5 -68.87911,0.09305,80.0 -68.878323,0.092477,84.9 -68.878045,0.092169,85.7 -68.877793,0.091859,85.1 -68.877672,0.091704,85.1 -68.877396,0.091304,85.0 -68.877113,0.090981,85.1 -68.876769,0.090609,85.3 -68.876606,0.090455,84.6 -68.876021,0.089967,83.7 -68.875477,0.089536,82.9 -68.875156,0.089252,83.4 -68.874752,0.088876,83.3 -68.874561,0.088679,82.9 -68.874381,0.088475,82.5 -68.874168,0.088203,82.8 -68.873982,0.087912,82.8 -68.873667,0.087302,82.3 -68.873497,0.086907,82.8 -68.873403,0.086716,83.5 -68.872835,0.085655,84.8 -68.872723,0.085487,84.4 -68.872531,0.085265,84.2 -68.872358,0.085108,84.9 -68.872005,0.08485,85.0 -68.871531,0.084531,85.7 -68.870878,0.084164,86.0 -68.870623,0.084048,86.3 -68.870368,0.083955,86.5 -68.870115,0.083846,85.9 -68.869921,0.083745,85.3 -68.869673,0.083644,86.0 -68.869614,0.083637,85.3 -68.869899,0.08374,84.0 -68.869158,0.083487,85.4 -68.868885,0.083425,85.5 -68.8683,0.083332,85.8 -68.867983,0.083264,85.3 -68.867833,0.083247,85.9 -68.867431,0.083169,85.8 -68.867041,0.08307,86.1 -68.866756,0.083026,86.7 -68.866574,0.082967,87.1 -68.865908,0.082789,86.3 -68.865456,0.08262,86.1 -68.865711,0.082711,84.0 -68.864986,0.082352,86.0 -68.8648,0.082208,85.8 -68.8647,0.082112,86.0 -68.864587,0.08195,85.5 -68.864491,0.081838,86.2 -68.864268,0.081477,86.2 -68.864164,0.081238,85.5 -68.86408,0.080976,85.7 -68.864029,0.080646,85.7 -68.864027,0.080376,85.6 -68.864058,0.080114,85.1 -68.864112,0.079838,85.4 -68.86423,0.07943,85.4 -68.864319,0.079159,85.2 -68.864488,0.078708,85.4 -68.864388,0.078989,84.0 -68.864575,0.078361,85.9 -68.864596,0.07808,85.4 -68.864597,0.077904,85.7 -68.864572,0.077842,85.4 -68.86453,0.077606,85.4 -68.86448,0.077468,85.9 -68.864409,0.077328,85.5 -68.864326,0.077202,85.3 -68.864277,0.077142,85.9 -68.864112,0.076995,85.5 -68.863989,0.07693,85.7 -68.863859,0.076845,86.1 -68.863609,0.076724,85.2 -68.863545,0.076708,86.2 -68.863481,0.076676,85.4 -68.863193,0.076616,85.7 -68.863048,0.076601,85.7 -68.862756,0.07663,85.7 -68.862611,0.076673,85.5 -68.862476,0.07673,85.6 -68.861498,0.077275,85.1 -68.861763,0.077132,84.0 -68.861188,0.07743,85.1 -68.860874,0.07756,85.3 -68.860423,0.077693,84.9 -68.859952,0.077771,85.2 -68.859678,0.077775,84.7 -68.859137,0.077733,84.1 -68.858875,0.077686,84.2 -68.858557,0.077582,84.3 -68.858381,0.077492,84.1 -68.858212,0.077383,84.2 -68.857801,0.077039,83.9 -68.858024,0.077223,80.0 -68.857413,0.076582,83.5 -68.85733,0.076479,83.5 -68.857146,0.076191,84.0 -68.857002,0.075891,84.4 -68.856968,0.075758,84.2 -68.85694,0.075561,83.9 -68.856931,0.075425,83.8 -68.856946,0.075231,84.1 -68.85701,0.074904,84.3 -68.857073,0.074719,84.2 -68.857161,0.074544,84.4 -68.857309,0.074335,84.4 -68.857526,0.074081,84.5 -68.857862,0.073751,84.4 -68.858375,0.073293,84.5 -68.859084,0.072716,84.2 -68.859298,0.072513,84.3 -68.859348,0.072459,84.4 -68.859479,0.072275,84.2 -68.85958,0.072072,84.7 -68.859664,0.071788,84.4 -68.859708,0.071579,85.0 -68.859728,0.071224,85.2 -68.859713,0.071004,84.7 -68.85966,0.070789,85.2 -68.859633,0.070724,85.0 -68.859518,0.07052,85.7 -68.859434,0.070405,85.7 -68.859333,0.070297,85.4 -68.859159,0.070162,85.9 -68.858908,0.070031,85.4 -68.858638,0.069927,85.6 -68.858433,0.069865,85.9 -68.858007,0.069762,85.0 -68.857725,0.06971,85.2 -68.857447,0.069677,85.1 -68.856803,0.069674,85.7 -68.856528,0.069685,86.3 -68.856324,0.069675,86.0 -68.856119,0.069679,85.3 -68.8559,0.069665,85.8 -68.854798,0.069694,85.7 -68.854176,0.06968,86.0 -68.854281,0.069683,86.0 -68.853558,0.069633,86.4 -68.852955,0.06954,86.5 -68.852471,0.06948,86.4 -68.851065,0.069231,86.3 -68.85078,0.069193,86.1 -68.850651,0.069164,86.8 -68.850522,0.069154,86.4 -68.850243,0.069102,85.7 -68.850105,0.069091,86.7 -68.849769,0.069037,86.4 -68.849935,0.069069,84.0 -68.849209,0.068983,85.8 -68.848016,0.069012,84.9 -68.84733,0.069058,85.0 -68.846649,0.069151,86.3 -68.845443,0.069386,86.2 -68.845532,0.06935,86.4 -68.845167,0.069429,86.4 -68.844684,0.069498,86.1 -68.843721,0.069593,86.1 -68.843385,0.069609,86.2 -68.842978,0.069587,86.1 -68.842703,0.069551,85.1 -68.842011,0.069432,84.1 -68.84125,0.069341,84.5 -68.840987,0.069295,84.0 -68.839844,0.068869,84.9 -68.839448,0.068712,85.0 -68.839478,0.068822,85.6 -68.839315,0.068665,85.3 -68.838783,0.068507,85.5 -68.838437,0.068433,85.4 -68.83796,0.068345,85.2 -68.837746,0.068315,85.6 -68.837322,0.068289,85.5 -68.837028,0.068311,85.3 -68.836816,0.068354,84.8 -68.836601,0.068415,85.2 -68.836821,0.06836,84.0 -68.83614,0.068627,85.1 -68.835567,0.068881,86.1 -68.835315,0.069003,85.7 -68.835064,0.06915,85.1 -68.83471,0.069418,85.5 -68.834449,0.069669,85.7 -68.834299,0.069841,85.9 -68.834121,0.070072,85.5 -68.833737,0.070645,84.1 -68.833258,0.071429,84.3 -68.832943,0.071893,85.0 -68.832679,0.072213,84.7 -68.832584,0.072313,84.4 -68.832275,0.072581,85.3 -68.832165,0.072655,85.5 -68.83199,0.072748,85.3 -68.831804,0.072821,85.4 -68.831609,0.072866,85.6 -68.831479,0.072883,86.1 -68.831217,0.072873,84.9 -68.830967,0.072807,85.0 -68.830789,0.07273,84.6 -68.830524,0.072545,84.4 -68.830429,0.072456,84.7 -68.830351,0.072359,84.9 -68.830218,0.072141,84.4 -68.830161,0.072023,84.6 -68.830097,0.071835,84.6 -68.830219,0.07211,84.0 -68.830018,0.07138,85.2 -68.829991,0.070751,85.1 -68.829976,0.070679,85.2 -68.829966,0.070245,86.3 -68.829943,0.070033,86.1 -68.829952,0.069683,86.6 -68.830073,0.069217,86.8 -68.830205,0.068895,86.2 -68.830513,0.06831,84.3 -68.830796,0.06783,85.3 -68.830905,0.067657,85.2 -68.830743,0.067925,85.2 -68.831017,0.067482,85.7 -68.831225,0.067216,85.3 -68.831413,0.067021,84.7 -68.831614,0.066844,84.3 -68.831941,0.066618,84.7 -68.832233,0.066458,84.7 -68.832603,0.066313,85.5 -68.834056,0.065934,85.0 -68.834933,0.065761,85.3 -68.835347,0.065696,84.8 -68.835557,0.065647,85.5 -68.835759,0.065586,85.9 -68.836036,0.065473,85.4 -68.836219,0.065369,85.4 -68.836347,0.065278,85.4 -68.836722,0.06495,86.3 -68.836974,0.064698,86.7 -68.837202,0.064438,87.1 -68.837327,0.064266,86.5 -68.837404,0.064139,87.0 -68.837543,0.063875,87.2 -68.837653,0.063597,86.7 -68.837696,0.063457,86.9 -68.837735,0.063243,86.7 -68.837793,0.062732,85.5 -68.837801,0.06231,85.7 -68.837785,0.062098,86.6 -68.837675,0.06168,86.8 -68.837546,0.061352,86.4 -68.837178,0.060678,86.5 -68.837001,0.060378,87.0 -68.836759,0.060035,85.7 -68.83667,0.059928,86.2 -68.836337,0.05958,86.4 -68.83611,0.059402,86.5 -68.83592,0.059294,86.6 -68.836189,0.059475,86.0 -68.835725,0.059217,86.4 -68.835455,0.059138,85.9 -68.835094,0.059065,86.1 -68.834488,0.058966,85.5 -68.834142,0.058926,85.6 -68.833875,0.058912,86.2 -68.833582,0.058918,85.9 -68.833362,0.058943,86.0 -68.833076,0.059006,85.7 -68.832663,0.059146,85.3 -68.832334,0.059308,84.9 -68.832198,0.059395,86.4 -68.831718,0.059668,86.5 -68.831478,0.059827,87.3 -68.831064,0.060066,86.2 -68.831332,0.059915,86.6 -68.83094,0.060124,86.7 -68.83063,0.060251,86.5 -68.830404,0.060327,86.4 -68.830188,0.060373,86.5 -68.829947,0.06039,86.2 -68.829768,0.060374,86.6 -68.829591,0.060336,86.3 -68.829362,0.060247,86.3 -68.829259,0.060183,86.2 -68.829168,0.060103,86.6 -68.82897,0.059861,86.5 -68.828753,0.059519,87.4 -68.828663,0.059333,87.6 -68.828552,0.059011,87.2 -68.828502,0.058816,87.3 -68.828563,0.059012,86.0 -68.828455,0.058544,87.1 -68.828453,0.058281,86.4 -68.828468,0.058076,87.3 -68.82852,0.057808,86.3 -68.828657,0.057434,86.6 -68.828917,0.056955,85.9 -68.829036,0.056772,85.9 -68.829163,0.0566,86.1 -68.829295,0.056444,85.9 -68.829569,0.05615,86.0 -68.830204,0.055532,86.2 -68.830254,0.055468,86.7 -68.830306,0.055423,86.8 -68.830651,0.055056,85.1 -68.831185,0.054515,83.8 -68.831421,0.054259,83.3 -68.831599,0.054042,83.0 -68.831763,0.053809,82.1 -68.831892,0.053548,82.1 -68.831933,0.053414,81.8 -68.831944,0.053347,81.8 -68.831954,0.053212,82.0 -68.831934,0.053015,81.8 -68.831892,0.052898,81.9 -68.831863,0.052848,81.4 -68.831785,0.052757,81.4 -68.831643,0.052666,80.9 -68.831481,0.052605,81.4 -68.831359,0.052574,81.6 -68.831029,0.052513,82.2 -68.830478,0.05244,82.2 -68.82999,0.052358,83.1 -68.829329,0.052217,83.5 -68.828881,0.052062,83.1 -68.828652,0.051935,83.0 -68.828506,0.051818,83.1 -68.828382,0.051676,83.0 -68.828242,0.05146,83.3 -68.828133,0.051226,84.1 -68.827967,0.050715,83.0 -68.827828,0.050325,82.4 -68.827604,0.049765,81.4 -68.827385,0.049264,81.0 -68.827203,0.048956,80.7 -68.827076,0.04878,80.6 -68.82698,0.048671,80.7 -68.826871,0.048573,80.8 -68.826758,0.04849,80.7 -68.826571,0.048394,80.7 -68.826373,0.048332,80.4 -68.826026,0.048268,81.1 -68.825814,0.048243,81.3 -68.825118,0.048213,82.2 -68.824917,0.048183,82.6 -68.824135,0.047988,82.1 -68.823563,0.047801,82.5 -68.823102,0.047664,82.4 -68.8225,0.047524,82.4 -68.822221,0.047484,82.4 -68.821871,0.047461,82.9 -68.821805,0.047466,82.1 -68.821524,0.047451,81.9 -68.821176,0.047492,82.2 -68.820463,0.047667,83.3 -68.820257,0.047694,83.8 -68.819994,0.047688,83.8 -68.819912,0.047701,84.2 -68.819696,0.047708,84.8 -68.819316,0.047704,85.7 -68.819172,0.047722,85.2 -68.818771,0.047719,85.3 -68.818304,0.047676,85.0 -68.818108,0.047637,85.0 -68.817762,0.047604,86.0 -68.817617,0.047575,85.4 -68.817494,0.04758,84.6 -68.817349,0.047543,83.9 -68.817069,0.047515,84.9 -68.817,0.047493,84.6 -68.816802,0.047456,84.6 -68.816381,0.047389,85.0 -68.815776,0.047267,85.4 -68.815298,0.047188,85.7 -68.814899,0.047103,85.1 -68.814423,0.047025,84.6 -68.813766,0.04689,84.9 -68.813046,0.046705,84.9 -68.812725,0.046609,84.9 -68.812353,0.046475,84.0 -68.812053,0.046338,84.0 -68.811886,0.046238,84.0 -68.811738,0.04612,83.8 -68.811475,0.045843,84.1 -68.811628,0.045994,84.2 -68.811177,0.045291,83.9 -68.811143,0.045167,84.0 -68.811124,0.045042,83.5 -68.811116,0.044909,83.7 -68.811124,0.044707,83.6 -68.811171,0.04446,82.6 -68.811372,0.043879,83.5 -68.81154,0.043506,83.2 -68.811785,0.043007,83.1 -68.81192,0.042772,83.8 -68.81215,0.042432,83.3 -68.812536,0.041774,83.7 -68.812642,0.041498,83.5 -68.812671,0.041362,83.3 -68.812677,0.041147,82.8 -68.812661,0.041006,82.8 -68.812624,0.040875,82.0 -68.812506,0.040628,82.1 -68.81243,0.040509,82.5 -68.812289,0.040355,82.5 -68.812124,0.04024,82.8 -68.812006,0.040187,82.2 -68.811751,0.0401,81.4 -68.811479,0.040041,80.4 -68.811271,0.040001,81.5 -68.811062,0.03998,80.1 -68.81084,0.03998,79.9 -68.810692,0.039994,80.4 -68.810399,0.040046,80.2 -68.810254,0.04009,80.0 -68.809976,0.040203,80.2 -68.809779,0.040304,80.1 -68.809528,0.040457,80.9 -68.809179,0.040703,80.5 -68.808907,0.04093,80.8 -68.808286,0.041493,82.1 -68.807703,0.041994,82.2 -68.807644,0.042032,83.3 -68.807389,0.04224,82.1 -68.807224,0.042353,81.5 -68.80641,0.042862,80.9 -68.806049,0.043072,80.8 -68.804471,0.043936,80.8 -68.803872,0.044276,80.7 -68.802461,0.045129,80.4 -68.801588,0.045681,80.2 -68.801249,0.045916,80.0 -68.800918,0.046173,80.0 -68.800547,0.046488,80.0 -68.799769,0.047182,80.0 -68.799165,0.04774,79.6 -68.798799,0.048035,80.0 -68.798452,0.048256,80.3 -68.798212,0.048357,79.5 -68.797829,0.048469,79.9 -68.797637,0.048506,79.4 -68.797438,0.04853,78.5 -68.797244,0.048532,77.9 -68.797047,0.04852,78.9 -68.796793,0.048468,78.5 -68.796488,0.048355,78.2 -68.796316,0.048262,78.3 -68.796157,0.048151,78.2 -68.795964,0.047979,78.4 -68.795794,0.047782,78.7 -68.79572,0.047677,78.7 -68.795622,0.047509,78.6 -68.795539,0.047328,78.5</coordinates>
                </LineString>
                <LineString id="12">
                    <extrude>0</extrude>
                    <altitudeMode>clampToGround</altitudeMode>
                    <coordinates>-68.795431,0.047076,78.5 -68.795333,0.04682,78.6 -68.795209,0.046434,78.5 -68.79514,0.046172,79.2 -68.795029,0.045643,78.7 -68.794938,0.044962,78.8 -68.794863,0.044066,78.5 -68.794844,0.043251,78.0 -68.79485,0.042979,77.7 -68.79496,0.040928,77.8 -68.794962,0.040369,77.3 -68.794923,0.039883,77.4 -68.79488,0.039672,77.4 -68.794747,0.039263,77.5 -68.794633,0.039002,77.6 -68.794476,0.038763,77.7 -68.79428,0.038556,77.9 -68.794059,0.038379,77.8 -68.793883,0.038262,77.8 -68.793639,0.038126,77.6 -68.793448,0.038039,77.7 -68.793118,0.037923,78.2 -68.792851,0.037849,78.1 -68.791995,0.037658,78.8 -68.791794,0.037621,78.3 -68.79139,0.037568,78.7 -68.790977,0.03754,79.0 -68.790489,0.037538,79.8 -68.789336,0.037611,79.0 -68.789215,0.037632,79.3 -68.789056,0.037627,78.9 -68.788797,0.037648,79.2 -68.788729,0.037644,79.1 -68.788587,0.037666,79.7 -68.787845,0.037709,80.8 -68.787373,0.037755,81.7 -68.787045,0.037773,81.9 -68.78691,0.037771,81.7 -68.786644,0.037747,81.7 -68.786186,0.037654,82.9 -68.785877,0.037558,81.6 -68.78563,0.037459,81.0 -68.785679,0.037469,81.4 -68.785068,0.037136,80.9 -68.784825,0.036916,81.6 -68.784549,0.03662,81.5 -68.78388,0.035845,82.7 -68.783502,0.035367,82.4 -68.78321,0.03502,81.6 -68.782981,0.034714,81.3 -68.782798,0.03444,80.8 -68.782921,0.034618,80.0 -68.782555,0.034039,80.7 -68.782198,0.033386,81.4 -68.782082,0.033205,81.0 -68.781959,0.033043,81.2 -68.781815,0.032884,80.9 -68.781704,0.032787,81.1 -68.781591,0.03271,81.0 -68.781414,0.032629,80.7 -68.780947,0.032528,81.5 -68.780733,0.032494,80.0 -68.780566,0.032487,80.5 -68.780466,0.032499,80.6 -68.780314,0.032538,80.0 -68.780169,0.032611,80.1 -68.780088,0.032671,80.0 -68.780011,0.032747,80.3 -68.779941,0.032863,80.1 -68.779881,0.033014,80.0 -68.779871,0.033099,80.0 -68.779879,0.033169,78.0 -68.779898,0.033197,78.0 -68.779929,0.033218,78.0 -68.780042,0.033245,64.0 -68.780011,0.033193,76.0 -68.779881,0.033113,75.0 -68.779825,0.033093,76.0 -68.779784,0.033097,78.0 -68.779792,0.033273,78.8 -68.779781,0.03334,78.0 -68.779566,0.033838,79.3 -68.779387,0.034203,79.7 -68.779122,0.03467,80.4 -68.778994,0.034868,80.5 -68.778846,0.035063,79.8 -68.778627,0.035289,79.7 -68.778446,0.035443,80.2 -68.778122,0.035673,80.9 -68.777853,0.035844,81.0 -68.777231,0.036202,81.3 -68.776975,0.036387,80.4 -68.776731,0.036591,80.9 -68.7765,0.036821,80.3 -68.776356,0.037011,80.2 -68.776158,0.037355,79.7 -68.776097,0.0375,80.3 -68.775818,0.038344,81.7 -68.775573,0.039157,81.5 -68.775213,0.040142,78.2 -68.775098,0.040383,78.0 -68.775001,0.04056,78.0 -68.774852,0.040775,78.3 -68.774677,0.040967,78.3 -68.774267,0.041337,79.3 -68.773994,0.041531,79.2 -68.773697,0.041678,79.8 -68.773181,0.041879,78.2 -68.772917,0.041963,77.4 -68.772646,0.042033,77.4 -68.771746,0.042218,76.9 -68.770232,0.042472,77.1 -68.770018,0.042536,76.9 -68.769738,0.042654,76.7 -68.769477,0.042808,76.9 -68.769293,0.042949,77.0 -68.769184,0.043053,77.0 -68.769082,0.043167,77.2 -68.768943,0.043351,77.4 -68.768819,0.04354,77.4 -68.768787,0.043608,77.8 -68.768683,0.043909,77.1 -68.768633,0.044145,78.1 -68.768606,0.044386,78.2 -68.768593,0.044696,78.8 -68.768597,0.044925,78.7 -68.768624,0.045233,79.3 -68.768657,0.045454,79.1 -68.768724,0.045759,80.4 -68.768865,0.046259,80.0 -68.769086,0.046936,79.3 -68.76973,0.048646,79.0 -68.769904,0.049184,78.6 -68.770041,0.049725,79.2 -68.77012,0.050133,79.5 -68.770144,0.050462,79.0 -68.770122,0.050722,79.3 -68.77008,0.050915,79.6 -68.770009,0.051092,79.7 -68.769941,0.051205,80.4 -68.769825,0.051346,80.0 -68.769724,0.05142,79.8 -68.769557,0.051502,80.4 -68.769438,0.051531,79.7 -68.769242,0.051536,80.0 -68.769115,0.051516,79.9 -68.768929,0.051457,79.7 -68.768638,0.051308,79.8 -68.768411,0.051147,80.0 -68.768088,0.05088,81.0 -68.766018,0.048997,79.2 -68.764184,0.047297,80.2 -68.763793,0.046898,80.0 -68.763424,0.046482,81.0 -68.763024,0.045999,80.5 -68.762681,0.045547,81.4 -68.762241,0.044907,81.0 -68.761913,0.044376,79.2 -68.761205,0.043153,78.5 -68.760099,0.041285,78.3 -68.759872,0.040856,78.4 -68.759613,0.040286,78.2 -68.75934,0.039566,78.4 -68.759071,0.038687,78.0 -68.7588,0.037732,78.0 -68.758594,0.03691,77.5 -68.75845,0.036216,77.7 -68.758307,0.035307,77.6 -68.757953,0.031917,77.4 -68.757909,0.031566,77.2 -68.75784,0.031205,77.1 -68.757718,0.030778,77.4 -68.75761,0.030495,77.4 -68.757471,0.030219,77.5 -68.757392,0.030087,77.7 -68.75726,0.029901,77.6 -68.757059,0.029668,77.4 -68.756834,0.029457,77.9 -68.756574,0.029285,78.7 -68.756294,0.02915,78.3 -68.756078,0.029073,78.7 -68.755859,0.029011,78.8 -68.75556,0.028956,78.7 -68.755263,0.028932,78.7 -68.755108,0.028941,78.6 -68.754882,0.028976,78.5 -68.754731,0.029014,78.6 -68.754576,0.029061,78.2 -68.754435,0.029123,78.7 -68.754229,0.029231,78.7 -68.754032,0.029349,78.8 -68.753842,0.029477,78.7 -68.753603,0.029661,78.3 -68.753112,0.0301,79.5 -68.752815,0.030439,78.4 -68.752492,0.030853,78.6 -68.752202,0.031282,78.6 -68.751512,0.03244,78.8 -68.750375,0.034305,78.6 -68.750148,0.034654,79.5 -68.749894,0.034987,79.1 -68.749541,0.035417,78.4 -68.749272,0.035735,78.1 -68.748987,0.036032,77.4 -68.748412,0.036527,77.8 -68.747969,0.036848,77.7 -68.747623,0.03708,77.3 -68.747269,0.037296,77.8 -68.746913,0.037498,77.9 -68.746546,0.037688,77.6 -68.74648,0.037712,77.8 -68.745859,0.038016,78.2 -68.745675,0.038116,77.6 -68.745432,0.038266,77.4 -68.745374,0.038311,77.5 -68.745034,0.038594,77.6 -68.744934,0.0387,77.7 -68.744796,0.038876,77.7 -68.744671,0.039064,77.3 -68.744333,0.039692,77.9 -68.744184,0.040018,77.7 -68.744056,0.040362,76.8 -68.743908,0.040928,76.8 -68.743821,0.041434,76.6 -68.743782,0.041807,78.0 -68.743736,0.042462,79.4 -68.743697,0.042813,79.4 -68.743626,0.043217,78.9 -68.743573,0.043409,79.1 -68.743446,0.043713,79.0 -68.743272,0.04399,78.9 -68.743101,0.044187,78.9 -68.742956,0.044317,78.7 -68.742852,0.044393,78.5 -68.74263,0.044518,78.5 -68.742392,0.044606,78.7 -68.742,0.044683,78.7 -68.741457,0.04475,78.4 -68.741046,0.04477,78.4 -68.740776,0.044769,78.4 -68.740371,0.044737,78.4 -68.739887,0.044668,78.6 -68.73934,0.044563,79.3 -68.738581,0.044401,79.2 -68.738366,0.044365,79.1 -68.737935,0.044317,79.0 -68.73758,0.044292,79.0 -68.73716,0.044286,79.7 -68.736751,0.044296,79.1 -68.7358,0.044357,78.7 -68.734422,0.044478,77.6 -68.73393,0.04454,77.3 -68.733381,0.044624,78.0 -68.732828,0.044689,78.8 -68.73234,0.04473,79.1 -68.731932,0.044731,79.3 -68.73153,0.044696,79.8 -68.731198,0.044629,78.9 -68.730804,0.044525,78.5 -68.73048,0.044417,78.5 -68.730105,0.044255,78.8 -68.729683,0.044031,79.0 -68.728783,0.043481,79.0 -68.728429,0.043236,79.3 -68.728085,0.042982,79.1 -68.727853,0.042794,80.0 -68.72781,0.042743,78.7 -68.727494,0.042467,79.5 -68.727147,0.042118,79.9 -68.727094,0.042075,80.5 -68.726663,0.04161,80.5 -68.726488,0.041403,80.2 -68.726098,0.040911,77.9 -68.725697,0.040345,78.8 -68.725501,0.040052,78.4 -68.725241,0.039643,77.9 -68.725102,0.039404,78.6 -68.724635,0.038549,78.0 -68.724387,0.038051,77.6 -68.724119,0.037439,77.3 -68.724039,0.03716,78.3 -68.723992,0.037081,78.3 -68.723882,0.036822,78.9 -68.723735,0.036352,79.1 -68.723548,0.035825,79.1 -68.723375,0.035219,79.9 -68.723346,0.035147,79.6 -68.723268,0.034815,79.9 -68.723238,0.034619,79.2 -68.723201,0.034208,78.6 -68.72313,0.033149,78.5 -68.723138,0.033097,75.0 -68.723106,0.032535,78.5 -68.723114,0.032258,79.1 -68.723135,0.03212,78.8 -68.723159,0.03176,78.7 -68.723266,0.03092,79.5 -68.723383,0.030222,80.0 -68.723474,0.029813,79.9 -68.723621,0.029265,79.8 -68.723692,0.029068,79.6 -68.723784,0.028741,79.1 -68.724025,0.028076,79.7 -68.724102,0.027893,80.0 -68.724137,0.027751,80.1 -68.724207,0.027537,80.5 -68.724272,0.027399,81.1 -68.72429,0.027323,81.2 -68.724456,0.026948,81.7 -68.724474,0.026881,81.6 -68.724536,0.026744,81.8 -68.724598,0.026529,82.0 -68.724701,0.026266,81.9 -68.724857,0.025706,80.7 -68.724958,0.025286,79.9 -68.725005,0.02492,80.4 -68.725018,0.024624,80.0 -68.725001,0.024326,79.1 -68.724988,0.024252,78.6 -68.724978,0.024288,78.0 -68.724937,0.024106,78.8 -68.724903,0.023883,79.2 -68.72486,0.023736,79.5 -68.724773,0.023533,79.5 -68.724625,0.023272,79.6 -68.724499,0.023085,79.9 -68.724251,0.022799,79.6 -68.72414,0.022693,80.2 -68.723853,0.022462,79.7 -68.723676,0.022335,79.3 -68.72343,0.022179,79.0 -68.723196,0.022046,78.6 -68.722847,0.021894,78.8 -68.722633,0.02183,78.2 -68.722337,0.021774,78.0 -68.72197,0.021751,78.0 -68.72175,0.02175,78.0 -68.721461,0.021761,78.0 -68.721243,0.021782,78.2 -68.721022,0.021822,78.8 -68.720806,0.021875,78.5 -68.720454,0.021997,78.7 -68.72025,0.022093,78.8 -68.720052,0.022201,78.9 -68.719742,0.022413,79.0 -68.719512,0.022606,79.2 -68.719451,0.022644,79.5 -68.718869,0.023213,79.0 -68.71858,0.023544,78.6 -68.717408,0.025076,78.5 -68.716995,0.025566,79.4 -68.716613,0.025982,80.0 -68.716465,0.026127,80.6 -68.716199,0.026339,80.2 -68.715974,0.026485,79.5 -68.715675,0.026642,78.8 -68.715298,0.026795,78.4 -68.714565,0.027029,78.3 -68.714504,0.027056,77.2 -68.714299,0.027103,77.0 -68.713548,0.027306,78.2 -68.712093,0.02762,80.2 -68.711678,0.027737,80.3 -68.711212,0.027922,79.2 -68.710643,0.0282,78.4 -68.710143,0.028477,78.8 -68.709556,0.028856,78.3 -68.70913,0.029111,78.3 -68.708665,0.029412,77.5 -68.706976,0.030437,77.5 -68.706607,0.030639,77.2 -68.706362,0.030752,77.7 -68.706108,0.030855,78.6 -68.705712,0.03097,78.1 -68.70538,0.031037,79.0 -68.704994,0.031058,78.7 -68.704867,0.031049,77.9 -68.704739,0.031026,77.4 -68.704491,0.030946,77.6 -68.70404,0.030764,77.7 -68.703605,0.030555,78.8 -68.703058,0.030255,78.9 -68.702632,0.029997,80.1 -68.702469,0.029879,78.0 -68.702004,0.029483,79.3 -68.70175,0.029171,79.6 -68.701596,0.028951,79.2 -68.701421,0.028659,79.0 -68.701306,0.028413,79.0 -68.701095,0.0279,78.8 -68.700953,0.027507,79.6 -68.700804,0.026968,79.6 -68.700547,0.025801,79.4 -68.700471,0.025388,79.7 -68.700374,0.024693,80.0 -68.700307,0.02407,79.8 -68.700265,0.023788,80.3 -68.700165,0.023302,79.6 -68.700055,0.022891,80.1 -68.699955,0.022611,80.8 -68.699867,0.022408,79.8 -68.699806,0.022275,80.0 -68.699634,0.021958,78.9 -68.699354,0.021526,78.8 -68.699077,0.021182,78.9 -68.69876,0.020872,79.4 -68.69873,0.020815,78.7 -68.698669,0.020774,79.4 -68.698592,0.020747,79.4 -68.698205,0.02051,79.9 -68.69788,0.020333,79.2 -68.697657,0.020262,79.6 -68.69745,0.020209,79.5 -68.697164,0.020175,80.0 -68.696513,0.020168,78.6 -68.696013,0.020185,77.7 -68.695516,0.020219,78.1 -68.695238,0.02025,77.8 -68.694743,0.02033,77.9 -68.694116,0.02047,78.3 -68.692644,0.021003,78.3 -68.691672,0.021399,77.7 -68.690493,0.021849,78.0 -68.690417,0.021889,78.5 -68.690168,0.021991,79.0 -68.689342,0.022384,77.2 -68.688909,0.022613,77.2 -68.688295,0.022967,76.8 -68.688113,0.023061,77.1 -68.687397,0.023497,76.8 -68.686817,0.023893,76.3 -68.686321,0.024278,77.4 -68.685947,0.024598,77.2 -68.685527,0.024979,77.1 -68.685322,0.025179,78.1 -68.68503,0.025488,77.3 -68.68475,0.025806,77.8 -68.684527,0.026081,78.2 -68.684318,0.02636,77.0 -68.683992,0.026829,76.7 -68.683647,0.027364,77.7 -68.683791,0.027315,77.7 -68.683781,0.027438,77.7 -68.68351,0.027613,77.4 -68.683239,0.028119,78.8 -68.68301,0.028451,79.4 -68.682741,0.028757,79.4 -68.682544,0.02894,78.7 -68.681646,0.029603,79.4 -68.681357,0.029794,78.6 -68.681056,0.029959,77.7 -68.680607,0.030134,77.2 -68.680785,0.030062,75.0 -68.680141,0.030267,77.1 -68.67965,0.030377,77.0 -68.678977,0.030468,77.1 -68.67864,0.030472,77.3 -68.678384,0.030458,77.0 -68.678049,0.030401,76.5 -68.677662,0.030291,76.9 -68.677358,0.030163,77.5 -68.67693,0.029941,77.9 -68.676401,0.029613,77.9 -68.67608,0.029366,78.3 -68.675818,0.029143,78.1 -68.675116,0.028474,79.3 -68.674634,0.027975,79.3 -68.674304,0.027615,79.4 -68.673696,0.026924,79.3 -68.673454,0.026676,79.4 -68.673575,0.026807,78.0 -68.672817,0.026202,79.6 -68.672612,0.026103,79.7 -68.672151,0.02592,79.0 -68.671725,0.025783,79.4 -68.671373,0.025708,79.0 -68.671013,0.025665,78.0 -68.67065,0.025658,78.3 -68.670425,0.025673,78.4 -68.670051,0.025736,78.5 -68.669486,0.025898,78.9 -68.668948,0.026078,79.3 -68.668496,0.026253,78.5 -68.667974,0.026476,78.7 -68.666897,0.026986,78.5 -68.666085,0.027417,79.1 -68.665346,0.027854,78.7 -68.663951,0.028794,77.7 -68.662985,0.02949,77.5 -68.662539,0.029839,78.1 -68.662066,0.03025,78.2 -68.661856,0.030447,78.7 -68.661707,0.030607,78.8 -68.661488,0.030904,79.5 -68.661381,0.031095,79.2 -68.661167,0.031566,79.9 -68.661055,0.031841,78.9 -68.660947,0.032266,78.9 -68.660871,0.032697,79.1 -68.660827,0.033132,79.7 -68.660811,0.033717,79.8 -68.66083,0.035051,79.9 -68.660816,0.03555,80.1 -68.66078,0.03603,80.0 -68.660704,0.036286,80.1 -68.660584,0.036516,79.9 -68.66043,0.036735,79.6 -68.660343,0.036832,79.4 -68.660248,0.036916,79.1 -68.659974,0.037101,78.4 -68.659672,0.037263,77.5 -68.659363,0.037401,78.3 -68.659112,0.037481,79.3 -68.65905,0.03749,79.1 -68.658648,0.037601,80.0 -68.658381,0.03765,80.3 -68.658191,0.037706,80.5 -68.657849,0.037786,80.4 -68.65798,0.037757,78.0 -68.657543,0.037831,81.1 -68.657489,0.037816,80.4 -68.657266,0.037838,80.9 -68.656322,0.037844,79.1 -68.655986,0.03782,79.3 -68.655713,0.037787,79.1 -68.655306,0.037718,79.8 -68.654436,0.037514,80.0 -68.654039,0.037402,78.7 -68.653329,0.037165,77.9 -68.652613,0.03689,78.9 -68.65208,0.036703,78.4 -68.651607,0.036553,78.6 -68.651328,0.036477,78.5 -68.651114,0.036431,78.8 -68.650831,0.03639,78.8 -68.650676,0.036373,79.5 -68.650599,0.036381,79.9 -68.650527,0.036369,80.1 -68.650176,0.036361,79.1 -68.64932,0.036399,78.0 -68.648977,0.036433,77.2 -68.64891,0.036435,77.3 -68.648969,0.036425,76.0 -68.648297,0.03645,77.3 -68.64783,0.03641,77.6 -68.647495,0.036355,77.2 -68.647103,0.036243,77.1 -68.646535,0.03603,76.7 -68.645464,0.035548,77.1 -68.644114,0.03488,77.3 -68.644051,0.034835,77.0 -68.643016,0.034297,77.0 -68.641952,0.033783,76.7 -68.641586,0.033596,76.6 -68.6402,0.032983,77.1 -68.639808,0.032833,76.6 -68.639672,0.03279,76.8 -68.639129,0.032651,77.2 -68.63852,0.032521,77.4 -68.63818,0.03248,77.4 -68.637744,0.032472,77.2 -68.637524,0.032502,77.3 -68.637167,0.03262,76.9 -68.63684,0.032759,76.1 -68.636574,0.032904,76.2 -68.636329,0.033055,76.2 -68.635866,0.033385,76.6 -68.635592,0.03361,76.9 -68.635177,0.033994,76.5 -68.634886,0.034302,76.2 -68.634426,0.034831,76.6 -68.634098,0.03518,77.5 -68.633655,0.035612,76.9 -68.633401,0.035842,77.1 -68.633297,0.035923,77.4 -68.633348,0.035871,77.5 -68.632965,0.036136,77.1 -68.632906,0.036167,77.1 -68.632724,0.036235,77.3 -68.632535,0.03627,76.4 -68.632407,0.036281,76.6 -68.632076,0.036265,77.1 -68.631678,0.0362,77.4 -68.630949,0.036023,77.1 -68.629822,0.035673,76.9 -68.629423,0.03557,76.6 -68.629085,0.035494,76.7 -68.628945,0.035474,77.1 -68.629052,0.035501,76.7 -68.628654,0.035456,77.0 -68.628503,0.035458,77.7 -68.628355,0.035479,77.1 -68.628137,0.035529,77.0 -68.627856,0.035635,77.2 -68.627598,0.035785,77.0 -68.627359,0.035977,77.1 -68.627104,0.036221,76.3 -68.626822,0.036545,76.8 -68.626513,0.036926,76.7 -68.626146,0.037428,76.2 -68.625464,0.038471,77.0 -68.625231,0.038809,78.0 -68.624897,0.039256,78.0 -68.624764,0.039408,78.2 -68.624525,0.039641,78.5 -68.624368,0.03977,77.7 -68.624093,0.039955,77.0 -68.623917,0.040059,76.7 -68.623734,0.040151,76.1 -68.623614,0.040201,76.4 -68.623425,0.040263,76.5 -68.6233,0.040292,76.3 -68.623034,0.040334,75.8 -68.622767,0.040342,76.1 -68.622632,0.040334,76.0 -68.62219,0.040275,77.0 -68.621123,0.040088,76.7 -68.619183,0.039604,76.8 -68.618709,0.039504,76.7 -68.618435,0.039451,77.1 -68.617892,0.039375,77.3 -68.617528,0.039362,76.9 -68.616567,0.039399,76.9 -68.615679,0.039402,76.7 -68.615398,0.039431,77.5 -68.615049,0.039494,77.1 -68.614508,0.039635,76.5 -68.613601,0.039944,75.7 -68.61316,0.04011,74.9 -68.612059,0.0405,74.9 -68.611476,0.040696,75.2 -68.611024,0.040863,75.7 -68.610433,0.041047,75.8 -68.609961,0.04116,75.8 -68.60949,0.041252,76.5 -68.608866,0.041336,76.4 -68.608394,0.041362,76.7 -68.607564,0.041368,77.4 -68.606456,0.041337,77.6 -68.605631,0.041303,77.8 -68.604579,0.041227,77.2 -68.603337,0.041123,77.1 -68.602906,0.041109,77.4 -68.602144,0.041104,76.9 -68.60091,0.041146,77.4 -68.600504,0.041146,76.9 -68.598797,0.041112,77.0 -68.598515,0.04112,76.8 -68.597833,0.041171,77.0 -68.597356,0.041236,78.1 -68.597087,0.041284,77.7 -68.596417,0.041443,77.5 -68.595375,0.041729,76.8 -68.594518,0.042027,75.1 -68.594131,0.042178,75.4 -68.59324,0.042551,75.9 -68.592817,0.042756,75.8 -68.592391,0.042985,76.4 -68.592329,0.043022,76.8 -68.592572,0.042887,76.0 -68.591805,0.043348,77.6 -68.59129,0.043707,76.8 -68.590918,0.043999,76.6 -68.590604,0.044263,76.4 -68.590357,0.044496,76.7 -68.59007,0.044798,75.6 -68.589795,0.045117,76.2 -68.58951,0.045509,76.9 -68.589235,0.045988,76.8 -68.58935,0.045789,75.0 -68.588798,0.046851,75.7 -68.588545,0.047403,77.3 -68.588395,0.047773,77.9 -68.588211,0.048314,76.8 -68.588094,0.048708,76.2 -68.587975,0.049172,76.0 -68.587935,0.049376,76.1 -68.587858,0.049853,75.8 -68.587774,0.050678,76.7 -68.587747,0.051496,76.8 -68.587526,0.055406,77.6 -68.587468,0.055941,77.2 -68.587314,0.056526,76.4 -68.587289,0.056592,77.0 -68.58717,0.056808,76.9 -68.586911,0.057191,77.5 -68.586748,0.057401,77.5 -68.58648,0.057708,77.3 -68.586148,0.058046,77.0 -68.585894,0.058276,76.9 -68.585974,0.058214,75.0 -68.585373,0.058682,76.7 -68.584922,0.058973,76.5 -68.584632,0.059136,76.2 -68.584272,0.059316,75.8 -68.58372,0.059573,75.9 -68.583288,0.059762,75.8 -68.582978,0.059879,75.5 -68.582529,0.060021,75.4 -68.581995,0.060148,75.1 -68.581274,0.060203,76.4 -68.581011,0.060185,75.9 -68.580363,0.060062,76.9 -68.57978,0.059913,77.7 -68.579726,0.059886,77.8 -68.579593,0.059846,78.0 -68.579276,0.059725,78.2 -68.578701,0.059529,77.8 -68.577802,0.0592,78.3 -68.577863,0.059227,78.6 -68.577791,0.059204,79.0 -68.577051,0.058899,78.7 -68.575754,0.058319,78.1 -68.575445,0.058177,78.6 -68.574724,0.05782,77.7 -68.573843,0.057422,77.5 -68.573648,0.057316,77.6 -68.573743,0.057375,77.7 -68.573341,0.057195,78.6 -68.573013,0.057071,78.5 -68.572691,0.056932,78.5 -68.572548,0.056881,78.2 -68.572477,0.056866,78.5 -68.572214,0.056749,79.1 -68.572091,0.056716,78.8 -68.571658,0.056547,79.2 -68.571318,0.056454,79.1 -68.571041,0.0564,78.6 -68.570746,0.056356,79.0 -68.570114,0.056301,78.4 -68.569627,0.056279,77.8 -68.569731,0.056288,78.3 -68.568815,0.056233,78.2 -68.568001,0.056228,78.4 -68.567512,0.056272,78.0 -68.567103,0.056336,77.9 -68.566702,0.056439,77.6 -68.566109,0.056655,76.7 -68.565736,0.056817,76.6 -68.56542,0.056984,76.9 -68.565181,0.057135,77.2 -68.564743,0.057471,76.9 -68.564484,0.057684,76.7 -68.564076,0.058048,76.3 -68.563704,0.058452,76.1 -68.56358,0.058618,76.7 -68.563491,0.058719,76.5 -68.563266,0.059072,76.8 -68.56313,0.059326,77.1 -68.563053,0.059526,76.6 -68.562949,0.059878,76.4 -68.562911,0.060163,76.9 -68.562893,0.060434,76.5 -68.562891,0.06101,77.1 -68.562883,0.06109,76.9 -68.562894,0.061739,77.0 -68.562917,0.062012,77.3 -68.562971,0.062356,77.7 -68.563055,0.062701,77.6 -68.563257,0.063362,77.5 -68.563398,0.063748,77.7 -68.563514,0.064007,77.6 -68.56365,0.064259,77.6 -68.563772,0.064441,77.7 -68.563829,0.064552,77.8 -68.563917,0.064675,77.6 -68.563985,0.064797,77.7 -68.563937,0.064709,77.6 -68.564266,0.065194,77.8 -68.564574,0.065562,77.0 -68.564808,0.065812,76.5 -68.565753,0.066704,76.2 -68.566501,0.06738,75.4 -68.567119,0.067915,75.7 -68.568279,0.068946,75.2 -68.569353,0.069876,76.2 -68.56953,0.070013,75.5 -68.569561,0.070055,75.6 -68.569713,0.070187,75.6 -68.570965,0.071256,76.1 -68.571109,0.071407,77.7 -68.571178,0.071442,77.7 -68.571384,0.071608,77.7 -68.571626,0.071841,77.3 -68.571894,0.072141,77.8 -68.572093,0.072409,77.0 -68.572161,0.072528,77.0 -68.572273,0.072766,77.2 -68.572333,0.072952,76.3 -68.572361,0.073079,76.2 -68.572381,0.073271,76.0 -68.572358,0.073525,76.1 -68.572311,0.073712,76.1 -68.572263,0.073831,76.0 -68.572202,0.07394,75.9 -68.57215,0.073976,74.8 -68.572089,0.074063,74.4 -68.571983,0.074149,74.8 -68.571819,0.074254,74.8 -68.571583,0.074376,75.1 -68.571396,0.074455,75.3 -68.571015,0.074589,75.5 -68.570621,0.074681,75.4 -68.57029,0.074729,75.0 -68.570231,0.074753,73.8 -68.57016,0.074741,72.0 -68.569825,0.074749,74.7 -68.569419,0.07472,75.4 -68.568942,0.07466,75.6 -68.568674,0.074614,75.9 -68.568059,0.07449,76.2 -68.568008,0.07449,76.0 -68.567195,0.074283,76.6 -68.565946,0.073908,75.7 -68.565806,0.073874,76.1 -68.565554,0.073794,75.7 -68.565476,0.073747,75.9 -68.565414,0.073745,76.1 -68.56528,0.073709,75.5 -68.564956,0.073604,75.3 -68.564444,0.07341,75.6 -68.563481,0.073023,77.8 -68.563423,0.072989,76.7 -68.562847,0.072738,76.6 -68.562476,0.072565,76.5 -68.561859,0.072254,76.2 -68.561317,0.071939,77.3 -68.560709,0.071606,76.1 -68.560456,0.07148,76.1 -68.560392,0.071431,75.6 -68.560332,0.071417,75.8 -68.560208,0.071357,76.1 -68.559723,0.071102,75.3 -68.559604,0.071049,75.6 -68.559421,0.070934,75.7 -68.55924,0.070843,75.8 -68.558813,0.070599,76.5 -68.558631,0.070509,76.5 -68.557741,0.069986,77.0 -68.555216,0.0686,75.8 -68.555084,0.068546,75.4 -68.554978,0.068473,74.8 -68.554361,0.068167,75.6 -68.554058,0.067995,73.7 -68.553994,0.067972,73.9 -68.553936,0.067929,73.9 -68.55358,0.067721,74.6 -68.552901,0.067382,74.2 -68.552768,0.067332,74.9 -68.552417,0.067235,75.2 -68.550921,0.066901,76.3 -68.549572,0.06658,77.7 -68.548756,0.066405,79.8 -68.548684,0.066381,79.3 -68.548607,0.066372,80.2 -68.548283,0.06629,80.1 -68.548005,0.066236,81.4 -68.54769,0.066191,82.4 -68.547612,0.066168,82.0 -68.547563,0.066137,82.2 -68.547501,0.066153,82.2 -68.546687,0.066026,83.8 -68.546555,0.06603,84.4 -68.546249,0.065955,83.2 -68.54621,0.065965,84.1 -68.546131,0.065952,84.0 -68.545978,0.065904,84.7 -68.545876,0.065921,84.2 -68.545795,0.065911,84.1 -68.545687,0.065925,84.6 -68.545544,0.065899,84.4 -68.545439,0.065854,83.7 -68.545401,0.065876,83.4 -68.545376,0.065908,85.1 -68.5453,0.065901,84.3 -68.545199,0.065872,83.9 -68.54506,0.065848,84.9 -68.544991,0.065843,84.3 -68.544739,0.065881,84.7 -68.544659,0.065849,84.2 -68.544521,0.065842,84.3 -68.54447,0.065879,83.4 -68.544318,0.06588,83.1 -68.544173,0.065902,82.7 -68.544102,0.065899,82.8 -68.543749,0.065952,81.4 -68.5436,0.065955,81.7 -68.543532,0.065964,82.4 -68.543428,0.065995,82.2 -68.543225,0.066012,82.9 -68.54288,0.066059,82.9 -68.542779,0.066082,83.3 -68.542731,0.066117,83.4 -68.542821,0.066081,83.3 -68.542561,0.066135,82.6 -68.542535,0.066166,83.4 -68.542011,0.066306,84.1 -68.541934,0.06634,83.8 -68.541896,0.066369,84.1 -68.541864,0.066409,83.7 -68.541712,0.066402,83.8 -68.541512,0.06644,81.5 -68.541329,0.066511,81.0 -68.541119,0.066556,81.1 -68.541062,0.066597,80.4 -68.540974,0.066611,79.4 -68.540766,0.066678,77.7 -68.540573,0.066758,77.5 -68.540124,0.06698,77.8 -68.539092,0.067548,79.0 -68.538859,0.067688,78.8 -68.538507,0.067935,78.0 -68.538006,0.068337,77.5 -68.537949,0.068368,77.0 -68.537898,0.068432,77.2 -68.537689,0.068627,77.4 -68.537236,0.069082,77.7 -68.536997,0.069346,77.9 -68.536771,0.069624,77.8 -68.536527,0.06997,77.4 -68.536335,0.070273,77.2 -68.536167,0.07058,77.3 -68.535541,0.071823,76.3 -68.535296,0.072407,76.5 -68.535144,0.072877,77.9 -68.535006,0.073491,78.6 -68.534915,0.073972,78.4 -68.534838,0.074528,77.9 -68.534808,0.07495,77.1 -68.53481,0.075303,77.2 -68.534829,0.075652,77.0 -68.534874,0.076209,76.6 -68.534921,0.076624,76.5 -68.535027,0.077369,76.2 -68.535102,0.07778,76.3 -68.53514,0.077909,75.5 -68.535143,0.077978,76.1 -68.535193,0.078181,76.0 -68.5355,0.079642,77.8 -68.535796,0.080771,77.1 -68.536186,0.082434,76.5 -68.536435,0.083354,76.0 -68.536727,0.084638,77.3 -68.536929,0.085365,77.4 -68.537206,0.086208,77.6 -68.537314,0.086608,77.3 -68.537388,0.08701,76.9 -68.537419,0.08728,76.9 -68.537431,0.087481,76.7 -68.537433,0.087816,76.6 -68.537417,0.088217,76.5 -68.537411,0.088148,76.4 -68.537407,0.088488,77.0 -68.53735,0.089231,77.1 -68.537263,0.090042,76.9 -68.537169,0.090844,76.9 -68.537115,0.091179,77.0 -68.537035,0.091502,77.3 -68.536878,0.092007,76.9 -68.536727,0.092429,76.2 -68.536584,0.092744,77.0 -68.536328,0.09322,76.5 -68.536104,0.093553,77.3 -68.535855,0.093865,78.1 -68.53558,0.094158,78.0 -68.535382,0.094342,78.4 -68.535174,0.094512,78.6 -68.534845,0.094754,78.9 -68.534498,0.094963,78.6 -68.534133,0.095143,78.4 -68.533816,0.095269,78.0 -68.533545,0.095361,78.4 -68.533412,0.09538,78.2 -68.533354,0.095414,78.3 -68.532949,0.095491,78.3 -68.532536,0.095518,78.4 -68.53219,0.095498,77.6 -68.531981,0.095469,77.6 -68.531772,0.095428,77.8 -68.53128,0.095293,77.4 -68.530735,0.095094,76.8 -68.530329,0.094914,76.8 -68.530067,0.094779,76.8 -68.529689,0.094539,76.7 -68.529327,0.094271,76.4 -68.529023,0.094028,76.2 -68.528695,0.093726,76.5 -68.52805,0.093089,76.6 -68.527517,0.092545,76.8 -68.526949,0.091926,77.0 -68.526756,0.09169,77.5 -68.526533,0.091387,77.7 -68.525815,0.090325,78.0 -68.525275,0.089419,77.7 -68.524798,0.088654,77.8 -68.524409,0.088004,77.8 -68.523393,0.086242,77.3 -68.522401,0.084748,77.6 -68.521637,0.083733,77.2 -68.520995,0.082914,76.7 -68.52075,0.082547,76.5 -68.520449,0.082132,77.1 -68.520214,0.08184,77.7 -68.519919,0.081495,77.4 -68.519762,0.081327,77.3 -68.519105,0.080717,76.7 -68.518824,0.080477,76.9 -68.518774,0.080424,77.2 -68.517451,0.079511,75.2 -68.51702,0.079244,76.2 -68.516526,0.078961,77.1 -68.515689,0.078429,77.4 -68.514888,0.07796,77.1 -68.513844,0.077232,75.9 -68.513366,0.07692,75.5 -68.512762,0.076547,76.0 -68.512021,0.076121,76.1 -68.510984,0.075499,75.8 -68.508707,0.074075,77.0 -68.508161,0.073757,77.2 -68.507297,0.073278,77.2 -68.506872,0.073019,77.0 -68.505562,0.072172,77.0 -68.502397,0.070059,76.9 -68.502047,0.069809,77.0 -68.501442,0.069316,76.5 -68.499385,0.067422,77.7 -68.497367,0.065593,76.9 -68.497062,0.065294,77.1 -68.496419,0.064627,77.3 -68.495645,0.063792,77.8 -68.495341,0.063492,77.8 -68.494766,0.062963,77.5 -68.493143,0.061363,77.6 -68.491798,0.05999,77.6 -68.490984,0.059184,77.1 -68.490608,0.058786,77.5 -68.490236,0.058357,77.6 -68.488992,0.05698,78.0 -68.488647,0.056628,77.9 -68.488232,0.056239,77.4 -68.487809,0.055859,77.8 -68.487312,0.055452,77.9 -68.487079,0.05528,78.2 -68.486585,0.054975,77.3 -68.485769,0.054522,77.6 -68.475067,0.051137,73.5 -68.473321,0.050823,76.4 -68.472768,0.050744,76.7 -68.472076,0.050629,77.0 -68.471604,0.050527,76.8 -68.471059,0.050433,76.5 -68.470852,0.050385,77.8 -68.470788,0.050385,76.4 -68.469885,0.05024,76.6 -68.468498,0.050044,76.9 -68.46651,0.04968,77.1 -68.46589,0.049577,76.8 -68.465277,0.049445,76.9 -68.464113,0.049223,76.8 -68.464045,0.049225,75.8 -68.46329,0.049071,76.2 -68.462681,0.048925,76.5 -68.461086,0.048575,76.3 -68.461006,0.048571,75.9 -68.460948,0.048541,76.7 -68.460042,0.048343,77.4 -68.458717,0.048098,78.6 -68.457807,0.047948,77.5 -68.456696,0.04772,76.6 -68.455777,0.047581,77.2 -68.454935,0.047425,77.2 -68.454296,0.04733,77.3 -68.453526,0.047182,77.2 -68.451918,0.04691,77.2 -68.449865,0.046526,76.4</coordinates>
                </LineString>
                <LineString id="16">
                    <extrude>0</extrude>
                    <altitudeMode>clampToGround</altitudeMode>
                    <coordinates>-68.449514,0.046458,76.7 -68.448328,0.046214,76.6 -68.447411,0.046045,76.4 -68.446788,0.045905,76.0 -68.44602,0.045759,75.9 -68.444613,0.045464,76.3 -68.443078,0.045092,76.3 -68.442391,0.044897,76.4 -68.441371,0.044565,75.9 -68.440416,0.044287,76.1 -68.439095,0.043878,74.8 -68.439027,0.043833,75.4 -68.438815,0.043793,75.1 -68.438208,0.043609,74.9 -68.437584,0.043454,77.3 -68.436969,0.043286,76.9 -68.436492,0.043178,76.8 -68.435244,0.042867,77.7 -68.43463,0.042703,77.0 -68.433876,0.042525,76.6 -68.432796,0.04223,75.9 -68.431525,0.041841,76.0 -68.431241,0.041763,77.3 -68.431099,0.041737,77.3 -68.430502,0.041575,76.0 -68.429699,0.041327,75.4 -68.427245,0.040698,76.9 -68.42562,0.040272,77.2 -68.425423,0.04021,77.1 -68.425356,0.040196,77.9 -68.4252,0.040204,77.8 -68.42515,0.040146,77.6 -68.423688,0.03968,76.9 -68.422234,0.039199,76.2 -68.422103,0.039146,76.1 -68.421832,0.039075,76.3 -68.421763,0.039051,75.9 -68.421675,0.039,76.9 -68.421617,0.039003,76.8 -68.421555,0.038986,76.6 -68.42103,0.038813,76.6 -68.419628,0.038396,75.9 -68.418212,0.038032,75.9 -68.416944,0.037762,76.3 -68.416476,0.037641,77.1 -68.415603,0.037384,77.0 -68.414528,0.037027,76.4 -68.414386,0.036994,76.7 -68.413909,0.036828,77.2 -68.41281,0.036472,77.6 -68.412331,0.036324,77.2 -68.411423,0.03607,77.7 -68.409839,0.03558,77.3 -68.409482,0.035479,77.7 -68.409426,0.03545,77.5 -68.408111,0.035047,77.4 -68.407633,0.034879,77.0 -68.40741,0.034817,77.3 -68.406806,0.034598,77.5 -68.40534,0.034135,77.2 -68.405012,0.03401,77.2 -68.404163,0.033627,77.6 -68.403497,0.033376,77.7 -68.402917,0.033121,77.6 -68.401793,0.032524,77.7 -68.400716,0.031994,77.6 -68.400413,0.031823,78.7 -68.399842,0.031533,78.3 -68.399464,0.031329,79.7 -68.398906,0.031017,78.7 -68.398592,0.030882,77.1 -68.397846,0.030473,77.0 -68.397053,0.029978,77.5 -68.396479,0.029585,76.9 -68.395801,0.029081,76.9 -68.395109,0.028589,76.0 -68.394459,0.028181,76.0 -68.393577,0.027685,76.2 -68.392669,0.027124,77.3 -68.391975,0.026724,77.5 -68.391513,0.026444,77.1 -68.391439,0.026418,77.1 -68.391279,0.026308,77.0 -68.390925,0.026105,76.8 -68.39077,0.025997,75.7 -68.390699,0.025969,76.7 -68.389359,0.025296,79.7 -68.388965,0.02513,79.0 -68.388938,0.025099,77.4 -68.38878,0.025051,77.2 -68.38818,0.024829,76.8 -68.386854,0.024313,76.4 -68.386722,0.024282,78.1 -68.386516,0.024201,77.3 -68.385976,0.02402,76.7 -68.384694,0.023626,76.3 -68.384617,0.023614,76.7 -68.382927,0.023158,76.2 -68.380311,0.022381,76.8 -68.37971,0.022243,76.7 -68.379027,0.022131,77.0 -68.378763,0.022061,77.3 -68.378504,0.021971,77.1 -68.378611,0.02202,75.0 -68.378136,0.021794,77.2 -68.377608,0.021469,76.9 -68.377166,0.021248,76.9 -68.376764,0.021101,76.5 -68.376351,0.02099,77.0 -68.374974,0.020495,75.5 -68.373966,0.020153,76.0 -68.373425,0.019982,77.5 -68.372496,0.019658,77.0 -68.371629,0.019369,77.1 -68.370415,0.019005,77.7 -68.369467,0.01874,77.0 -68.367953,0.018351,77.4 -68.367348,0.018162,77.1 -68.366611,0.017895,76.9 -68.365891,0.017586,77.1 -68.36531,0.017313,77.4 -68.364995,0.017154,76.9 -68.363979,0.016614,77.7 -68.363736,0.016469,77.0 -68.36342,0.0163,77.0 -68.361748,0.015443,76.7 -68.361178,0.015136,76.8 -68.360236,0.014574,76.9 -68.359407,0.014116,76.4 -68.359171,0.013956,76.4 -68.358591,0.013519,77.3 -68.358064,0.01315,76.4 -68.357639,0.012876,76.7 -68.355596,0.011678,75.5 -68.354708,0.011206,76.2 -68.354202,0.010954,76.6 -68.353329,0.0105,76.8 -68.35245,0.010081,76.9 -68.351134,0.009436,77.2 -68.350446,0.00912,76.9 -68.350058,0.008969,77.1 -68.34966,0.008845,77.9 -68.348272,0.008356,76.7 -68.348021,0.008276,76.7 -68.347769,0.00818,76.8 -68.346073,0.007598,76.5 -68.343992,0.006911,77.3 -68.343548,0.006772,77.4 -68.342969,0.006607,77.4 -68.341483,0.006204,77.3 -68.33914,0.005379,76.3 -68.338698,0.005207,76.5 -68.336641,0.004316,76.5 -68.335825,0.003993,77.1 -68.335202,0.003724,77.6 -68.334099,0.003167,77.8 -68.333558,0.002881,77.4 -68.33276,0.00249,76.6 -68.331202,0.001781,76.4 -68.330392,0.001395,76.3 -68.329895,0.001143,76.2 -68.329078,0.000765,76.2 -68.328129,0.000368,76.3 -68.327304,4.9e-05,75.4 -68.326789,-0.000139,75.7 -68.326296,-0.000353,75.5 -68.325082,-0.000782,75.9 -68.324517,-0.001009,76.6 -68.32324,-0.001615,76.2 -68.322827,-0.001834,76.2 -68.322545,-0.002012,75.9 -68.322269,-0.002205,75.8 -68.321924,-0.002427,75.8 -68.321249,-0.00291,76.3 -68.320621,-0.003336,76.6 -68.32001,-0.003777,76.9 -68.319513,-0.004157,77.4 -68.319007,-0.004511,77.2 -68.318473,-0.004937,76.9 -68.317872,-0.005385,76.7 -68.317747,-0.005458,77.8 -68.316963,-0.005979,76.9 -68.31669,-0.006192,77.6 -68.31635,-0.006437,78.1 -68.315588,-0.006926,78.5 -68.314857,-0.007329,79.4 -68.314668,-0.007418,79.3 -68.314348,-0.007549,79.0 -68.313719,-0.007849,78.9 -68.313336,-0.008005,78.8 -68.31281,-0.008163,78.3 -68.312493,-0.008277,77.6 -68.311736,-0.008592,77.8 -68.311551,-0.008655,77.9 -68.311456,-0.008668,77.9 -68.311406,-0.008659,76.0 -68.311361,-0.008634,76.0 -68.311334,-0.008602,76.0 -68.311316,-0.008531,76.0 -68.311336,-0.008384,78.0 -68.311316,-0.008297,78.0 -68.311358,-0.008418,78.0 -68.311391,-0.00848,78.0 -68.31144,-0.008525,76.0 -68.311475,-0.008536,72.0 -68.311412,-0.00863,76.0 -68.311289,-0.008732,78.1 -68.311123,-0.008826,77.7 -68.310922,-0.008912,77.8 -68.309955,-0.009298,77.0 -68.308998,-0.009628,77.1 -68.308176,-0.009872,78.0 -68.307626,-0.010018,78.1 -68.307138,-0.010116,78.7 -68.306246,-0.010352,77.2 -68.305622,-0.010493,77.0 -68.303894,-0.010828,76.9 -68.303338,-0.010961,77.0 -68.302842,-0.011046,77.4 -68.302338,-0.011103,77.4 -68.301278,-0.011193,77.7 -68.300496,-0.011218,78.9 -68.299081,-0.011337,78.3 -68.298661,-0.011364,78.0 -68.298451,-0.011371,78.3 -68.297761,-0.011367,78.2 -68.296293,-0.011398,76.8 -68.295324,-0.011369,77.8 -68.294208,-0.011386,77.0 -68.293049,-0.011329,78.3 -68.29263,-0.011325,78.9 -68.291602,-0.011369,79.1 -68.291123,-0.01138,79.2 -68.289823,-0.01145,79.4 -68.28968,-0.011447,79.4 -68.288718,-0.011509,77.8 -68.286722,-0.011678,77.2 -68.286036,-0.011752,77.6 -68.285079,-0.01188,75.7 -68.284603,-0.011967,76.6 -68.283249,-0.012288,77.2 -68.282494,-0.012455,76.5 -68.282422,-0.012464,76.7 -68.282364,-0.012528,76.4 -68.282286,-0.012513,76.4 -68.281943,-0.012587,76.8 -68.281182,-0.012769,77.8 -68.280844,-0.012867,77.5 -68.279868,-0.013119,78.3 -68.279446,-0.013208,77.9 -68.278442,-0.013384,77.5 -68.277433,-0.013513,77.5 -68.276779,-0.013547,76.8 -68.276191,-0.013545,77.7 -68.275394,-0.013509,77.7 -68.274818,-0.013468,77.9 -68.273448,-0.013338,78.1 -68.272661,-0.013234,77.9 -68.270825,-0.012964,77.0 -68.269557,-0.012723,77.0 -68.268784,-0.012543,77.0 -68.268091,-0.012329,76.6 -68.267683,-0.01218,76.4 -68.266545,-0.011726,76.1 -68.265764,-0.011377,75.7 -68.26538,-0.011189,76.0 -68.265002,-0.01099,75.7 -68.264377,-0.010632,76.2 -68.263516,-0.010116,76.3 -68.262674,-0.009565,76.1 -68.262024,-0.009111,76.0 -68.261338,-0.008582,76.5 -68.260573,-0.007916,76.6 -68.260294,-0.007686,76.3 -68.259238,-0.006706,75.8 -68.258724,-0.006185,76.6 -68.257895,-0.005278,75.9 -68.257384,-0.004684,75.9 -68.256688,-0.003849,77.4 -68.256251,-0.003266,77.2 -68.255681,-0.002453,76.3 -68.255509,-0.002236,75.6 -68.255192,-0.001876,75.3 -68.254489,-0.001019,75.6 -68.254236,-0.000687,75.7 -68.253849,-0.000113,75.5 -68.253174,0.000937,75.3 -68.252682,0.001776,74.6 -68.252233,0.00249,75.7 -68.251525,0.003548,75.4 -68.25124,0.003948,75.2 -68.250773,0.004568,75.7 -68.249734,0.005813,74.4 -68.249068,0.006638,75.8 -68.248126,0.007695,75.8 -68.248087,0.007753,76.0 -68.247762,0.008131,75.9 -68.247555,0.008345,77.0 -68.247517,0.008396,76.4 -68.247455,0.008446,76.2 -68.247379,0.008553,76.4 -68.247284,0.008651,75.4 -68.247102,0.008869,75.6 -68.247007,0.008957,75.3 -68.246818,0.009176,76.2 -68.246749,0.009231,75.2 -68.246674,0.009331,75.9 -68.246151,0.009902,75.7 -68.245975,0.010125,76.0 -68.24541,0.010757,75.8 -68.245135,0.011087,76.4 -68.244333,0.012,76.3 -68.243716,0.012686,76.1 -68.243674,0.012751,76.3 -68.242433,0.014029,76.2 -68.242241,0.014243,76.2 -68.242203,0.014304,76.0 -68.24196,0.014567,75.4 -68.241321,0.015225,75.7 -68.241061,0.015464,75.1 -68.240796,0.015689,76.0 -68.240215,0.01606,75.3 -68.240151,0.016084,75.7 -68.240032,0.016151,76.6 -68.239972,0.016172,75.8 -68.239795,0.01629,76.4 -68.239754,0.016331,75.6 -68.239628,0.016406,76.5 -68.239198,0.016774,76.9 -68.239147,0.016831,79.4 -68.238988,0.016968,77.3 -68.238842,0.017126,77.8 -68.238625,0.017317,77.0 -68.238374,0.017564,76.4 -68.237732,0.018147,75.5 -68.237136,0.018681,74.6 -68.23697,0.018807,74.7 -68.235996,0.019634,76.4 -68.235368,0.020217,76.2 -68.235043,0.0205,76.5 -68.234528,0.020988,75.8 -68.233672,0.02176,76.1 -68.232443,0.022836,76.4 -68.231355,0.023712,76.0 -68.230545,0.024392,75.4 -68.229774,0.025004,75.3 -68.229451,0.02528,75.1 -68.229242,0.025477,75.1 -68.228647,0.026092,75.2 -68.228181,0.026527,75.7 -68.227384,0.02723,75.5 -68.226718,0.027772,75.8 -68.226006,0.028376,76.2 -68.225583,0.028765,75.4 -68.225465,0.028856,76.0 -68.225206,0.029095,75.8 -68.225151,0.029136,75.8 -68.225097,0.029187,76.1 -68.225052,0.029247,78.9 -68.224936,0.029336,77.3 -68.22408,0.03011,76.2 -68.223479,0.030633,75.4 -68.222415,0.031484,73.6 -68.222084,0.031767,73.1 -68.2215,0.03231,73.2 -68.220907,0.03283,73.0 -68.220688,0.03301,72.8 -68.219668,0.033795,72.9 -68.219615,0.033847,72.9 -68.219552,0.033886,73.0 -68.218813,0.034454,74.5 -68.217811,0.035141,75.2 -68.217349,0.035482,75.3 -68.217069,0.035705,75.4 -68.216835,0.035865,75.9 -68.2157,0.036606,75.7 -68.215419,0.036809,75.6 -68.213754,0.037794,76.7 -68.212714,0.038436,76.7 -68.2124,0.038599,76.5 -68.211686,0.038914,75.9 -68.211355,0.039044,75.8 -68.210606,0.039273,76.4 -68.210189,0.039371,76.5 -68.210051,0.039395,76.4 -68.209139,0.039506,76.0 -68.208787,0.03953,75.8 -68.208073,0.039556,75.2 -68.205881,0.039534,74.1 -68.205601,0.039513,74.1 -68.205174,0.039464,74.6 -68.204261,0.03941,73.8 -68.202944,0.039286,75.3 -68.202781,0.039285,73.9 -68.202381,0.039247,74.7 -68.201894,0.039216,75.5 -68.201824,0.039213,75.1 -68.201757,0.039223,75.0 -68.201687,0.039209,74.9 -68.200772,0.039144,75.0 -68.199993,0.039118,75.2 -68.19943,0.039114,75.4 -68.199294,0.039119,75.4 -68.199249,0.039137,76.0 -68.199163,0.039129,75.8 -68.197628,0.039143,75.5 -68.197207,0.039133,75.6 -68.197157,0.039148,73.4 -68.196929,0.039135,74.9 -68.196649,0.039148,75.6 -68.195889,0.039231,75.1 -68.195398,0.039235,74.9 -68.194474,0.03926,76.1 -68.194412,0.039253,75.1 -68.194349,0.039268,75.6 -68.193869,0.039274,74.6 -68.192485,0.039326,73.8 -68.192407,0.039344,73.9 -68.192275,0.039342,73.6 -68.191786,0.039383,73.0 -68.191365,0.039397,73.7 -68.191213,0.039413,73.5 -68.190729,0.039408,73.7 -68.19011,0.039434,73.8 -68.190046,0.039448,74.3 -68.189828,0.039435,75.2 -68.189755,0.039447,75.8 -68.189422,0.039454,75.0 -68.188349,0.039542,73.9 -68.187367,0.039589,72.9 -68.185689,0.039747,75.4 -68.185617,0.039767,74.6 -68.185538,0.039767,74.1 -68.184776,0.039848,74.0 -68.184636,0.039845,73.7 -68.184422,0.039875,73.7 -68.184078,0.039886,74.5 -68.183316,0.039958,74.6 -68.182827,0.039992,74.6 -68.182784,0.040008,75.1 -68.181708,0.040066,74.0 -68.181426,0.040078,74.6 -68.181352,0.040072,75.1 -68.181282,0.040082,74.9 -68.180645,0.040103,75.2 -68.180153,0.04015,75.7 -68.178993,0.040213,75.4 -68.178464,0.040264,75.7 -68.178204,0.040275,75.7 -68.177678,0.040271,75.4 -68.177539,0.040282,74.4 -68.177481,0.040269,74.3 -68.177224,0.040267,74.3 -68.176168,0.040202,74.0 -68.176105,0.040189,73.5 -68.175903,0.040188,74.2 -68.175767,0.040173,73.9 -68.175038,0.040166,74.0 -68.174902,0.040151,73.5 -68.174784,0.040156,73.8 -68.174131,0.040134,73.4 -68.173656,0.040037,72.0 -68.17359,0.040003,72.0 -68.173557,0.039973,75.0 -68.173536,0.039925,78.0 -68.173491,0.039944,73.0 -68.173455,0.039914,76.0 -68.173263,0.039809,78.0 -68.173239,0.03978,79.4 -68.173188,0.03976,76.0 -68.173129,0.039799,80.0 -68.17306,0.039782,81.0 -68.173023,0.039783,84.0 -68.172953,0.039814,84.0 -68.172883,0.039823,84.0 -68.17281,0.039811,86.0 -68.172735,0.039829,84.0 -68.172629,0.039832,84.0 -68.172458,0.039795,84.0 -68.172395,0.039759,84.0 -68.172313,0.03975,84.0 -68.172322,0.039802,88.8</coordinates>
                </LineString>
            </MultiGeometry>
        </Placemark>
        <Placemark id="21">
            <name>Machaerium parada xixi praia margem esquerda</name>
            <description/>
            <styleUrl>#22</styleUrl>
            <Point id="20">
                <coordinates>-69.47021,0.2136,100</coordinates>
            </Point>
        </Placemark>
        <Placemark id="26">
            <name>Pirarara poço</name>
            <description/>
            <styleUrl>#27</styleUrl>
            <Point id="25">
                <coordinates>-69.21406,0.14387,100</coordinates>
            </Point>
        </Placemark>
        <Placemark id="31">
            <name>Minha Foto - 04/08/2026, 18:42:38</name>
            <description/>
            <styleUrl>#32</styleUrl>
            <Point id="30">
                <coordinates>-68.20098472164396,0.039156655499131894,75</coordinates>
            </Point>
        </Placemark>
    </Document>
</kml>
